nct_id,study_title,arm,device,outcome_title,outcome_description,time_frame,value,unit,n_analysed,result_type,category,durability_related,retrieved_at
NCT01757665,"ProspeCtive, nOn-randoMized, MulticENter Clinical Evaluation of Edwards Pericardial Bioprostheses With a New Tissue Treatment Platform (COMMENCE)","Edwards Pericardial Bioprosthesis, Models 11000A & 11000M",COMMENCE (Inspiris RESILIA),Subjects With Structural Valve Deterioration,"The rate of implanted subjects that experience structural valve deterioration (SVD) of the trial valve by the time of the post operative day (POD) 390 follow-up visit. Structural valve deterioration includes dysfunction or deterioration intrinsic to the valve. Examples of SVD includes complications such as wear, fracture, calcification, leaflet tear.",1 Year Post Implant,1,Participants,716,COUNT_OF_PARTICIPANTS,,True,2026-09-16T12:17:58Z
NCT01757665,"ProspeCtive, nOn-randoMized, MulticENter Clinical Evaluation of Edwards Pericardial Bioprostheses With a New Tissue Treatment Platform (COMMENCE)","Edwards Pericardial Aortic Bioprosthesis, Model 11000A - 19mm",COMMENCE (Inspiris RESILIA),Subject's Average Mean Gradient Measurements - 11000A,Mean gradient is the average flow of blood through the aortic valve measured in millimeters of mercury. Gradients are evaluated by echocardiography over time. Mean gradient values depend on the size and type of valve.,"3 Months, 1 Year, and 2 Year Post Implant",13.8,mmHg,22,MEAN,,True,2026-09-16T12:17:58Z
NCT01757665,"ProspeCtive, nOn-randoMized, MulticENter Clinical Evaluation of Edwards Pericardial Bioprostheses With a New Tissue Treatment Platform (COMMENCE)","Edwards Pericardial Aortic Bioprosthesis, Model 11000A - 21mm",COMMENCE (Inspiris RESILIA),Subject's Average Mean Gradient Measurements - 11000A,Mean gradient is the average flow of blood through the aortic valve measured in millimeters of mercury. Gradients are evaluated by echocardiography over time. Mean gradient values depend on the size and type of valve.,"3 Months, 1 Year, and 2 Year Post Implant",10.7,mmHg,131,MEAN,,True,2026-09-16T12:17:58Z
NCT01757665,"ProspeCtive, nOn-randoMized, MulticENter Clinical Evaluation of Edwards Pericardial Bioprostheses With a New Tissue Treatment Platform (COMMENCE)","Edwards Pericardial Aortic Bioprosthesis, Model 11000A - 23mm",COMMENCE (Inspiris RESILIA),Subject's Average Mean Gradient Measurements - 11000A,Mean gradient is the average flow of blood through the aortic valve measured in millimeters of mercury. Gradients are evaluated by echocardiography over time. Mean gradient values depend on the size and type of valve.,"3 Months, 1 Year, and 2 Year Post Implant",9.4,mmHg,214,MEAN,,True,2026-09-16T12:17:58Z
NCT01757665,"ProspeCtive, nOn-randoMized, MulticENter Clinical Evaluation of Edwards Pericardial Bioprostheses With a New Tissue Treatment Platform (COMMENCE)","Edwards Pericardial Aortic Bioprosthesis, Model 11000A - 25mm",COMMENCE (Inspiris RESILIA),Subject's Average Mean Gradient Measurements - 11000A,Mean gradient is the average flow of blood through the aortic valve measured in millimeters of mercury. Gradients are evaluated by echocardiography over time. Mean gradient values depend on the size and type of valve.,"3 Months, 1 Year, and 2 Year Post Implant",8.7,mmHg,202,MEAN,,True,2026-09-16T12:17:58Z
NCT01757665,"ProspeCtive, nOn-randoMized, MulticENter Clinical Evaluation of Edwards Pericardial Bioprostheses With a New Tissue Treatment Platform (COMMENCE)","Edwards Pericardial Aortic Bioprosthesis, Model 11000A - 27mm",COMMENCE (Inspiris RESILIA),Subject's Average Mean Gradient Measurements - 11000A,Mean gradient is the average flow of blood through the aortic valve measured in millimeters of mercury. Gradients are evaluated by echocardiography over time. Mean gradient values depend on the size and type of valve.,"3 Months, 1 Year, and 2 Year Post Implant",6.8,mmHg,100,MEAN,,True,2026-09-16T12:17:58Z
NCT01757665,"ProspeCtive, nOn-randoMized, MulticENter Clinical Evaluation of Edwards Pericardial Bioprostheses With a New Tissue Treatment Platform (COMMENCE)","Edwards Pericardial Aortic Bioprosthesis, Model 11000A - 29mm",COMMENCE (Inspiris RESILIA),Subject's Average Mean Gradient Measurements - 11000A,Mean gradient is the average flow of blood through the aortic valve measured in millimeters of mercury. Gradients are evaluated by echocardiography over time. Mean gradient values depend on the size and type of valve.,"3 Months, 1 Year, and 2 Year Post Implant",4.7,mmHg,20,MEAN,,True,2026-09-16T12:17:58Z
NCT01757665,"ProspeCtive, nOn-randoMized, MulticENter Clinical Evaluation of Edwards Pericardial Bioprostheses With a New Tissue Treatment Platform (COMMENCE)","Edwards Pericardial Aortic Bioprosthesis, Model 11000A - Total",COMMENCE (Inspiris RESILIA),Subject's Average Mean Gradient Measurements - 11000A,Mean gradient is the average flow of blood through the aortic valve measured in millimeters of mercury. Gradients are evaluated by echocardiography over time. Mean gradient values depend on the size and type of valve.,"3 Months, 1 Year, and 2 Year Post Implant",9.1,mmHg,689,MEAN,,True,2026-09-16T12:17:58Z
NCT01757665,"ProspeCtive, nOn-randoMized, MulticENter Clinical Evaluation of Edwards Pericardial Bioprostheses With a New Tissue Treatment Platform (COMMENCE)","Edwards Pericardial Aortic Bioprosthesis, Model 11000A - 19mm",COMMENCE (Inspiris RESILIA),Subject's Average Mean Gradient Measurements - 11000A,Mean gradient is the average flow of blood through the aortic valve measured in millimeters of mercury. Gradients are evaluated by echocardiography over time. Mean gradient values depend on the size and type of valve.,"3 Months, 1 Year, and 2 Year Post Implant",17.6,mmHg,22,MEAN,,True,2026-09-16T12:17:58Z
NCT01757665,"ProspeCtive, nOn-randoMized, MulticENter Clinical Evaluation of Edwards Pericardial Bioprostheses With a New Tissue Treatment Platform (COMMENCE)","Edwards Pericardial Aortic Bioprosthesis, Model 11000A - 21mm",COMMENCE (Inspiris RESILIA),Subject's Average Mean Gradient Measurements - 11000A,Mean gradient is the average flow of blood through the aortic valve measured in millimeters of mercury. Gradients are evaluated by echocardiography over time. Mean gradient values depend on the size and type of valve.,"3 Months, 1 Year, and 2 Year Post Implant",12.6,mmHg,131,MEAN,,True,2026-09-16T12:17:58Z
NCT01757665,"ProspeCtive, nOn-randoMized, MulticENter Clinical Evaluation of Edwards Pericardial Bioprostheses With a New Tissue Treatment Platform (COMMENCE)","Edwards Pericardial Aortic Bioprosthesis, Model 11000A - 23mm",COMMENCE (Inspiris RESILIA),Subject's Average Mean Gradient Measurements - 11000A,Mean gradient is the average flow of blood through the aortic valve measured in millimeters of mercury. Gradients are evaluated by echocardiography over time. Mean gradient values depend on the size and type of valve.,"3 Months, 1 Year, and 2 Year Post Implant",10.1,mmHg,214,MEAN,,True,2026-09-16T12:17:58Z
NCT01757665,"ProspeCtive, nOn-randoMized, MulticENter Clinical Evaluation of Edwards Pericardial Bioprostheses With a New Tissue Treatment Platform (COMMENCE)","Edwards Pericardial Aortic Bioprosthesis, Model 11000A - 25mm",COMMENCE (Inspiris RESILIA),Subject's Average Mean Gradient Measurements - 11000A,Mean gradient is the average flow of blood through the aortic valve measured in millimeters of mercury. Gradients are evaluated by echocardiography over time. Mean gradient values depend on the size and type of valve.,"3 Months, 1 Year, and 2 Year Post Implant",9.6,mmHg,202,MEAN,,True,2026-09-16T12:17:58Z
NCT01757665,"ProspeCtive, nOn-randoMized, MulticENter Clinical Evaluation of Edwards Pericardial Bioprostheses With a New Tissue Treatment Platform (COMMENCE)","Edwards Pericardial Aortic Bioprosthesis, Model 11000A - 27mm",COMMENCE (Inspiris RESILIA),Subject's Average Mean Gradient Measurements - 11000A,Mean gradient is the average flow of blood through the aortic valve measured in millimeters of mercury. Gradients are evaluated by echocardiography over time. Mean gradient values depend on the size and type of valve.,"3 Months, 1 Year, and 2 Year Post Implant",8.2,mmHg,100,MEAN,,True,2026-09-16T12:17:58Z
NCT01757665,"ProspeCtive, nOn-randoMized, MulticENter Clinical Evaluation of Edwards Pericardial Bioprostheses With a New Tissue Treatment Platform (COMMENCE)","Edwards Pericardial Aortic Bioprosthesis, Model 11000A - Total",COMMENCE (Inspiris RESILIA),Subject's Average Mean Gradient Measurements - 11000A,Mean gradient is the average flow of blood through the aortic valve measured in millimeters of mercury. Gradients are evaluated by echocardiography over time. Mean gradient values depend on the size and type of valve.,"3 Months, 1 Year, and 2 Year Post Implant",10.4,mmHg,689,MEAN,,True,2026-09-16T12:17:58Z
NCT01757665,"ProspeCtive, nOn-randoMized, MulticENter Clinical Evaluation of Edwards Pericardial Bioprostheses With a New Tissue Treatment Platform (COMMENCE)","Edwards Pericardial Aortic Bioprosthesis, Model 11000A - 19mm",COMMENCE (Inspiris RESILIA),Subject's Average Mean Gradient Measurements - 11000A,Mean gradient is the average flow of blood through the aortic valve measured in millimeters of mercury. Gradients are evaluated by echocardiography over time. Mean gradient values depend on the size and type of valve.,"3 Months, 1 Year, and 2 Year Post Implant",16.1,mmHg,22,MEAN,,True,2026-09-16T12:17:58Z
NCT01757665,"ProspeCtive, nOn-randoMized, MulticENter Clinical Evaluation of Edwards Pericardial Bioprostheses With a New Tissue Treatment Platform (COMMENCE)","Edwards Pericardial Aortic Bioprosthesis, Model 11000A - 21mm",COMMENCE (Inspiris RESILIA),Subject's Average Mean Gradient Measurements - 11000A,Mean gradient is the average flow of blood through the aortic valve measured in millimeters of mercury. Gradients are evaluated by echocardiography over time. Mean gradient values depend on the size and type of valve.,"3 Months, 1 Year, and 2 Year Post Implant",11.2,mmHg,131,MEAN,,True,2026-09-16T12:17:58Z
NCT01757665,"ProspeCtive, nOn-randoMized, MulticENter Clinical Evaluation of Edwards Pericardial Bioprostheses With a New Tissue Treatment Platform (COMMENCE)","Edwards Pericardial Aortic Bioprosthesis, Model 11000A - 23mm",COMMENCE (Inspiris RESILIA),Subject's Average Mean Gradient Measurements - 11000A,Mean gradient is the average flow of blood through the aortic valve measured in millimeters of mercury. Gradients are evaluated by echocardiography over time. Mean gradient values depend on the size and type of valve.,"3 Months, 1 Year, and 2 Year Post Implant",9.9,mmHg,214,MEAN,,True,2026-09-16T12:17:58Z
NCT01757665,"ProspeCtive, nOn-randoMized, MulticENter Clinical Evaluation of Edwards Pericardial Bioprostheses With a New Tissue Treatment Platform (COMMENCE)","Edwards Pericardial Aortic Bioprosthesis, Model 11000A - 25mm",COMMENCE (Inspiris RESILIA),Subject's Average Mean Gradient Measurements - 11000A,Mean gradient is the average flow of blood through the aortic valve measured in millimeters of mercury. Gradients are evaluated by echocardiography over time. Mean gradient values depend on the size and type of valve.,"3 Months, 1 Year, and 2 Year Post Implant",9.2,mmHg,202,MEAN,,True,2026-09-16T12:17:58Z
NCT01757665,"ProspeCtive, nOn-randoMized, MulticENter Clinical Evaluation of Edwards Pericardial Bioprostheses With a New Tissue Treatment Platform (COMMENCE)","Edwards Pericardial Aortic Bioprosthesis, Model 11000A - 27mm",COMMENCE (Inspiris RESILIA),Subject's Average Mean Gradient Measurements - 11000A,Mean gradient is the average flow of blood through the aortic valve measured in millimeters of mercury. Gradients are evaluated by echocardiography over time. Mean gradient values depend on the size and type of valve.,"3 Months, 1 Year, and 2 Year Post Implant",8.3,mmHg,100,MEAN,,True,2026-09-16T12:17:58Z
NCT01757665,"ProspeCtive, nOn-randoMized, MulticENter Clinical Evaluation of Edwards Pericardial Bioprostheses With a New Tissue Treatment Platform (COMMENCE)","Edwards Pericardial Aortic Bioprosthesis, Model 11000A - Total",COMMENCE (Inspiris RESILIA),Subject's Average Mean Gradient Measurements - 11000A,Mean gradient is the average flow of blood through the aortic valve measured in millimeters of mercury. Gradients are evaluated by echocardiography over time. Mean gradient values depend on the size and type of valve.,"3 Months, 1 Year, and 2 Year Post Implant",10.1,mmHg,689,MEAN,,True,2026-09-16T12:17:58Z
NCT01757665,"ProspeCtive, nOn-randoMized, MulticENter Clinical Evaluation of Edwards Pericardial Bioprostheses With a New Tissue Treatment Platform (COMMENCE)","Edwards Pericardial Mitral Bioprosthesis, Model 11000M - 25mm",COMMENCE (Inspiris RESILIA),Subject's Average Mean Gradient Measurements - 11000M,Mean gradient is the average flow of blood through the mitral valve measured in millimeters of mercury. Gradients are evaluated by echocardiography over time. Mean gradient values depend on the size and type of valve.,"3 Months, 1 Year, and 2 Years Post Implant",5.6,mmHg,6,MEAN,,True,2026-09-16T12:17:58Z
NCT01757665,"ProspeCtive, nOn-randoMized, MulticENter Clinical Evaluation of Edwards Pericardial Bioprostheses With a New Tissue Treatment Platform (COMMENCE)","Edwards Pericardial Mitral Bioprosthesis, Model 11000M - 27mm",COMMENCE (Inspiris RESILIA),Subject's Average Mean Gradient Measurements - 11000M,Mean gradient is the average flow of blood through the mitral valve measured in millimeters of mercury. Gradients are evaluated by echocardiography over time. Mean gradient values depend on the size and type of valve.,"3 Months, 1 Year, and 2 Years Post Implant",4.1,mmHg,29,MEAN,,True,2026-09-16T12:17:58Z
NCT01757665,"ProspeCtive, nOn-randoMized, MulticENter Clinical Evaluation of Edwards Pericardial Bioprostheses With a New Tissue Treatment Platform (COMMENCE)","Edwards Pericardial Mitral Bioprosthesis, Model 11000M - 29mm",COMMENCE (Inspiris RESILIA),Subject's Average Mean Gradient Measurements - 11000M,Mean gradient is the average flow of blood through the mitral valve measured in millimeters of mercury. Gradients are evaluated by echocardiography over time. Mean gradient values depend on the size and type of valve.,"3 Months, 1 Year, and 2 Years Post Implant",4.0,mmHg,25,MEAN,,True,2026-09-16T12:17:58Z
NCT01757665,"ProspeCtive, nOn-randoMized, MulticENter Clinical Evaluation of Edwards Pericardial Bioprostheses With a New Tissue Treatment Platform (COMMENCE)","Edwards Pericardial Mitral Bioprosthesis, Model 11000M - 31mm",COMMENCE (Inspiris RESILIA),Subject's Average Mean Gradient Measurements - 11000M,Mean gradient is the average flow of blood through the mitral valve measured in millimeters of mercury. Gradients are evaluated by echocardiography over time. Mean gradient values depend on the size and type of valve.,"3 Months, 1 Year, and 2 Years Post Implant",3.4,mmHg,16,MEAN,,True,2026-09-16T12:17:58Z
NCT01757665,"ProspeCtive, nOn-randoMized, MulticENter Clinical Evaluation of Edwards Pericardial Bioprostheses With a New Tissue Treatment Platform (COMMENCE)","Edwards Pericardial Mitral Bioprosthesis, Model 11000M - 33mm",COMMENCE (Inspiris RESILIA),Subject's Average Mean Gradient Measurements - 11000M,Mean gradient is the average flow of blood through the mitral valve measured in millimeters of mercury. Gradients are evaluated by echocardiography over time. Mean gradient values depend on the size and type of valve.,"3 Months, 1 Year, and 2 Years Post Implant",3.3,mmHg,6,MEAN,,True,2026-09-16T12:17:58Z
NCT01757665,"ProspeCtive, nOn-randoMized, MulticENter Clinical Evaluation of Edwards Pericardial Bioprostheses With a New Tissue Treatment Platform (COMMENCE)","Edwards Pericardial Mitral Bioprosthesis, Model 11000M - Total",COMMENCE (Inspiris RESILIA),Subject's Average Mean Gradient Measurements - 11000M,Mean gradient is the average flow of blood through the mitral valve measured in millimeters of mercury. Gradients are evaluated by echocardiography over time. Mean gradient values depend on the size and type of valve.,"3 Months, 1 Year, and 2 Years Post Implant",4.0,mmHg,82,MEAN,,True,2026-09-16T12:17:58Z
NCT01757665,"ProspeCtive, nOn-randoMized, MulticENter Clinical Evaluation of Edwards Pericardial Bioprostheses With a New Tissue Treatment Platform (COMMENCE)","Edwards Pericardial Mitral Bioprosthesis, Model 11000M - 25mm",COMMENCE (Inspiris RESILIA),Subject's Average Mean Gradient Measurements - 11000M,Mean gradient is the average flow of blood through the mitral valve measured in millimeters of mercury. Gradients are evaluated by echocardiography over time. Mean gradient values depend on the size and type of valve.,"3 Months, 1 Year, and 2 Years Post Implant",4.9,mmHg,6,MEAN,,True,2026-09-16T12:17:58Z
NCT01757665,"ProspeCtive, nOn-randoMized, MulticENter Clinical Evaluation of Edwards Pericardial Bioprostheses With a New Tissue Treatment Platform (COMMENCE)","Edwards Pericardial Mitral Bioprosthesis, Model 11000M - 27mm",COMMENCE (Inspiris RESILIA),Subject's Average Mean Gradient Measurements - 11000M,Mean gradient is the average flow of blood through the mitral valve measured in millimeters of mercury. Gradients are evaluated by echocardiography over time. Mean gradient values depend on the size and type of valve.,"3 Months, 1 Year, and 2 Years Post Implant",4.1,mmHg,29,MEAN,,True,2026-09-16T12:17:58Z
NCT01757665,"ProspeCtive, nOn-randoMized, MulticENter Clinical Evaluation of Edwards Pericardial Bioprostheses With a New Tissue Treatment Platform (COMMENCE)","Edwards Pericardial Mitral Bioprosthesis, Model 11000M - 29mm",COMMENCE (Inspiris RESILIA),Subject's Average Mean Gradient Measurements - 11000M,Mean gradient is the average flow of blood through the mitral valve measured in millimeters of mercury. Gradients are evaluated by echocardiography over time. Mean gradient values depend on the size and type of valve.,"3 Months, 1 Year, and 2 Years Post Implant",4.1,mmHg,25,MEAN,,True,2026-09-16T12:17:58Z
NCT01757665,"ProspeCtive, nOn-randoMized, MulticENter Clinical Evaluation of Edwards Pericardial Bioprostheses With a New Tissue Treatment Platform (COMMENCE)","Edwards Pericardial Mitral Bioprosthesis, Model 11000M - 31mm",COMMENCE (Inspiris RESILIA),Subject's Average Mean Gradient Measurements - 11000M,Mean gradient is the average flow of blood through the mitral valve measured in millimeters of mercury. Gradients are evaluated by echocardiography over time. Mean gradient values depend on the size and type of valve.,"3 Months, 1 Year, and 2 Years Post Implant",3.9,mmHg,16,MEAN,,True,2026-09-16T12:17:58Z
NCT01757665,"ProspeCtive, nOn-randoMized, MulticENter Clinical Evaluation of Edwards Pericardial Bioprostheses With a New Tissue Treatment Platform (COMMENCE)","Edwards Pericardial Mitral Bioprosthesis, Model 11000M - 33mm",COMMENCE (Inspiris RESILIA),Subject's Average Mean Gradient Measurements - 11000M,Mean gradient is the average flow of blood through the mitral valve measured in millimeters of mercury. Gradients are evaluated by echocardiography over time. Mean gradient values depend on the size and type of valve.,"3 Months, 1 Year, and 2 Years Post Implant",3.3,mmHg,6,MEAN,,True,2026-09-16T12:17:58Z
NCT01757665,"ProspeCtive, nOn-randoMized, MulticENter Clinical Evaluation of Edwards Pericardial Bioprostheses With a New Tissue Treatment Platform (COMMENCE)","Edwards Pericardial Mitral Bioprosthesis, Model 11000M - Total",COMMENCE (Inspiris RESILIA),Subject's Average Mean Gradient Measurements - 11000M,Mean gradient is the average flow of blood through the mitral valve measured in millimeters of mercury. Gradients are evaluated by echocardiography over time. Mean gradient values depend on the size and type of valve.,"3 Months, 1 Year, and 2 Years Post Implant",4.0,mmHg,82,MEAN,,True,2026-09-16T12:17:58Z
NCT01757665,"ProspeCtive, nOn-randoMized, MulticENter Clinical Evaluation of Edwards Pericardial Bioprostheses With a New Tissue Treatment Platform (COMMENCE)","Edwards Pericardial Mitral Bioprosthesis, Model 11000M - 27mm",COMMENCE (Inspiris RESILIA),Subject's Average Mean Gradient Measurements - 11000M,Mean gradient is the average flow of blood through the mitral valve measured in millimeters of mercury. Gradients are evaluated by echocardiography over time. Mean gradient values depend on the size and type of valve.,"3 Months, 1 Year, and 2 Years Post Implant",3.9,mmHg,29,MEAN,,True,2026-09-16T12:17:58Z
NCT01757665,"ProspeCtive, nOn-randoMized, MulticENter Clinical Evaluation of Edwards Pericardial Bioprostheses With a New Tissue Treatment Platform (COMMENCE)","Edwards Pericardial Mitral Bioprosthesis, Model 11000M - 29mm",COMMENCE (Inspiris RESILIA),Subject's Average Mean Gradient Measurements - 11000M,Mean gradient is the average flow of blood through the mitral valve measured in millimeters of mercury. Gradients are evaluated by echocardiography over time. Mean gradient values depend on the size and type of valve.,"3 Months, 1 Year, and 2 Years Post Implant",3.8,mmHg,25,MEAN,,True,2026-09-16T12:17:58Z
NCT01757665,"ProspeCtive, nOn-randoMized, MulticENter Clinical Evaluation of Edwards Pericardial Bioprostheses With a New Tissue Treatment Platform (COMMENCE)","Edwards Pericardial Mitral Bioprosthesis, Model 11000M - 31mm",COMMENCE (Inspiris RESILIA),Subject's Average Mean Gradient Measurements - 11000M,Mean gradient is the average flow of blood through the mitral valve measured in millimeters of mercury. Gradients are evaluated by echocardiography over time. Mean gradient values depend on the size and type of valve.,"3 Months, 1 Year, and 2 Years Post Implant",3.5,mmHg,16,MEAN,,True,2026-09-16T12:17:58Z
NCT01757665,"ProspeCtive, nOn-randoMized, MulticENter Clinical Evaluation of Edwards Pericardial Bioprostheses With a New Tissue Treatment Platform (COMMENCE)","Edwards Pericardial Mitral Bioprosthesis, Model 11000M - 33mm",COMMENCE (Inspiris RESILIA),Subject's Average Mean Gradient Measurements - 11000M,Mean gradient is the average flow of blood through the mitral valve measured in millimeters of mercury. Gradients are evaluated by echocardiography over time. Mean gradient values depend on the size and type of valve.,"3 Months, 1 Year, and 2 Years Post Implant",3.4,mmHg,6,MEAN,,True,2026-09-16T12:17:58Z
NCT01757665,"ProspeCtive, nOn-randoMized, MulticENter Clinical Evaluation of Edwards Pericardial Bioprostheses With a New Tissue Treatment Platform (COMMENCE)","Edwards Pericardial Mitral Bioprosthesis, Model 11000M - Total",COMMENCE (Inspiris RESILIA),Subject's Average Mean Gradient Measurements - 11000M,Mean gradient is the average flow of blood through the mitral valve measured in millimeters of mercury. Gradients are evaluated by echocardiography over time. Mean gradient values depend on the size and type of valve.,"3 Months, 1 Year, and 2 Years Post Implant",3.8,mmHg,82,MEAN,,True,2026-09-16T12:17:58Z
NCT01757665,"ProspeCtive, nOn-randoMized, MulticENter Clinical Evaluation of Edwards Pericardial Bioprostheses With a New Tissue Treatment Platform (COMMENCE)","Edwards Pericardial Aortic Bioprosthesis, Model 11000A - 19mm",COMMENCE (Inspiris RESILIA),Subject's Average Peak Gradients Measurements Over Time - 11000A,Peak gradient is the maximum value measured of flow of blood through the aortic valve as measured in millimeters of mercury. Gradients are evaluated by echocardiography over time.,"3 Months, 1 Year, and 2 Years Post Implant",27.5,mmHg,22,MEAN,,False,2026-09-16T12:17:58Z
NCT01757665,"ProspeCtive, nOn-randoMized, MulticENter Clinical Evaluation of Edwards Pericardial Bioprostheses With a New Tissue Treatment Platform (COMMENCE)","Edwards Pericardial Aortic Bioprosthesis, Model 11000A - 21mm",COMMENCE (Inspiris RESILIA),Subject's Average Peak Gradients Measurements Over Time - 11000A,Peak gradient is the maximum value measured of flow of blood through the aortic valve as measured in millimeters of mercury. Gradients are evaluated by echocardiography over time.,"3 Months, 1 Year, and 2 Years Post Implant",21.7,mmHg,131,MEAN,,False,2026-09-16T12:17:58Z
NCT01757665,"ProspeCtive, nOn-randoMized, MulticENter Clinical Evaluation of Edwards Pericardial Bioprostheses With a New Tissue Treatment Platform (COMMENCE)","Edwards Pericardial Aortic Bioprosthesis, Model 11000A - 23mm",COMMENCE (Inspiris RESILIA),Subject's Average Peak Gradients Measurements Over Time - 11000A,Peak gradient is the maximum value measured of flow of blood through the aortic valve as measured in millimeters of mercury. Gradients are evaluated by echocardiography over time.,"3 Months, 1 Year, and 2 Years Post Implant",18.8,mmHg,214,MEAN,,False,2026-09-16T12:17:58Z
NCT01757665,"ProspeCtive, nOn-randoMized, MulticENter Clinical Evaluation of Edwards Pericardial Bioprostheses With a New Tissue Treatment Platform (COMMENCE)","Edwards Pericardial Aortic Bioprosthesis, Model 11000A - 25mm",COMMENCE (Inspiris RESILIA),Subject's Average Peak Gradients Measurements Over Time - 11000A,Peak gradient is the maximum value measured of flow of blood through the aortic valve as measured in millimeters of mercury. Gradients are evaluated by echocardiography over time.,"3 Months, 1 Year, and 2 Years Post Implant",17.5,mmHg,202,MEAN,,False,2026-09-16T12:17:58Z
NCT01757665,"ProspeCtive, nOn-randoMized, MulticENter Clinical Evaluation of Edwards Pericardial Bioprostheses With a New Tissue Treatment Platform (COMMENCE)","Edwards Pericardial Aortic Bioprosthesis, Model 11000A - 27mm",COMMENCE (Inspiris RESILIA),Subject's Average Peak Gradients Measurements Over Time - 11000A,Peak gradient is the maximum value measured of flow of blood through the aortic valve as measured in millimeters of mercury. Gradients are evaluated by echocardiography over time.,"3 Months, 1 Year, and 2 Years Post Implant",13.8,mmHg,100,MEAN,,False,2026-09-16T12:17:58Z
NCT01757665,"ProspeCtive, nOn-randoMized, MulticENter Clinical Evaluation of Edwards Pericardial Bioprostheses With a New Tissue Treatment Platform (COMMENCE)","Edwards Pericardial Aortic Bioprosthesis, Model 11000A - 29mm",COMMENCE (Inspiris RESILIA),Subject's Average Peak Gradients Measurements Over Time - 11000A,Peak gradient is the maximum value measured of flow of blood through the aortic valve as measured in millimeters of mercury. Gradients are evaluated by echocardiography over time.,"3 Months, 1 Year, and 2 Years Post Implant",10.1,mmHg,20,MEAN,,False,2026-09-16T12:17:58Z
NCT01757665,"ProspeCtive, nOn-randoMized, MulticENter Clinical Evaluation of Edwards Pericardial Bioprostheses With a New Tissue Treatment Platform (COMMENCE)","Edwards Pericardial Aortic Bioprosthesis, Model 11000A - Total",COMMENCE (Inspiris RESILIA),Subject's Average Peak Gradients Measurements Over Time - 11000A,Peak gradient is the maximum value measured of flow of blood through the aortic valve as measured in millimeters of mercury. Gradients are evaluated by echocardiography over time.,"3 Months, 1 Year, and 2 Years Post Implant",18.4,mmHg,689,MEAN,,False,2026-09-16T12:17:58Z
NCT01757665,"ProspeCtive, nOn-randoMized, MulticENter Clinical Evaluation of Edwards Pericardial Bioprostheses With a New Tissue Treatment Platform (COMMENCE)","Edwards Pericardial Aortic Bioprosthesis, Model 11000A - 19mm",COMMENCE (Inspiris RESILIA),Subject's Average Peak Gradients Measurements Over Time - 11000A,Peak gradient is the maximum value measured of flow of blood through the aortic valve as measured in millimeters of mercury. Gradients are evaluated by echocardiography over time.,"3 Months, 1 Year, and 2 Years Post Implant",35.0,mmHg,22,MEAN,,False,2026-09-16T12:17:58Z
NCT01757665,"ProspeCtive, nOn-randoMized, MulticENter Clinical Evaluation of Edwards Pericardial Bioprostheses With a New Tissue Treatment Platform (COMMENCE)","Edwards Pericardial Aortic Bioprosthesis, Model 11000A - 21mm",COMMENCE (Inspiris RESILIA),Subject's Average Peak Gradients Measurements Over Time - 11000A,Peak gradient is the maximum value measured of flow of blood through the aortic valve as measured in millimeters of mercury. Gradients are evaluated by echocardiography over time.,"3 Months, 1 Year, and 2 Years Post Implant",25.2,mmHg,131,MEAN,,False,2026-09-16T12:17:58Z
NCT01757665,"ProspeCtive, nOn-randoMized, MulticENter Clinical Evaluation of Edwards Pericardial Bioprostheses With a New Tissue Treatment Platform (COMMENCE)","Edwards Pericardial Aortic Bioprosthesis, Model 11000A - 23mm",COMMENCE (Inspiris RESILIA),Subject's Average Peak Gradients Measurements Over Time - 11000A,Peak gradient is the maximum value measured of flow of blood through the aortic valve as measured in millimeters of mercury. Gradients are evaluated by echocardiography over time.,"3 Months, 1 Year, and 2 Years Post Implant",20.1,mmHg,214,MEAN,,False,2026-09-16T12:17:58Z
NCT01757665,"ProspeCtive, nOn-randoMized, MulticENter Clinical Evaluation of Edwards Pericardial Bioprostheses With a New Tissue Treatment Platform (COMMENCE)","Edwards Pericardial Aortic Bioprosthesis, Model 11000A - 25mm",COMMENCE (Inspiris RESILIA),Subject's Average Peak Gradients Measurements Over Time - 11000A,Peak gradient is the maximum value measured of flow of blood through the aortic valve as measured in millimeters of mercury. Gradients are evaluated by echocardiography over time.,"3 Months, 1 Year, and 2 Years Post Implant",19.2,mmHg,202,MEAN,,False,2026-09-16T12:17:58Z
NCT01757665,"ProspeCtive, nOn-randoMized, MulticENter Clinical Evaluation of Edwards Pericardial Bioprostheses With a New Tissue Treatment Platform (COMMENCE)","Edwards Pericardial Aortic Bioprosthesis, Model 11000A - 27mm",COMMENCE (Inspiris RESILIA),Subject's Average Peak Gradients Measurements Over Time - 11000A,Peak gradient is the maximum value measured of flow of blood through the aortic valve as measured in millimeters of mercury. Gradients are evaluated by echocardiography over time.,"3 Months, 1 Year, and 2 Years Post Implant",16.7,mmHg,100,MEAN,,False,2026-09-16T12:17:58Z
NCT01757665,"ProspeCtive, nOn-randoMized, MulticENter Clinical Evaluation of Edwards Pericardial Bioprostheses With a New Tissue Treatment Platform (COMMENCE)","Edwards Pericardial Aortic Bioprosthesis, Model 11000A - Total",COMMENCE (Inspiris RESILIA),Subject's Average Peak Gradients Measurements Over Time - 11000A,Peak gradient is the maximum value measured of flow of blood through the aortic valve as measured in millimeters of mercury. Gradients are evaluated by echocardiography over time.,"3 Months, 1 Year, and 2 Years Post Implant",20.9,mmHg,689,MEAN,,False,2026-09-16T12:17:58Z
NCT01757665,"ProspeCtive, nOn-randoMized, MulticENter Clinical Evaluation of Edwards Pericardial Bioprostheses With a New Tissue Treatment Platform (COMMENCE)","Edwards Pericardial Aortic Bioprosthesis, Model 11000A - 19mm",COMMENCE (Inspiris RESILIA),Subject's Average Peak Gradients Measurements Over Time - 11000A,Peak gradient is the maximum value measured of flow of blood through the aortic valve as measured in millimeters of mercury. Gradients are evaluated by echocardiography over time.,"3 Months, 1 Year, and 2 Years Post Implant",31.7,mmHg,22,MEAN,,False,2026-09-16T12:17:58Z
NCT01757665,"ProspeCtive, nOn-randoMized, MulticENter Clinical Evaluation of Edwards Pericardial Bioprostheses With a New Tissue Treatment Platform (COMMENCE)","Edwards Pericardial Aortic Bioprosthesis, Model 11000A - 21mm",COMMENCE (Inspiris RESILIA),Subject's Average Peak Gradients Measurements Over Time - 11000A,Peak gradient is the maximum value measured of flow of blood through the aortic valve as measured in millimeters of mercury. Gradients are evaluated by echocardiography over time.,"3 Months, 1 Year, and 2 Years Post Implant",22.0,mmHg,131,MEAN,,False,2026-09-16T12:17:58Z
NCT01757665,"ProspeCtive, nOn-randoMized, MulticENter Clinical Evaluation of Edwards Pericardial Bioprostheses With a New Tissue Treatment Platform (COMMENCE)","Edwards Pericardial Aortic Bioprosthesis, Model 11000A - 23mm",COMMENCE (Inspiris RESILIA),Subject's Average Peak Gradients Measurements Over Time - 11000A,Peak gradient is the maximum value measured of flow of blood through the aortic valve as measured in millimeters of mercury. Gradients are evaluated by echocardiography over time.,"3 Months, 1 Year, and 2 Years Post Implant",19.8,mmHg,214,MEAN,,False,2026-09-16T12:17:58Z
NCT01757665,"ProspeCtive, nOn-randoMized, MulticENter Clinical Evaluation of Edwards Pericardial Bioprostheses With a New Tissue Treatment Platform (COMMENCE)","Edwards Pericardial Aortic Bioprosthesis, Model 11000A - 25mm",COMMENCE (Inspiris RESILIA),Subject's Average Peak Gradients Measurements Over Time - 11000A,Peak gradient is the maximum value measured of flow of blood through the aortic valve as measured in millimeters of mercury. Gradients are evaluated by echocardiography over time.,"3 Months, 1 Year, and 2 Years Post Implant",18.2,mmHg,202,MEAN,,False,2026-09-16T12:17:58Z
NCT01757665,"ProspeCtive, nOn-randoMized, MulticENter Clinical Evaluation of Edwards Pericardial Bioprostheses With a New Tissue Treatment Platform (COMMENCE)","Edwards Pericardial Aortic Bioprosthesis, Model 11000A - 27mm",COMMENCE (Inspiris RESILIA),Subject's Average Peak Gradients Measurements Over Time - 11000A,Peak gradient is the maximum value measured of flow of blood through the aortic valve as measured in millimeters of mercury. Gradients are evaluated by echocardiography over time.,"3 Months, 1 Year, and 2 Years Post Implant",16.4,mmHg,100,MEAN,,False,2026-09-16T12:17:58Z
NCT01757665,"ProspeCtive, nOn-randoMized, MulticENter Clinical Evaluation of Edwards Pericardial Bioprostheses With a New Tissue Treatment Platform (COMMENCE)","Edwards Pericardial Aortic Bioprosthesis, Model 11000A - Total",COMMENCE (Inspiris RESILIA),Subject's Average Peak Gradients Measurements Over Time - 11000A,Peak gradient is the maximum value measured of flow of blood through the aortic valve as measured in millimeters of mercury. Gradients are evaluated by echocardiography over time.,"3 Months, 1 Year, and 2 Years Post Implant",20.1,mmHg,689,MEAN,,False,2026-09-16T12:17:58Z
NCT01757665,"ProspeCtive, nOn-randoMized, MulticENter Clinical Evaluation of Edwards Pericardial Bioprostheses With a New Tissue Treatment Platform (COMMENCE)","Edwards Pericardial Mitral Bioprosthesis, Model 11000M - 25mm",COMMENCE (Inspiris RESILIA),Subject's Average Peak Gradients Measurements Over Time - 11000M,Peak gradient is the maximum value measured of flow of blood through the mitral valve as measured in millimeters of mercury. Gradients are evaluated by echocardiography over time.,"3 Months, 1 Year, and 2 Years Post Implant",12.0,mmHg,6,MEAN,,False,2026-09-16T12:17:58Z
NCT01757665,"ProspeCtive, nOn-randoMized, MulticENter Clinical Evaluation of Edwards Pericardial Bioprostheses With a New Tissue Treatment Platform (COMMENCE)","Edwards Pericardial Mitral Bioprosthesis, Model 11000M - 27mm",COMMENCE (Inspiris RESILIA),Subject's Average Peak Gradients Measurements Over Time - 11000M,Peak gradient is the maximum value measured of flow of blood through the mitral valve as measured in millimeters of mercury. Gradients are evaluated by echocardiography over time.,"3 Months, 1 Year, and 2 Years Post Implant",9.8,mmHg,29,MEAN,,False,2026-09-16T12:17:58Z
NCT01757665,"ProspeCtive, nOn-randoMized, MulticENter Clinical Evaluation of Edwards Pericardial Bioprostheses With a New Tissue Treatment Platform (COMMENCE)","Edwards Pericardial Mitral Bioprosthesis, Model 11000M - 29mm",COMMENCE (Inspiris RESILIA),Subject's Average Peak Gradients Measurements Over Time - 11000M,Peak gradient is the maximum value measured of flow of blood through the mitral valve as measured in millimeters of mercury. Gradients are evaluated by echocardiography over time.,"3 Months, 1 Year, and 2 Years Post Implant",10.2,mmHg,25,MEAN,,False,2026-09-16T12:17:58Z
NCT01757665,"ProspeCtive, nOn-randoMized, MulticENter Clinical Evaluation of Edwards Pericardial Bioprostheses With a New Tissue Treatment Platform (COMMENCE)","Edwards Pericardial Mitral Bioprosthesis, Model 11000M - 31mm",COMMENCE (Inspiris RESILIA),Subject's Average Peak Gradients Measurements Over Time - 11000M,Peak gradient is the maximum value measured of flow of blood through the mitral valve as measured in millimeters of mercury. Gradients are evaluated by echocardiography over time.,"3 Months, 1 Year, and 2 Years Post Implant",9.0,mmHg,16,MEAN,,False,2026-09-16T12:17:58Z
NCT01757665,"ProspeCtive, nOn-randoMized, MulticENter Clinical Evaluation of Edwards Pericardial Bioprostheses With a New Tissue Treatment Platform (COMMENCE)","Edwards Pericardial Mitral Bioprosthesis, Model 11000M - 33mm",COMMENCE (Inspiris RESILIA),Subject's Average Peak Gradients Measurements Over Time - 11000M,Peak gradient is the maximum value measured of flow of blood through the mitral valve as measured in millimeters of mercury. Gradients are evaluated by echocardiography over time.,"3 Months, 1 Year, and 2 Years Post Implant",17.4,mmHg,6,MEAN,,False,2026-09-16T12:17:58Z
NCT01757665,"ProspeCtive, nOn-randoMized, MulticENter Clinical Evaluation of Edwards Pericardial Bioprostheses With a New Tissue Treatment Platform (COMMENCE)","Edwards Pericardial Mitral Bioprosthesis, Model 11000M - Total",COMMENCE (Inspiris RESILIA),Subject's Average Peak Gradients Measurements Over Time - 11000M,Peak gradient is the maximum value measured of flow of blood through the mitral valve as measured in millimeters of mercury. Gradients are evaluated by echocardiography over time.,"3 Months, 1 Year, and 2 Years Post Implant",10.5,mmHg,82,MEAN,,False,2026-09-16T12:17:58Z
NCT01757665,"ProspeCtive, nOn-randoMized, MulticENter Clinical Evaluation of Edwards Pericardial Bioprostheses With a New Tissue Treatment Platform (COMMENCE)","Edwards Pericardial Mitral Bioprosthesis, Model 11000M - 25mm",COMMENCE (Inspiris RESILIA),Subject's Average Peak Gradients Measurements Over Time - 11000M,Peak gradient is the maximum value measured of flow of blood through the mitral valve as measured in millimeters of mercury. Gradients are evaluated by echocardiography over time.,"3 Months, 1 Year, and 2 Years Post Implant",10.6,mmHg,6,MEAN,,False,2026-09-16T12:17:58Z
NCT01757665,"ProspeCtive, nOn-randoMized, MulticENter Clinical Evaluation of Edwards Pericardial Bioprostheses With a New Tissue Treatment Platform (COMMENCE)","Edwards Pericardial Mitral Bioprosthesis, Model 11000M - 27mm",COMMENCE (Inspiris RESILIA),Subject's Average Peak Gradients Measurements Over Time - 11000M,Peak gradient is the maximum value measured of flow of blood through the mitral valve as measured in millimeters of mercury. Gradients are evaluated by echocardiography over time.,"3 Months, 1 Year, and 2 Years Post Implant",9.9,mmHg,29,MEAN,,False,2026-09-16T12:17:58Z
NCT01757665,"ProspeCtive, nOn-randoMized, MulticENter Clinical Evaluation of Edwards Pericardial Bioprostheses With a New Tissue Treatment Platform (COMMENCE)","Edwards Pericardial Mitral Bioprosthesis, Model 11000M - 29mm",COMMENCE (Inspiris RESILIA),Subject's Average Peak Gradients Measurements Over Time - 11000M,Peak gradient is the maximum value measured of flow of blood through the mitral valve as measured in millimeters of mercury. Gradients are evaluated by echocardiography over time.,"3 Months, 1 Year, and 2 Years Post Implant",10.4,mmHg,25,MEAN,,False,2026-09-16T12:17:58Z
NCT01757665,"ProspeCtive, nOn-randoMized, MulticENter Clinical Evaluation of Edwards Pericardial Bioprostheses With a New Tissue Treatment Platform (COMMENCE)","Edwards Pericardial Mitral Bioprosthesis, Model 11000M - 31mm",COMMENCE (Inspiris RESILIA),Subject's Average Peak Gradients Measurements Over Time - 11000M,Peak gradient is the maximum value measured of flow of blood through the mitral valve as measured in millimeters of mercury. Gradients are evaluated by echocardiography over time.,"3 Months, 1 Year, and 2 Years Post Implant",10.2,mmHg,16,MEAN,,False,2026-09-16T12:17:58Z
NCT01757665,"ProspeCtive, nOn-randoMized, MulticENter Clinical Evaluation of Edwards Pericardial Bioprostheses With a New Tissue Treatment Platform (COMMENCE)","Edwards Pericardial Mitral Bioprosthesis, Model 11000M - 33mm",COMMENCE (Inspiris RESILIA),Subject's Average Peak Gradients Measurements Over Time - 11000M,Peak gradient is the maximum value measured of flow of blood through the mitral valve as measured in millimeters of mercury. Gradients are evaluated by echocardiography over time.,"3 Months, 1 Year, and 2 Years Post Implant",9.0,mmHg,6,MEAN,,False,2026-09-16T12:17:58Z
NCT01757665,"ProspeCtive, nOn-randoMized, MulticENter Clinical Evaluation of Edwards Pericardial Bioprostheses With a New Tissue Treatment Platform (COMMENCE)","Edwards Pericardial Mitral Bioprosthesis, Model 11000M - Total",COMMENCE (Inspiris RESILIA),Subject's Average Peak Gradients Measurements Over Time - 11000M,Peak gradient is the maximum value measured of flow of blood through the mitral valve as measured in millimeters of mercury. Gradients are evaluated by echocardiography over time.,"3 Months, 1 Year, and 2 Years Post Implant",10.1,mmHg,82,MEAN,,False,2026-09-16T12:17:58Z
NCT01757665,"ProspeCtive, nOn-randoMized, MulticENter Clinical Evaluation of Edwards Pericardial Bioprostheses With a New Tissue Treatment Platform (COMMENCE)","Edwards Pericardial Mitral Bioprosthesis, Model 11000M - 27mm",COMMENCE (Inspiris RESILIA),Subject's Average Peak Gradients Measurements Over Time - 11000M,Peak gradient is the maximum value measured of flow of blood through the mitral valve as measured in millimeters of mercury. Gradients are evaluated by echocardiography over time.,"3 Months, 1 Year, and 2 Years Post Implant",9.5,mmHg,29,MEAN,,False,2026-09-16T12:17:58Z
NCT01757665,"ProspeCtive, nOn-randoMized, MulticENter Clinical Evaluation of Edwards Pericardial Bioprostheses With a New Tissue Treatment Platform (COMMENCE)","Edwards Pericardial Mitral Bioprosthesis, Model 11000M - 29mm",COMMENCE (Inspiris RESILIA),Subject's Average Peak Gradients Measurements Over Time - 11000M,Peak gradient is the maximum value measured of flow of blood through the mitral valve as measured in millimeters of mercury. Gradients are evaluated by echocardiography over time.,"3 Months, 1 Year, and 2 Years Post Implant",10.5,mmHg,25,MEAN,,False,2026-09-16T12:17:58Z
NCT01757665,"ProspeCtive, nOn-randoMized, MulticENter Clinical Evaluation of Edwards Pericardial Bioprostheses With a New Tissue Treatment Platform (COMMENCE)","Edwards Pericardial Mitral Bioprosthesis, Model 11000M - 31mm",COMMENCE (Inspiris RESILIA),Subject's Average Peak Gradients Measurements Over Time - 11000M,Peak gradient is the maximum value measured of flow of blood through the mitral valve as measured in millimeters of mercury. Gradients are evaluated by echocardiography over time.,"3 Months, 1 Year, and 2 Years Post Implant",6.6,mmHg,16,MEAN,,False,2026-09-16T12:17:58Z
NCT01757665,"ProspeCtive, nOn-randoMized, MulticENter Clinical Evaluation of Edwards Pericardial Bioprostheses With a New Tissue Treatment Platform (COMMENCE)","Edwards Pericardial Mitral Bioprosthesis, Model 11000M - 33mm",COMMENCE (Inspiris RESILIA),Subject's Average Peak Gradients Measurements Over Time - 11000M,Peak gradient is the maximum value measured of flow of blood through the mitral valve as measured in millimeters of mercury. Gradients are evaluated by echocardiography over time.,"3 Months, 1 Year, and 2 Years Post Implant",8.3,mmHg,6,MEAN,,False,2026-09-16T12:17:58Z
NCT01757665,"ProspeCtive, nOn-randoMized, MulticENter Clinical Evaluation of Edwards Pericardial Bioprostheses With a New Tissue Treatment Platform (COMMENCE)","Edwards Pericardial Mitral Bioprosthesis, Model 11000M - Total",COMMENCE (Inspiris RESILIA),Subject's Average Peak Gradients Measurements Over Time - 11000M,Peak gradient is the maximum value measured of flow of blood through the mitral valve as measured in millimeters of mercury. Gradients are evaluated by echocardiography over time.,"3 Months, 1 Year, and 2 Years Post Implant",9.4,mmHg,82,MEAN,,False,2026-09-16T12:17:58Z
NCT01757665,"ProspeCtive, nOn-randoMized, MulticENter Clinical Evaluation of Edwards Pericardial Bioprostheses With a New Tissue Treatment Platform (COMMENCE)","Edwards Pericardial Aortic Bioprosthesis, Model 11000A - 19mm",COMMENCE (Inspiris RESILIA),Subject's Average Effective Orifice Area Measurements - 11000A,Effective orifice area represents the cross-sectional area of the blood flow downstream of the aortic valve. Effective orifice area is evaluated by echocardiography over time.,"3 Months, 1 Year, and 2 Years Post Implant",1.4,Centimeters Squared,22,MEAN,,True,2026-09-16T12:17:58Z
NCT01757665,"ProspeCtive, nOn-randoMized, MulticENter Clinical Evaluation of Edwards Pericardial Bioprostheses With a New Tissue Treatment Platform (COMMENCE)","Edwards Pericardial Aortic Bioprosthesis, Model 11000A - 21mm",COMMENCE (Inspiris RESILIA),Subject's Average Effective Orifice Area Measurements - 11000A,Effective orifice area represents the cross-sectional area of the blood flow downstream of the aortic valve. Effective orifice area is evaluated by echocardiography over time.,"3 Months, 1 Year, and 2 Years Post Implant",1.5,Centimeters Squared,131,MEAN,,True,2026-09-16T12:17:58Z
NCT01757665,"ProspeCtive, nOn-randoMized, MulticENter Clinical Evaluation of Edwards Pericardial Bioprostheses With a New Tissue Treatment Platform (COMMENCE)","Edwards Pericardial Aortic Bioprosthesis, Model 11000A - 23mm",COMMENCE (Inspiris RESILIA),Subject's Average Effective Orifice Area Measurements - 11000A,Effective orifice area represents the cross-sectional area of the blood flow downstream of the aortic valve. Effective orifice area is evaluated by echocardiography over time.,"3 Months, 1 Year, and 2 Years Post Implant",1.7,Centimeters Squared,214,MEAN,,True,2026-09-16T12:17:58Z
NCT01757665,"ProspeCtive, nOn-randoMized, MulticENter Clinical Evaluation of Edwards Pericardial Bioprostheses With a New Tissue Treatment Platform (COMMENCE)","Edwards Pericardial Aortic Bioprosthesis, Model 11000A - 25mm",COMMENCE (Inspiris RESILIA),Subject's Average Effective Orifice Area Measurements - 11000A,Effective orifice area represents the cross-sectional area of the blood flow downstream of the aortic valve. Effective orifice area is evaluated by echocardiography over time.,"3 Months, 1 Year, and 2 Years Post Implant",1.8,Centimeters Squared,202,MEAN,,True,2026-09-16T12:17:58Z
NCT01757665,"ProspeCtive, nOn-randoMized, MulticENter Clinical Evaluation of Edwards Pericardial Bioprostheses With a New Tissue Treatment Platform (COMMENCE)","Edwards Pericardial Aortic Bioprosthesis, Model 11000A - 27mm",COMMENCE (Inspiris RESILIA),Subject's Average Effective Orifice Area Measurements - 11000A,Effective orifice area represents the cross-sectional area of the blood flow downstream of the aortic valve. Effective orifice area is evaluated by echocardiography over time.,"3 Months, 1 Year, and 2 Years Post Implant",2.3,Centimeters Squared,100,MEAN,,True,2026-09-16T12:17:58Z
NCT01757665,"ProspeCtive, nOn-randoMized, MulticENter Clinical Evaluation of Edwards Pericardial Bioprostheses With a New Tissue Treatment Platform (COMMENCE)","Edwards Pericardial Aortic Bioprosthesis, Model 11000A - 29mm",COMMENCE (Inspiris RESILIA),Subject's Average Effective Orifice Area Measurements - 11000A,Effective orifice area represents the cross-sectional area of the blood flow downstream of the aortic valve. Effective orifice area is evaluated by echocardiography over time.,"3 Months, 1 Year, and 2 Years Post Implant",2.5,Centimeters Squared,20,MEAN,,True,2026-09-16T12:17:58Z
NCT01757665,"ProspeCtive, nOn-randoMized, MulticENter Clinical Evaluation of Edwards Pericardial Bioprostheses With a New Tissue Treatment Platform (COMMENCE)","Edwards Pericardial Aortic Bioprosthesis, Model 11000A - Total",COMMENCE (Inspiris RESILIA),Subject's Average Effective Orifice Area Measurements - 11000A,Effective orifice area represents the cross-sectional area of the blood flow downstream of the aortic valve. Effective orifice area is evaluated by echocardiography over time.,"3 Months, 1 Year, and 2 Years Post Implant",1.8,Centimeters Squared,689,MEAN,,True,2026-09-16T12:17:58Z
NCT01757665,"ProspeCtive, nOn-randoMized, MulticENter Clinical Evaluation of Edwards Pericardial Bioprostheses With a New Tissue Treatment Platform (COMMENCE)","Edwards Pericardial Aortic Bioprosthesis, Model 11000A - 19mm",COMMENCE (Inspiris RESILIA),Subject's Average Effective Orifice Area Measurements - 11000A,Effective orifice area represents the cross-sectional area of the blood flow downstream of the aortic valve. Effective orifice area is evaluated by echocardiography over time.,"3 Months, 1 Year, and 2 Years Post Implant",1.1,Centimeters Squared,22,MEAN,,True,2026-09-16T12:17:58Z
NCT01757665,"ProspeCtive, nOn-randoMized, MulticENter Clinical Evaluation of Edwards Pericardial Bioprostheses With a New Tissue Treatment Platform (COMMENCE)","Edwards Pericardial Aortic Bioprosthesis, Model 11000A - 21mm",COMMENCE (Inspiris RESILIA),Subject's Average Effective Orifice Area Measurements - 11000A,Effective orifice area represents the cross-sectional area of the blood flow downstream of the aortic valve. Effective orifice area is evaluated by echocardiography over time.,"3 Months, 1 Year, and 2 Years Post Implant",1.3,Centimeters Squared,131,MEAN,,True,2026-09-16T12:17:58Z
NCT01757665,"ProspeCtive, nOn-randoMized, MulticENter Clinical Evaluation of Edwards Pericardial Bioprostheses With a New Tissue Treatment Platform (COMMENCE)","Edwards Pericardial Aortic Bioprosthesis, Model 11000A - 23mm",COMMENCE (Inspiris RESILIA),Subject's Average Effective Orifice Area Measurements - 11000A,Effective orifice area represents the cross-sectional area of the blood flow downstream of the aortic valve. Effective orifice area is evaluated by echocardiography over time.,"3 Months, 1 Year, and 2 Years Post Implant",1.6,Centimeters Squared,214,MEAN,,True,2026-09-16T12:17:58Z
NCT01757665,"ProspeCtive, nOn-randoMized, MulticENter Clinical Evaluation of Edwards Pericardial Bioprostheses With a New Tissue Treatment Platform (COMMENCE)","Edwards Pericardial Aortic Bioprosthesis, Model 11000A - 25mm",COMMENCE (Inspiris RESILIA),Subject's Average Effective Orifice Area Measurements - 11000A,Effective orifice area represents the cross-sectional area of the blood flow downstream of the aortic valve. Effective orifice area is evaluated by echocardiography over time.,"3 Months, 1 Year, and 2 Years Post Implant",1.8,Centimeters Squared,202,MEAN,,True,2026-09-16T12:17:58Z
NCT01757665,"ProspeCtive, nOn-randoMized, MulticENter Clinical Evaluation of Edwards Pericardial Bioprostheses With a New Tissue Treatment Platform (COMMENCE)","Edwards Pericardial Aortic Bioprosthesis, Model 11000A - 27mm",COMMENCE (Inspiris RESILIA),Subject's Average Effective Orifice Area Measurements - 11000A,Effective orifice area represents the cross-sectional area of the blood flow downstream of the aortic valve. Effective orifice area is evaluated by echocardiography over time.,"3 Months, 1 Year, and 2 Years Post Implant",2.2,Centimeters Squared,100,MEAN,,True,2026-09-16T12:17:58Z
NCT01757665,"ProspeCtive, nOn-randoMized, MulticENter Clinical Evaluation of Edwards Pericardial Bioprostheses With a New Tissue Treatment Platform (COMMENCE)","Edwards Pericardial Aortic Bioprosthesis, Model 11000A - Total",COMMENCE (Inspiris RESILIA),Subject's Average Effective Orifice Area Measurements - 11000A,Effective orifice area represents the cross-sectional area of the blood flow downstream of the aortic valve. Effective orifice area is evaluated by echocardiography over time.,"3 Months, 1 Year, and 2 Years Post Implant",1.7,Centimeters Squared,689,MEAN,,True,2026-09-16T12:17:58Z
NCT01757665,"ProspeCtive, nOn-randoMized, MulticENter Clinical Evaluation of Edwards Pericardial Bioprostheses With a New Tissue Treatment Platform (COMMENCE)","Edwards Pericardial Aortic Bioprosthesis, Model 11000A - 19mm",COMMENCE (Inspiris RESILIA),Subject's Average Effective Orifice Area Measurements - 11000A,Effective orifice area represents the cross-sectional area of the blood flow downstream of the aortic valve. Effective orifice area is evaluated by echocardiography over time.,"3 Months, 1 Year, and 2 Years Post Implant",1.0,Centimeters Squared,22,MEAN,,True,2026-09-16T12:17:58Z
NCT01757665,"ProspeCtive, nOn-randoMized, MulticENter Clinical Evaluation of Edwards Pericardial Bioprostheses With a New Tissue Treatment Platform (COMMENCE)","Edwards Pericardial Aortic Bioprosthesis, Model 11000A - 21mm",COMMENCE (Inspiris RESILIA),Subject's Average Effective Orifice Area Measurements - 11000A,Effective orifice area represents the cross-sectional area of the blood flow downstream of the aortic valve. Effective orifice area is evaluated by echocardiography over time.,"3 Months, 1 Year, and 2 Years Post Implant",1.3,Centimeters Squared,131,MEAN,,True,2026-09-16T12:17:58Z
NCT01757665,"ProspeCtive, nOn-randoMized, MulticENter Clinical Evaluation of Edwards Pericardial Bioprostheses With a New Tissue Treatment Platform (COMMENCE)","Edwards Pericardial Aortic Bioprosthesis, Model 11000A - 23mm",COMMENCE (Inspiris RESILIA),Subject's Average Effective Orifice Area Measurements - 11000A,Effective orifice area represents the cross-sectional area of the blood flow downstream of the aortic valve. Effective orifice area is evaluated by echocardiography over time.,"3 Months, 1 Year, and 2 Years Post Implant",1.6,Centimeters Squared,214,MEAN,,True,2026-09-16T12:17:58Z
NCT01757665,"ProspeCtive, nOn-randoMized, MulticENter Clinical Evaluation of Edwards Pericardial Bioprostheses With a New Tissue Treatment Platform (COMMENCE)","Edwards Pericardial Aortic Bioprosthesis, Model 11000A - 25mm",COMMENCE (Inspiris RESILIA),Subject's Average Effective Orifice Area Measurements - 11000A,Effective orifice area represents the cross-sectional area of the blood flow downstream of the aortic valve. Effective orifice area is evaluated by echocardiography over time.,"3 Months, 1 Year, and 2 Years Post Implant",1.9,Centimeters Squared,202,MEAN,,True,2026-09-16T12:17:58Z
NCT01757665,"ProspeCtive, nOn-randoMized, MulticENter Clinical Evaluation of Edwards Pericardial Bioprostheses With a New Tissue Treatment Platform (COMMENCE)","Edwards Pericardial Aortic Bioprosthesis, Model 11000A - 27mm",COMMENCE (Inspiris RESILIA),Subject's Average Effective Orifice Area Measurements - 11000A,Effective orifice area represents the cross-sectional area of the blood flow downstream of the aortic valve. Effective orifice area is evaluated by echocardiography over time.,"3 Months, 1 Year, and 2 Years Post Implant",1.8,Centimeters Squared,100,MEAN,,True,2026-09-16T12:17:58Z
NCT01757665,"ProspeCtive, nOn-randoMized, MulticENter Clinical Evaluation of Edwards Pericardial Bioprostheses With a New Tissue Treatment Platform (COMMENCE)","Edwards Pericardial Aortic Bioprosthesis, Model 11000A - Total",COMMENCE (Inspiris RESILIA),Subject's Average Effective Orifice Area Measurements - 11000A,Effective orifice area represents the cross-sectional area of the blood flow downstream of the aortic valve. Effective orifice area is evaluated by echocardiography over time.,"3 Months, 1 Year, and 2 Years Post Implant",1.6,Centimeters Squared,689,MEAN,,True,2026-09-16T12:17:58Z
NCT01757665,"ProspeCtive, nOn-randoMized, MulticENter Clinical Evaluation of Edwards Pericardial Bioprostheses With a New Tissue Treatment Platform (COMMENCE)","Edwards Pericardial Mitral Bioprosthesis, Model 11000M - 25mm",COMMENCE (Inspiris RESILIA),Subject's Average Effective Orifice Area Measurements - 11000M,Effective orifice area represents the cross-sectional area of the blood flow downstream of the mitral valve. Effective orifice area is evaluated by echocardiography over time.,"3 Months, 1 Year, and 2 Years Post Implant",1.2,Centimeters Squared,6,MEAN,,True,2026-09-16T12:17:58Z
NCT01757665,"ProspeCtive, nOn-randoMized, MulticENter Clinical Evaluation of Edwards Pericardial Bioprostheses With a New Tissue Treatment Platform (COMMENCE)","Edwards Pericardial Mitral Bioprosthesis, Model 11000M - 27mm",COMMENCE (Inspiris RESILIA),Subject's Average Effective Orifice Area Measurements - 11000M,Effective orifice area represents the cross-sectional area of the blood flow downstream of the mitral valve. Effective orifice area is evaluated by echocardiography over time.,"3 Months, 1 Year, and 2 Years Post Implant",1.4,Centimeters Squared,29,MEAN,,True,2026-09-16T12:17:58Z
NCT01757665,"ProspeCtive, nOn-randoMized, MulticENter Clinical Evaluation of Edwards Pericardial Bioprostheses With a New Tissue Treatment Platform (COMMENCE)","Edwards Pericardial Mitral Bioprosthesis, Model 11000M - 29mm",COMMENCE (Inspiris RESILIA),Subject's Average Effective Orifice Area Measurements - 11000M,Effective orifice area represents the cross-sectional area of the blood flow downstream of the mitral valve. Effective orifice area is evaluated by echocardiography over time.,"3 Months, 1 Year, and 2 Years Post Implant",1.6,Centimeters Squared,25,MEAN,,True,2026-09-16T12:17:58Z
NCT01757665,"ProspeCtive, nOn-randoMized, MulticENter Clinical Evaluation of Edwards Pericardial Bioprostheses With a New Tissue Treatment Platform (COMMENCE)","Edwards Pericardial Mitral Bioprosthesis, Model 11000M - 31mm",COMMENCE (Inspiris RESILIA),Subject's Average Effective Orifice Area Measurements - 11000M,Effective orifice area represents the cross-sectional area of the blood flow downstream of the mitral valve. Effective orifice area is evaluated by echocardiography over time.,"3 Months, 1 Year, and 2 Years Post Implant",1.6,Centimeters Squared,16,MEAN,,True,2026-09-16T12:17:58Z
NCT01757665,"ProspeCtive, nOn-randoMized, MulticENter Clinical Evaluation of Edwards Pericardial Bioprostheses With a New Tissue Treatment Platform (COMMENCE)","Edwards Pericardial Mitral Bioprosthesis, Model 11000M - 33mm",COMMENCE (Inspiris RESILIA),Subject's Average Effective Orifice Area Measurements - 11000M,Effective orifice area represents the cross-sectional area of the blood flow downstream of the mitral valve. Effective orifice area is evaluated by echocardiography over time.,"3 Months, 1 Year, and 2 Years Post Implant",1.8,Centimeters Squared,6,MEAN,,True,2026-09-16T12:17:58Z
NCT01757665,"ProspeCtive, nOn-randoMized, MulticENter Clinical Evaluation of Edwards Pericardial Bioprostheses With a New Tissue Treatment Platform (COMMENCE)","Edwards Pericardial Mitral Bioprosthesis, Model 11000M - Total",COMMENCE (Inspiris RESILIA),Subject's Average Effective Orifice Area Measurements - 11000M,Effective orifice area represents the cross-sectional area of the blood flow downstream of the mitral valve. Effective orifice area is evaluated by echocardiography over time.,"3 Months, 1 Year, and 2 Years Post Implant",1.5,Centimeters Squared,82,MEAN,,True,2026-09-16T12:17:58Z
NCT01757665,"ProspeCtive, nOn-randoMized, MulticENter Clinical Evaluation of Edwards Pericardial Bioprostheses With a New Tissue Treatment Platform (COMMENCE)","Edwards Pericardial Mitral Bioprosthesis, Model 11000M - 25mm",COMMENCE (Inspiris RESILIA),Subject's Average Effective Orifice Area Measurements - 11000M,Effective orifice area represents the cross-sectional area of the blood flow downstream of the mitral valve. Effective orifice area is evaluated by echocardiography over time.,"3 Months, 1 Year, and 2 Years Post Implant",1.1,Centimeters Squared,6,MEAN,,True,2026-09-16T12:17:58Z
NCT01757665,"ProspeCtive, nOn-randoMized, MulticENter Clinical Evaluation of Edwards Pericardial Bioprostheses With a New Tissue Treatment Platform (COMMENCE)","Edwards Pericardial Mitral Bioprosthesis, Model 11000M - 27mm",COMMENCE (Inspiris RESILIA),Subject's Average Effective Orifice Area Measurements - 11000M,Effective orifice area represents the cross-sectional area of the blood flow downstream of the mitral valve. Effective orifice area is evaluated by echocardiography over time.,"3 Months, 1 Year, and 2 Years Post Implant",1.2,Centimeters Squared,29,MEAN,,True,2026-09-16T12:17:58Z
NCT01757665,"ProspeCtive, nOn-randoMized, MulticENter Clinical Evaluation of Edwards Pericardial Bioprostheses With a New Tissue Treatment Platform (COMMENCE)","Edwards Pericardial Mitral Bioprosthesis, Model 11000M - 29mm",COMMENCE (Inspiris RESILIA),Subject's Average Effective Orifice Area Measurements - 11000M,Effective orifice area represents the cross-sectional area of the blood flow downstream of the mitral valve. Effective orifice area is evaluated by echocardiography over time.,"3 Months, 1 Year, and 2 Years Post Implant",1.5,Centimeters Squared,25,MEAN,,True,2026-09-16T12:17:58Z
NCT01757665,"ProspeCtive, nOn-randoMized, MulticENter Clinical Evaluation of Edwards Pericardial Bioprostheses With a New Tissue Treatment Platform (COMMENCE)","Edwards Pericardial Mitral Bioprosthesis, Model 11000M - 31mm",COMMENCE (Inspiris RESILIA),Subject's Average Effective Orifice Area Measurements - 11000M,Effective orifice area represents the cross-sectional area of the blood flow downstream of the mitral valve. Effective orifice area is evaluated by echocardiography over time.,"3 Months, 1 Year, and 2 Years Post Implant",1.4,Centimeters Squared,16,MEAN,,True,2026-09-16T12:17:58Z
NCT01757665,"ProspeCtive, nOn-randoMized, MulticENter Clinical Evaluation of Edwards Pericardial Bioprostheses With a New Tissue Treatment Platform (COMMENCE)","Edwards Pericardial Mitral Bioprosthesis, Model 11000M - 33mm",COMMENCE (Inspiris RESILIA),Subject's Average Effective Orifice Area Measurements - 11000M,Effective orifice area represents the cross-sectional area of the blood flow downstream of the mitral valve. Effective orifice area is evaluated by echocardiography over time.,"3 Months, 1 Year, and 2 Years Post Implant",1.5,Centimeters Squared,6,MEAN,,True,2026-09-16T12:17:58Z
NCT01757665,"ProspeCtive, nOn-randoMized, MulticENter Clinical Evaluation of Edwards Pericardial Bioprostheses With a New Tissue Treatment Platform (COMMENCE)","Edwards Pericardial Mitral Bioprosthesis, Model 11000M - Total",COMMENCE (Inspiris RESILIA),Subject's Average Effective Orifice Area Measurements - 11000M,Effective orifice area represents the cross-sectional area of the blood flow downstream of the mitral valve. Effective orifice area is evaluated by echocardiography over time.,"3 Months, 1 Year, and 2 Years Post Implant",1.4,Centimeters Squared,82,MEAN,,True,2026-09-16T12:17:58Z
NCT01757665,"ProspeCtive, nOn-randoMized, MulticENter Clinical Evaluation of Edwards Pericardial Bioprostheses With a New Tissue Treatment Platform (COMMENCE)","Edwards Pericardial Mitral Bioprosthesis, Model 11000M - 27mm",COMMENCE (Inspiris RESILIA),Subject's Average Effective Orifice Area Measurements - 11000M,Effective orifice area represents the cross-sectional area of the blood flow downstream of the mitral valve. Effective orifice area is evaluated by echocardiography over time.,"3 Months, 1 Year, and 2 Years Post Implant",1.3,Centimeters Squared,29,MEAN,,True,2026-09-16T12:17:58Z
NCT01757665,"ProspeCtive, nOn-randoMized, MulticENter Clinical Evaluation of Edwards Pericardial Bioprostheses With a New Tissue Treatment Platform (COMMENCE)","Edwards Pericardial Mitral Bioprosthesis, Model 11000M - 29mm",COMMENCE (Inspiris RESILIA),Subject's Average Effective Orifice Area Measurements - 11000M,Effective orifice area represents the cross-sectional area of the blood flow downstream of the mitral valve. Effective orifice area is evaluated by echocardiography over time.,"3 Months, 1 Year, and 2 Years Post Implant",1.4,Centimeters Squared,25,MEAN,,True,2026-09-16T12:17:58Z
NCT01757665,"ProspeCtive, nOn-randoMized, MulticENter Clinical Evaluation of Edwards Pericardial Bioprostheses With a New Tissue Treatment Platform (COMMENCE)","Edwards Pericardial Mitral Bioprosthesis, Model 11000M - 31mm",COMMENCE (Inspiris RESILIA),Subject's Average Effective Orifice Area Measurements - 11000M,Effective orifice area represents the cross-sectional area of the blood flow downstream of the mitral valve. Effective orifice area is evaluated by echocardiography over time.,"3 Months, 1 Year, and 2 Years Post Implant",1.6,Centimeters Squared,16,MEAN,,True,2026-09-16T12:17:58Z
NCT01757665,"ProspeCtive, nOn-randoMized, MulticENter Clinical Evaluation of Edwards Pericardial Bioprostheses With a New Tissue Treatment Platform (COMMENCE)","Edwards Pericardial Mitral Bioprosthesis, Model 11000M - 33mm",COMMENCE (Inspiris RESILIA),Subject's Average Effective Orifice Area Measurements - 11000M,Effective orifice area represents the cross-sectional area of the blood flow downstream of the mitral valve. Effective orifice area is evaluated by echocardiography over time.,"3 Months, 1 Year, and 2 Years Post Implant",1.2,Centimeters Squared,6,MEAN,,True,2026-09-16T12:17:58Z
NCT01757665,"ProspeCtive, nOn-randoMized, MulticENter Clinical Evaluation of Edwards Pericardial Bioprostheses With a New Tissue Treatment Platform (COMMENCE)","Edwards Pericardial Mitral Bioprosthesis, Model 11000M - Total",COMMENCE (Inspiris RESILIA),Subject's Average Effective Orifice Area Measurements - 11000M,Effective orifice area represents the cross-sectional area of the blood flow downstream of the mitral valve. Effective orifice area is evaluated by echocardiography over time.,"3 Months, 1 Year, and 2 Years Post Implant",1.4,Centimeters Squared,82,MEAN,,True,2026-09-16T12:17:58Z
NCT01757665,"ProspeCtive, nOn-randoMized, MulticENter Clinical Evaluation of Edwards Pericardial Bioprostheses With a New Tissue Treatment Platform (COMMENCE)","Edwards Pericardial Aortic Bioprosthesis, Model 11000A - 19mm",COMMENCE (Inspiris RESILIA),Subject's Average Effective Orifice Area Index (EOAI) Measurements - 11000A,Effective orifice area index represents the minimal cross-sectional area of the blood flow downstream of the aortic valve divided by the person's body surface area. Effective orifice area index is evaluated by echocardiography over time.,"3 Months, 1 Year, and 2 Years Post Implant",0.8,cm^2/m^2,22,MEAN,,True,2026-09-16T12:17:58Z
NCT01757665,"ProspeCtive, nOn-randoMized, MulticENter Clinical Evaluation of Edwards Pericardial Bioprostheses With a New Tissue Treatment Platform (COMMENCE)","Edwards Pericardial Aortic Bioprosthesis, Model 11000A - 21mm",COMMENCE (Inspiris RESILIA),Subject's Average Effective Orifice Area Index (EOAI) Measurements - 11000A,Effective orifice area index represents the minimal cross-sectional area of the blood flow downstream of the aortic valve divided by the person's body surface area. Effective orifice area index is evaluated by echocardiography over time.,"3 Months, 1 Year, and 2 Years Post Implant",0.8,cm^2/m^2,131,MEAN,,True,2026-09-16T12:17:58Z
NCT01757665,"ProspeCtive, nOn-randoMized, MulticENter Clinical Evaluation of Edwards Pericardial Bioprostheses With a New Tissue Treatment Platform (COMMENCE)","Edwards Pericardial Aortic Bioprosthesis, Model 11000A - 23mm",COMMENCE (Inspiris RESILIA),Subject's Average Effective Orifice Area Index (EOAI) Measurements - 11000A,Effective orifice area index represents the minimal cross-sectional area of the blood flow downstream of the aortic valve divided by the person's body surface area. Effective orifice area index is evaluated by echocardiography over time.,"3 Months, 1 Year, and 2 Years Post Implant",0.9,cm^2/m^2,214,MEAN,,True,2026-09-16T12:17:58Z
NCT01757665,"ProspeCtive, nOn-randoMized, MulticENter Clinical Evaluation of Edwards Pericardial Bioprostheses With a New Tissue Treatment Platform (COMMENCE)","Edwards Pericardial Aortic Bioprosthesis, Model 11000A - 25mm",COMMENCE (Inspiris RESILIA),Subject's Average Effective Orifice Area Index (EOAI) Measurements - 11000A,Effective orifice area index represents the minimal cross-sectional area of the blood flow downstream of the aortic valve divided by the person's body surface area. Effective orifice area index is evaluated by echocardiography over time.,"3 Months, 1 Year, and 2 Years Post Implant",0.9,cm^2/m^2,202,MEAN,,True,2026-09-16T12:17:58Z
NCT01757665,"ProspeCtive, nOn-randoMized, MulticENter Clinical Evaluation of Edwards Pericardial Bioprostheses With a New Tissue Treatment Platform (COMMENCE)","Edwards Pericardial Aortic Bioprosthesis, Model 11000A - 27mm",COMMENCE (Inspiris RESILIA),Subject's Average Effective Orifice Area Index (EOAI) Measurements - 11000A,Effective orifice area index represents the minimal cross-sectional area of the blood flow downstream of the aortic valve divided by the person's body surface area. Effective orifice area index is evaluated by echocardiography over time.,"3 Months, 1 Year, and 2 Years Post Implant",1.1,cm^2/m^2,100,MEAN,,True,2026-09-16T12:17:58Z
NCT01757665,"ProspeCtive, nOn-randoMized, MulticENter Clinical Evaluation of Edwards Pericardial Bioprostheses With a New Tissue Treatment Platform (COMMENCE)","Edwards Pericardial Aortic Bioprosthesis, Model 11000A - 29mm",COMMENCE (Inspiris RESILIA),Subject's Average Effective Orifice Area Index (EOAI) Measurements - 11000A,Effective orifice area index represents the minimal cross-sectional area of the blood flow downstream of the aortic valve divided by the person's body surface area. Effective orifice area index is evaluated by echocardiography over time.,"3 Months, 1 Year, and 2 Years Post Implant",1.1,cm^2/m^2,20,MEAN,,True,2026-09-16T12:17:58Z
NCT01757665,"ProspeCtive, nOn-randoMized, MulticENter Clinical Evaluation of Edwards Pericardial Bioprostheses With a New Tissue Treatment Platform (COMMENCE)","Edwards Pericardial Aortic Bioprosthesis, Model 11000A - Total",COMMENCE (Inspiris RESILIA),Subject's Average Effective Orifice Area Index (EOAI) Measurements - 11000A,Effective orifice area index represents the minimal cross-sectional area of the blood flow downstream of the aortic valve divided by the person's body surface area. Effective orifice area index is evaluated by echocardiography over time.,"3 Months, 1 Year, and 2 Years Post Implant",0.9,cm^2/m^2,689,MEAN,,True,2026-09-16T12:17:58Z
NCT01757665,"ProspeCtive, nOn-randoMized, MulticENter Clinical Evaluation of Edwards Pericardial Bioprostheses With a New Tissue Treatment Platform (COMMENCE)","Edwards Pericardial Aortic Bioprosthesis, Model 11000A - 19mm",COMMENCE (Inspiris RESILIA),Subject's Average Effective Orifice Area Index (EOAI) Measurements - 11000A,Effective orifice area index represents the minimal cross-sectional area of the blood flow downstream of the aortic valve divided by the person's body surface area. Effective orifice area index is evaluated by echocardiography over time.,"3 Months, 1 Year, and 2 Years Post Implant",0.6,cm^2/m^2,22,MEAN,,True,2026-09-16T12:17:58Z
NCT01757665,"ProspeCtive, nOn-randoMized, MulticENter Clinical Evaluation of Edwards Pericardial Bioprostheses With a New Tissue Treatment Platform (COMMENCE)","Edwards Pericardial Aortic Bioprosthesis, Model 11000A - 21mm",COMMENCE (Inspiris RESILIA),Subject's Average Effective Orifice Area Index (EOAI) Measurements - 11000A,Effective orifice area index represents the minimal cross-sectional area of the blood flow downstream of the aortic valve divided by the person's body surface area. Effective orifice area index is evaluated by echocardiography over time.,"3 Months, 1 Year, and 2 Years Post Implant",0.7,cm^2/m^2,131,MEAN,,True,2026-09-16T12:17:58Z
NCT01757665,"ProspeCtive, nOn-randoMized, MulticENter Clinical Evaluation of Edwards Pericardial Bioprostheses With a New Tissue Treatment Platform (COMMENCE)","Edwards Pericardial Aortic Bioprosthesis, Model 11000A - 23mm",COMMENCE (Inspiris RESILIA),Subject's Average Effective Orifice Area Index (EOAI) Measurements - 11000A,Effective orifice area index represents the minimal cross-sectional area of the blood flow downstream of the aortic valve divided by the person's body surface area. Effective orifice area index is evaluated by echocardiography over time.,"3 Months, 1 Year, and 2 Years Post Implant",0.8,cm^2/m^2,214,MEAN,,True,2026-09-16T12:17:58Z
NCT01757665,"ProspeCtive, nOn-randoMized, MulticENter Clinical Evaluation of Edwards Pericardial Bioprostheses With a New Tissue Treatment Platform (COMMENCE)","Edwards Pericardial Aortic Bioprosthesis, Model 11000A - 25mm",COMMENCE (Inspiris RESILIA),Subject's Average Effective Orifice Area Index (EOAI) Measurements - 11000A,Effective orifice area index represents the minimal cross-sectional area of the blood flow downstream of the aortic valve divided by the person's body surface area. Effective orifice area index is evaluated by echocardiography over time.,"3 Months, 1 Year, and 2 Years Post Implant",0.8,cm^2/m^2,202,MEAN,,True,2026-09-16T12:17:58Z
NCT01757665,"ProspeCtive, nOn-randoMized, MulticENter Clinical Evaluation of Edwards Pericardial Bioprostheses With a New Tissue Treatment Platform (COMMENCE)","Edwards Pericardial Aortic Bioprosthesis, Model 11000A - 27mm",COMMENCE (Inspiris RESILIA),Subject's Average Effective Orifice Area Index (EOAI) Measurements - 11000A,Effective orifice area index represents the minimal cross-sectional area of the blood flow downstream of the aortic valve divided by the person's body surface area. Effective orifice area index is evaluated by echocardiography over time.,"3 Months, 1 Year, and 2 Years Post Implant",1.0,cm^2/m^2,100,MEAN,,True,2026-09-16T12:17:58Z
NCT01757665,"ProspeCtive, nOn-randoMized, MulticENter Clinical Evaluation of Edwards Pericardial Bioprostheses With a New Tissue Treatment Platform (COMMENCE)","Edwards Pericardial Aortic Bioprosthesis, Model 11000A - Total",COMMENCE (Inspiris RESILIA),Subject's Average Effective Orifice Area Index (EOAI) Measurements - 11000A,Effective orifice area index represents the minimal cross-sectional area of the blood flow downstream of the aortic valve divided by the person's body surface area. Effective orifice area index is evaluated by echocardiography over time.,"3 Months, 1 Year, and 2 Years Post Implant",0.8,cm^2/m^2,689,MEAN,,True,2026-09-16T12:17:58Z
NCT01757665,"ProspeCtive, nOn-randoMized, MulticENter Clinical Evaluation of Edwards Pericardial Bioprostheses With a New Tissue Treatment Platform (COMMENCE)","Edwards Pericardial Aortic Bioprosthesis, Model 11000A - 19mm",COMMENCE (Inspiris RESILIA),Subject's Average Effective Orifice Area Index (EOAI) Measurements - 11000A,Effective orifice area index represents the minimal cross-sectional area of the blood flow downstream of the aortic valve divided by the person's body surface area. Effective orifice area index is evaluated by echocardiography over time.,"3 Months, 1 Year, and 2 Years Post Implant",0.6,cm^2/m^2,22,MEAN,,True,2026-09-16T12:17:58Z
NCT01757665,"ProspeCtive, nOn-randoMized, MulticENter Clinical Evaluation of Edwards Pericardial Bioprostheses With a New Tissue Treatment Platform (COMMENCE)","Edwards Pericardial Aortic Bioprosthesis, Model 11000A - 21mm",COMMENCE (Inspiris RESILIA),Subject's Average Effective Orifice Area Index (EOAI) Measurements - 11000A,Effective orifice area index represents the minimal cross-sectional area of the blood flow downstream of the aortic valve divided by the person's body surface area. Effective orifice area index is evaluated by echocardiography over time.,"3 Months, 1 Year, and 2 Years Post Implant",0.7,cm^2/m^2,131,MEAN,,True,2026-09-16T12:17:58Z
NCT01757665,"ProspeCtive, nOn-randoMized, MulticENter Clinical Evaluation of Edwards Pericardial Bioprostheses With a New Tissue Treatment Platform (COMMENCE)","Edwards Pericardial Aortic Bioprosthesis, Model 11000A - 23mm",COMMENCE (Inspiris RESILIA),Subject's Average Effective Orifice Area Index (EOAI) Measurements - 11000A,Effective orifice area index represents the minimal cross-sectional area of the blood flow downstream of the aortic valve divided by the person's body surface area. Effective orifice area index is evaluated by echocardiography over time.,"3 Months, 1 Year, and 2 Years Post Implant",0.8,cm^2/m^2,214,MEAN,,True,2026-09-16T12:17:58Z
NCT01757665,"ProspeCtive, nOn-randoMized, MulticENter Clinical Evaluation of Edwards Pericardial Bioprostheses With a New Tissue Treatment Platform (COMMENCE)","Edwards Pericardial Aortic Bioprosthesis, Model 11000A - 25mm",COMMENCE (Inspiris RESILIA),Subject's Average Effective Orifice Area Index (EOAI) Measurements - 11000A,Effective orifice area index represents the minimal cross-sectional area of the blood flow downstream of the aortic valve divided by the person's body surface area. Effective orifice area index is evaluated by echocardiography over time.,"3 Months, 1 Year, and 2 Years Post Implant",0.9,cm^2/m^2,202,MEAN,,True,2026-09-16T12:17:58Z
NCT01757665,"ProspeCtive, nOn-randoMized, MulticENter Clinical Evaluation of Edwards Pericardial Bioprostheses With a New Tissue Treatment Platform (COMMENCE)","Edwards Pericardial Aortic Bioprosthesis, Model 11000A - 27mm",COMMENCE (Inspiris RESILIA),Subject's Average Effective Orifice Area Index (EOAI) Measurements - 11000A,Effective orifice area index represents the minimal cross-sectional area of the blood flow downstream of the aortic valve divided by the person's body surface area. Effective orifice area index is evaluated by echocardiography over time.,"3 Months, 1 Year, and 2 Years Post Implant",0.8,cm^2/m^2,100,MEAN,,True,2026-09-16T12:17:58Z
NCT01757665,"ProspeCtive, nOn-randoMized, MulticENter Clinical Evaluation of Edwards Pericardial Bioprostheses With a New Tissue Treatment Platform (COMMENCE)","Edwards Pericardial Aortic Bioprosthesis, Model 11000A - Total",COMMENCE (Inspiris RESILIA),Subject's Average Effective Orifice Area Index (EOAI) Measurements - 11000A,Effective orifice area index represents the minimal cross-sectional area of the blood flow downstream of the aortic valve divided by the person's body surface area. Effective orifice area index is evaluated by echocardiography over time.,"3 Months, 1 Year, and 2 Years Post Implant",0.8,cm^2/m^2,689,MEAN,,True,2026-09-16T12:17:58Z
NCT01757665,"ProspeCtive, nOn-randoMized, MulticENter Clinical Evaluation of Edwards Pericardial Bioprostheses With a New Tissue Treatment Platform (COMMENCE)","Edwards Pericardial Mitral Bioprosthesis, Model 11000M - 25mm",COMMENCE (Inspiris RESILIA),Subject's Average Effective Orifice Area Index (EOAI) Measurements - 11000M,Effective orifice area index represents the minimal cross-sectional area of the blood flow downstream of the mitral valve divided by the person's body surface area. Effective orifice area index is evaluated by echocardiography over time.,"3 Months, 1 Year, and 2 Years Post Implant",0.7,cm^2/m^2,6,MEAN,,True,2026-09-16T12:17:58Z
NCT01757665,"ProspeCtive, nOn-randoMized, MulticENter Clinical Evaluation of Edwards Pericardial Bioprostheses With a New Tissue Treatment Platform (COMMENCE)","Edwards Pericardial Mitral Bioprosthesis, Model 11000M - 27mm",COMMENCE (Inspiris RESILIA),Subject's Average Effective Orifice Area Index (EOAI) Measurements - 11000M,Effective orifice area index represents the minimal cross-sectional area of the blood flow downstream of the mitral valve divided by the person's body surface area. Effective orifice area index is evaluated by echocardiography over time.,"3 Months, 1 Year, and 2 Years Post Implant",0.8,cm^2/m^2,29,MEAN,,True,2026-09-16T12:17:58Z
NCT01757665,"ProspeCtive, nOn-randoMized, MulticENter Clinical Evaluation of Edwards Pericardial Bioprostheses With a New Tissue Treatment Platform (COMMENCE)","Edwards Pericardial Mitral Bioprosthesis, Model 11000M - 29mm",COMMENCE (Inspiris RESILIA),Subject's Average Effective Orifice Area Index (EOAI) Measurements - 11000M,Effective orifice area index represents the minimal cross-sectional area of the blood flow downstream of the mitral valve divided by the person's body surface area. Effective orifice area index is evaluated by echocardiography over time.,"3 Months, 1 Year, and 2 Years Post Implant",0.8,cm^2/m^2,25,MEAN,,True,2026-09-16T12:17:58Z
NCT01757665,"ProspeCtive, nOn-randoMized, MulticENter Clinical Evaluation of Edwards Pericardial Bioprostheses With a New Tissue Treatment Platform (COMMENCE)","Edwards Pericardial Mitral Bioprosthesis, Model 11000M - 31mm",COMMENCE (Inspiris RESILIA),Subject's Average Effective Orifice Area Index (EOAI) Measurements - 11000M,Effective orifice area index represents the minimal cross-sectional area of the blood flow downstream of the mitral valve divided by the person's body surface area. Effective orifice area index is evaluated by echocardiography over time.,"3 Months, 1 Year, and 2 Years Post Implant",0.8,cm^2/m^2,16,MEAN,,True,2026-09-16T12:17:58Z
NCT01757665,"ProspeCtive, nOn-randoMized, MulticENter Clinical Evaluation of Edwards Pericardial Bioprostheses With a New Tissue Treatment Platform (COMMENCE)","Edwards Pericardial Mitral Bioprosthesis, Model 11000M - 33mm",COMMENCE (Inspiris RESILIA),Subject's Average Effective Orifice Area Index (EOAI) Measurements - 11000M,Effective orifice area index represents the minimal cross-sectional area of the blood flow downstream of the mitral valve divided by the person's body surface area. Effective orifice area index is evaluated by echocardiography over time.,"3 Months, 1 Year, and 2 Years Post Implant",0.9,cm^2/m^2,6,MEAN,,True,2026-09-16T12:17:58Z
NCT01757665,"ProspeCtive, nOn-randoMized, MulticENter Clinical Evaluation of Edwards Pericardial Bioprostheses With a New Tissue Treatment Platform (COMMENCE)","Edwards Pericardial Mitral Bioprosthesis, Model 11000M - Total",COMMENCE (Inspiris RESILIA),Subject's Average Effective Orifice Area Index (EOAI) Measurements - 11000M,Effective orifice area index represents the minimal cross-sectional area of the blood flow downstream of the mitral valve divided by the person's body surface area. Effective orifice area index is evaluated by echocardiography over time.,"3 Months, 1 Year, and 2 Years Post Implant",0.8,cm^2/m^2,82,MEAN,,True,2026-09-16T12:17:58Z
NCT01757665,"ProspeCtive, nOn-randoMized, MulticENter Clinical Evaluation of Edwards Pericardial Bioprostheses With a New Tissue Treatment Platform (COMMENCE)","Edwards Pericardial Mitral Bioprosthesis, Model 11000M - 25mm",COMMENCE (Inspiris RESILIA),Subject's Average Effective Orifice Area Index (EOAI) Measurements - 11000M,Effective orifice area index represents the minimal cross-sectional area of the blood flow downstream of the mitral valve divided by the person's body surface area. Effective orifice area index is evaluated by echocardiography over time.,"3 Months, 1 Year, and 2 Years Post Implant",0.6,cm^2/m^2,6,MEAN,,True,2026-09-16T12:17:58Z
NCT01757665,"ProspeCtive, nOn-randoMized, MulticENter Clinical Evaluation of Edwards Pericardial Bioprostheses With a New Tissue Treatment Platform (COMMENCE)","Edwards Pericardial Mitral Bioprosthesis, Model 11000M - 27mm",COMMENCE (Inspiris RESILIA),Subject's Average Effective Orifice Area Index (EOAI) Measurements - 11000M,Effective orifice area index represents the minimal cross-sectional area of the blood flow downstream of the mitral valve divided by the person's body surface area. Effective orifice area index is evaluated by echocardiography over time.,"3 Months, 1 Year, and 2 Years Post Implant",0.7,cm^2/m^2,29,MEAN,,True,2026-09-16T12:17:58Z
NCT01757665,"ProspeCtive, nOn-randoMized, MulticENter Clinical Evaluation of Edwards Pericardial Bioprostheses With a New Tissue Treatment Platform (COMMENCE)","Edwards Pericardial Mitral Bioprosthesis, Model 11000M - 29mm",COMMENCE (Inspiris RESILIA),Subject's Average Effective Orifice Area Index (EOAI) Measurements - 11000M,Effective orifice area index represents the minimal cross-sectional area of the blood flow downstream of the mitral valve divided by the person's body surface area. Effective orifice area index is evaluated by echocardiography over time.,"3 Months, 1 Year, and 2 Years Post Implant",0.8,cm^2/m^2,25,MEAN,,True,2026-09-16T12:17:58Z
NCT01757665,"ProspeCtive, nOn-randoMized, MulticENter Clinical Evaluation of Edwards Pericardial Bioprostheses With a New Tissue Treatment Platform (COMMENCE)","Edwards Pericardial Mitral Bioprosthesis, Model 11000M - 31mm",COMMENCE (Inspiris RESILIA),Subject's Average Effective Orifice Area Index (EOAI) Measurements - 11000M,Effective orifice area index represents the minimal cross-sectional area of the blood flow downstream of the mitral valve divided by the person's body surface area. Effective orifice area index is evaluated by echocardiography over time.,"3 Months, 1 Year, and 2 Years Post Implant",0.7,cm^2/m^2,16,MEAN,,True,2026-09-16T12:17:58Z
NCT01757665,"ProspeCtive, nOn-randoMized, MulticENter Clinical Evaluation of Edwards Pericardial Bioprostheses With a New Tissue Treatment Platform (COMMENCE)","Edwards Pericardial Mitral Bioprosthesis, Model 11000M - 33mm",COMMENCE (Inspiris RESILIA),Subject's Average Effective Orifice Area Index (EOAI) Measurements - 11000M,Effective orifice area index represents the minimal cross-sectional area of the blood flow downstream of the mitral valve divided by the person's body surface area. Effective orifice area index is evaluated by echocardiography over time.,"3 Months, 1 Year, and 2 Years Post Implant",0.7,cm^2/m^2,6,MEAN,,True,2026-09-16T12:17:58Z
NCT01757665,"ProspeCtive, nOn-randoMized, MulticENter Clinical Evaluation of Edwards Pericardial Bioprostheses With a New Tissue Treatment Platform (COMMENCE)","Edwards Pericardial Mitral Bioprosthesis, Model 11000M - Total",COMMENCE (Inspiris RESILIA),Subject's Average Effective Orifice Area Index (EOAI) Measurements - 11000M,Effective orifice area index represents the minimal cross-sectional area of the blood flow downstream of the mitral valve divided by the person's body surface area. Effective orifice area index is evaluated by echocardiography over time.,"3 Months, 1 Year, and 2 Years Post Implant",0.7,cm^2/m^2,82,MEAN,,True,2026-09-16T12:17:58Z
NCT01757665,"ProspeCtive, nOn-randoMized, MulticENter Clinical Evaluation of Edwards Pericardial Bioprostheses With a New Tissue Treatment Platform (COMMENCE)","Edwards Pericardial Mitral Bioprosthesis, Model 11000M - 27mm",COMMENCE (Inspiris RESILIA),Subject's Average Effective Orifice Area Index (EOAI) Measurements - 11000M,Effective orifice area index represents the minimal cross-sectional area of the blood flow downstream of the mitral valve divided by the person's body surface area. Effective orifice area index is evaluated by echocardiography over time.,"3 Months, 1 Year, and 2 Years Post Implant",0.8,cm^2/m^2,29,MEAN,,True,2026-09-16T12:17:58Z
NCT01757665,"ProspeCtive, nOn-randoMized, MulticENter Clinical Evaluation of Edwards Pericardial Bioprostheses With a New Tissue Treatment Platform (COMMENCE)","Edwards Pericardial Mitral Bioprosthesis, Model 11000M - 29mm",COMMENCE (Inspiris RESILIA),Subject's Average Effective Orifice Area Index (EOAI) Measurements - 11000M,Effective orifice area index represents the minimal cross-sectional area of the blood flow downstream of the mitral valve divided by the person's body surface area. Effective orifice area index is evaluated by echocardiography over time.,"3 Months, 1 Year, and 2 Years Post Implant",0.7,cm^2/m^2,25,MEAN,,True,2026-09-16T12:17:58Z
NCT01757665,"ProspeCtive, nOn-randoMized, MulticENter Clinical Evaluation of Edwards Pericardial Bioprostheses With a New Tissue Treatment Platform (COMMENCE)","Edwards Pericardial Mitral Bioprosthesis, Model 11000M - 31mm",COMMENCE (Inspiris RESILIA),Subject's Average Effective Orifice Area Index (EOAI) Measurements - 11000M,Effective orifice area index represents the minimal cross-sectional area of the blood flow downstream of the mitral valve divided by the person's body surface area. Effective orifice area index is evaluated by echocardiography over time.,"3 Months, 1 Year, and 2 Years Post Implant",0.9,cm^2/m^2,16,MEAN,,True,2026-09-16T12:17:58Z
NCT01757665,"ProspeCtive, nOn-randoMized, MulticENter Clinical Evaluation of Edwards Pericardial Bioprostheses With a New Tissue Treatment Platform (COMMENCE)","Edwards Pericardial Mitral Bioprosthesis, Model 11000M - 33mm",COMMENCE (Inspiris RESILIA),Subject's Average Effective Orifice Area Index (EOAI) Measurements - 11000M,Effective orifice area index represents the minimal cross-sectional area of the blood flow downstream of the mitral valve divided by the person's body surface area. Effective orifice area index is evaluated by echocardiography over time.,"3 Months, 1 Year, and 2 Years Post Implant",0.6,cm^2/m^2,6,MEAN,,True,2026-09-16T12:17:58Z
NCT01757665,"ProspeCtive, nOn-randoMized, MulticENter Clinical Evaluation of Edwards Pericardial Bioprostheses With a New Tissue Treatment Platform (COMMENCE)","Edwards Pericardial Mitral Bioprosthesis, Model 11000M - Total",COMMENCE (Inspiris RESILIA),Subject's Average Effective Orifice Area Index (EOAI) Measurements - 11000M,Effective orifice area index represents the minimal cross-sectional area of the blood flow downstream of the mitral valve divided by the person's body surface area. Effective orifice area index is evaluated by echocardiography over time.,"3 Months, 1 Year, and 2 Years Post Implant",0.7,cm^2/m^2,82,MEAN,,True,2026-09-16T12:17:58Z
NCT01757665,"ProspeCtive, nOn-randoMized, MulticENter Clinical Evaluation of Edwards Pericardial Bioprostheses With a New Tissue Treatment Platform (COMMENCE)","Edwards Pericardial Aortic Bioprosthesis, Model 11000A - 19mm",COMMENCE (Inspiris RESILIA),Subject's Average Performance Index Measurements - 11000A,Performance index is defined as the subject's effective orifice area (the cross sectional area of the blood flow downstream of the aortic valve) divided by the subject's native orifice area. Effective orifice area is evaluated by echocardiography over time.,"3 Months, 1 Year, and 2 Years Post Implant",1.1,cm^2/m^2,22,MEAN,,True,2026-09-16T12:17:58Z
NCT01757665,"ProspeCtive, nOn-randoMized, MulticENter Clinical Evaluation of Edwards Pericardial Bioprostheses With a New Tissue Treatment Platform (COMMENCE)","Edwards Pericardial Aortic Bioprosthesis, Model 11000A - 21mm",COMMENCE (Inspiris RESILIA),Subject's Average Performance Index Measurements - 11000A,Performance index is defined as the subject's effective orifice area (the cross sectional area of the blood flow downstream of the aortic valve) divided by the subject's native orifice area. Effective orifice area is evaluated by echocardiography over time.,"3 Months, 1 Year, and 2 Years Post Implant",0.9,cm^2/m^2,131,MEAN,,True,2026-09-16T12:17:58Z
NCT01757665,"ProspeCtive, nOn-randoMized, MulticENter Clinical Evaluation of Edwards Pericardial Bioprostheses With a New Tissue Treatment Platform (COMMENCE)","Edwards Pericardial Aortic Bioprosthesis, Model 11000A - 23mm",COMMENCE (Inspiris RESILIA),Subject's Average Performance Index Measurements - 11000A,Performance index is defined as the subject's effective orifice area (the cross sectional area of the blood flow downstream of the aortic valve) divided by the subject's native orifice area. Effective orifice area is evaluated by echocardiography over time.,"3 Months, 1 Year, and 2 Years Post Implant",0.9,cm^2/m^2,214,MEAN,,True,2026-09-16T12:17:58Z
NCT01757665,"ProspeCtive, nOn-randoMized, MulticENter Clinical Evaluation of Edwards Pericardial Bioprostheses With a New Tissue Treatment Platform (COMMENCE)","Edwards Pericardial Aortic Bioprosthesis, Model 11000A - 25mm",COMMENCE (Inspiris RESILIA),Subject's Average Performance Index Measurements - 11000A,Performance index is defined as the subject's effective orifice area (the cross sectional area of the blood flow downstream of the aortic valve) divided by the subject's native orifice area. Effective orifice area is evaluated by echocardiography over time.,"3 Months, 1 Year, and 2 Years Post Implant",0.9,cm^2/m^2,202,MEAN,,True,2026-09-16T12:17:58Z
NCT01757665,"ProspeCtive, nOn-randoMized, MulticENter Clinical Evaluation of Edwards Pericardial Bioprostheses With a New Tissue Treatment Platform (COMMENCE)","Edwards Pericardial Aortic Bioprosthesis, Model 11000A - 27mm",COMMENCE (Inspiris RESILIA),Subject's Average Performance Index Measurements - 11000A,Performance index is defined as the subject's effective orifice area (the cross sectional area of the blood flow downstream of the aortic valve) divided by the subject's native orifice area. Effective orifice area is evaluated by echocardiography over time.,"3 Months, 1 Year, and 2 Years Post Implant",0.9,cm^2/m^2,100,MEAN,,True,2026-09-16T12:17:58Z
NCT01757665,"ProspeCtive, nOn-randoMized, MulticENter Clinical Evaluation of Edwards Pericardial Bioprostheses With a New Tissue Treatment Platform (COMMENCE)","Edwards Pericardial Aortic Bioprosthesis, Model 11000A - 29mm",COMMENCE (Inspiris RESILIA),Subject's Average Performance Index Measurements - 11000A,Performance index is defined as the subject's effective orifice area (the cross sectional area of the blood flow downstream of the aortic valve) divided by the subject's native orifice area. Effective orifice area is evaluated by echocardiography over time.,"3 Months, 1 Year, and 2 Years Post Implant",0.8,cm^2/m^2,20,MEAN,,True,2026-09-16T12:17:58Z
NCT01757665,"ProspeCtive, nOn-randoMized, MulticENter Clinical Evaluation of Edwards Pericardial Bioprostheses With a New Tissue Treatment Platform (COMMENCE)","Edwards Pericardial Aortic Bioprosthesis, Model 11000A - Total",COMMENCE (Inspiris RESILIA),Subject's Average Performance Index Measurements - 11000A,Performance index is defined as the subject's effective orifice area (the cross sectional area of the blood flow downstream of the aortic valve) divided by the subject's native orifice area. Effective orifice area is evaluated by echocardiography over time.,"3 Months, 1 Year, and 2 Years Post Implant",0.9,cm^2/m^2,689,MEAN,,True,2026-09-16T12:17:58Z
NCT01757665,"ProspeCtive, nOn-randoMized, MulticENter Clinical Evaluation of Edwards Pericardial Bioprostheses With a New Tissue Treatment Platform (COMMENCE)","Edwards Pericardial Aortic Bioprosthesis, Model 11000A - 19mm",COMMENCE (Inspiris RESILIA),Subject's Average Performance Index Measurements - 11000A,Performance index is defined as the subject's effective orifice area (the cross sectional area of the blood flow downstream of the aortic valve) divided by the subject's native orifice area. Effective orifice area is evaluated by echocardiography over time.,"3 Months, 1 Year, and 2 Years Post Implant",0.9,cm^2/m^2,22,MEAN,,True,2026-09-16T12:17:58Z
NCT01757665,"ProspeCtive, nOn-randoMized, MulticENter Clinical Evaluation of Edwards Pericardial Bioprostheses With a New Tissue Treatment Platform (COMMENCE)","Edwards Pericardial Aortic Bioprosthesis, Model 11000A - 21mm",COMMENCE (Inspiris RESILIA),Subject's Average Performance Index Measurements - 11000A,Performance index is defined as the subject's effective orifice area (the cross sectional area of the blood flow downstream of the aortic valve) divided by the subject's native orifice area. Effective orifice area is evaluated by echocardiography over time.,"3 Months, 1 Year, and 2 Years Post Implant",0.8,cm^2/m^2,131,MEAN,,True,2026-09-16T12:17:58Z
NCT01757665,"ProspeCtive, nOn-randoMized, MulticENter Clinical Evaluation of Edwards Pericardial Bioprostheses With a New Tissue Treatment Platform (COMMENCE)","Edwards Pericardial Aortic Bioprosthesis, Model 11000A - 23mm",COMMENCE (Inspiris RESILIA),Subject's Average Performance Index Measurements - 11000A,Performance index is defined as the subject's effective orifice area (the cross sectional area of the blood flow downstream of the aortic valve) divided by the subject's native orifice area. Effective orifice area is evaluated by echocardiography over time.,"3 Months, 1 Year, and 2 Years Post Implant",0.8,cm^2/m^2,214,MEAN,,True,2026-09-16T12:17:58Z
NCT01757665,"ProspeCtive, nOn-randoMized, MulticENter Clinical Evaluation of Edwards Pericardial Bioprostheses With a New Tissue Treatment Platform (COMMENCE)","Edwards Pericardial Aortic Bioprosthesis, Model 11000A - 25mm",COMMENCE (Inspiris RESILIA),Subject's Average Performance Index Measurements - 11000A,Performance index is defined as the subject's effective orifice area (the cross sectional area of the blood flow downstream of the aortic valve) divided by the subject's native orifice area. Effective orifice area is evaluated by echocardiography over time.,"3 Months, 1 Year, and 2 Years Post Implant",0.8,cm^2/m^2,202,MEAN,,True,2026-09-16T12:17:58Z
NCT01757665,"ProspeCtive, nOn-randoMized, MulticENter Clinical Evaluation of Edwards Pericardial Bioprostheses With a New Tissue Treatment Platform (COMMENCE)","Edwards Pericardial Aortic Bioprosthesis, Model 11000A - 27mm",COMMENCE (Inspiris RESILIA),Subject's Average Performance Index Measurements - 11000A,Performance index is defined as the subject's effective orifice area (the cross sectional area of the blood flow downstream of the aortic valve) divided by the subject's native orifice area. Effective orifice area is evaluated by echocardiography over time.,"3 Months, 1 Year, and 2 Years Post Implant",0.9,cm^2/m^2,100,MEAN,,True,2026-09-16T12:17:58Z
NCT01757665,"ProspeCtive, nOn-randoMized, MulticENter Clinical Evaluation of Edwards Pericardial Bioprostheses With a New Tissue Treatment Platform (COMMENCE)","Edwards Pericardial Aortic Bioprosthesis, Model 11000A - Total",COMMENCE (Inspiris RESILIA),Subject's Average Performance Index Measurements - 11000A,Performance index is defined as the subject's effective orifice area (the cross sectional area of the blood flow downstream of the aortic valve) divided by the subject's native orifice area. Effective orifice area is evaluated by echocardiography over time.,"3 Months, 1 Year, and 2 Years Post Implant",0.8,cm^2/m^2,689,MEAN,,True,2026-09-16T12:17:58Z
NCT01757665,"ProspeCtive, nOn-randoMized, MulticENter Clinical Evaluation of Edwards Pericardial Bioprostheses With a New Tissue Treatment Platform (COMMENCE)","Edwards Pericardial Aortic Bioprosthesis, Model 11000A - 19mm",COMMENCE (Inspiris RESILIA),Subject's Average Performance Index Measurements - 11000A,Performance index is defined as the subject's effective orifice area (the cross sectional area of the blood flow downstream of the aortic valve) divided by the subject's native orifice area. Effective orifice area is evaluated by echocardiography over time.,"3 Months, 1 Year, and 2 Years Post Implant",0.8,cm^2/m^2,22,MEAN,,True,2026-09-16T12:17:58Z
NCT01757665,"ProspeCtive, nOn-randoMized, MulticENter Clinical Evaluation of Edwards Pericardial Bioprostheses With a New Tissue Treatment Platform (COMMENCE)","Edwards Pericardial Aortic Bioprosthesis, Model 11000A - 21mm",COMMENCE (Inspiris RESILIA),Subject's Average Performance Index Measurements - 11000A,Performance index is defined as the subject's effective orifice area (the cross sectional area of the blood flow downstream of the aortic valve) divided by the subject's native orifice area. Effective orifice area is evaluated by echocardiography over time.,"3 Months, 1 Year, and 2 Years Post Implant",0.8,cm^2/m^2,131,MEAN,,True,2026-09-16T12:17:58Z
NCT01757665,"ProspeCtive, nOn-randoMized, MulticENter Clinical Evaluation of Edwards Pericardial Bioprostheses With a New Tissue Treatment Platform (COMMENCE)","Edwards Pericardial Aortic Bioprosthesis, Model 11000A - 23mm",COMMENCE (Inspiris RESILIA),Subject's Average Performance Index Measurements - 11000A,Performance index is defined as the subject's effective orifice area (the cross sectional area of the blood flow downstream of the aortic valve) divided by the subject's native orifice area. Effective orifice area is evaluated by echocardiography over time.,"3 Months, 1 Year, and 2 Years Post Implant",0.8,cm^2/m^2,214,MEAN,,True,2026-09-16T12:17:58Z
NCT01757665,"ProspeCtive, nOn-randoMized, MulticENter Clinical Evaluation of Edwards Pericardial Bioprostheses With a New Tissue Treatment Platform (COMMENCE)","Edwards Pericardial Aortic Bioprosthesis, Model 11000A - 25mm",COMMENCE (Inspiris RESILIA),Subject's Average Performance Index Measurements - 11000A,Performance index is defined as the subject's effective orifice area (the cross sectional area of the blood flow downstream of the aortic valve) divided by the subject's native orifice area. Effective orifice area is evaluated by echocardiography over time.,"3 Months, 1 Year, and 2 Years Post Implant",0.9,cm^2/m^2,202,MEAN,,True,2026-09-16T12:17:58Z
NCT01757665,"ProspeCtive, nOn-randoMized, MulticENter Clinical Evaluation of Edwards Pericardial Bioprostheses With a New Tissue Treatment Platform (COMMENCE)","Edwards Pericardial Aortic Bioprosthesis, Model 11000A - 27mm",COMMENCE (Inspiris RESILIA),Subject's Average Performance Index Measurements - 11000A,Performance index is defined as the subject's effective orifice area (the cross sectional area of the blood flow downstream of the aortic valve) divided by the subject's native orifice area. Effective orifice area is evaluated by echocardiography over time.,"3 Months, 1 Year, and 2 Years Post Implant",0.7,cm^2/m^2,100,MEAN,,True,2026-09-16T12:17:58Z
NCT01757665,"ProspeCtive, nOn-randoMized, MulticENter Clinical Evaluation of Edwards Pericardial Bioprostheses With a New Tissue Treatment Platform (COMMENCE)","Edwards Pericardial Aortic Bioprosthesis, Model 11000A - Total",COMMENCE (Inspiris RESILIA),Subject's Average Performance Index Measurements - 11000A,Performance index is defined as the subject's effective orifice area (the cross sectional area of the blood flow downstream of the aortic valve) divided by the subject's native orifice area. Effective orifice area is evaluated by echocardiography over time.,"3 Months, 1 Year, and 2 Years Post Implant",0.8,cm^2/m^2,689,MEAN,,True,2026-09-16T12:17:58Z
NCT01757665,"ProspeCtive, nOn-randoMized, MulticENter Clinical Evaluation of Edwards Pericardial Bioprostheses With a New Tissue Treatment Platform (COMMENCE)","Edwards Pericardial Mitral Bioprosthesis, Model 11000M - 25mm",COMMENCE (Inspiris RESILIA),Subject's Average Performance Index Measurements - 11000M,Performance index is defined as the subject's effective orifice area (the crosssectional area of the blood flow downstream of the mitral valve) divided by the subject's native orifice area. Effective orifice area is evaluated by echocardiography over time.,"3 Months, 1 Year, and 2 Years Post Implant",0.6,cm^2/m^2,6,MEAN,,True,2026-09-16T12:17:58Z
NCT01757665,"ProspeCtive, nOn-randoMized, MulticENter Clinical Evaluation of Edwards Pericardial Bioprostheses With a New Tissue Treatment Platform (COMMENCE)","Edwards Pericardial Mitral Bioprosthesis, Model 11000M - 27mm",COMMENCE (Inspiris RESILIA),Subject's Average Performance Index Measurements - 11000M,Performance index is defined as the subject's effective orifice area (the crosssectional area of the blood flow downstream of the mitral valve) divided by the subject's native orifice area. Effective orifice area is evaluated by echocardiography over time.,"3 Months, 1 Year, and 2 Years Post Implant",0.6,cm^2/m^2,29,MEAN,,True,2026-09-16T12:17:58Z
NCT01757665,"ProspeCtive, nOn-randoMized, MulticENter Clinical Evaluation of Edwards Pericardial Bioprostheses With a New Tissue Treatment Platform (COMMENCE)","Edwards Pericardial Mitral Bioprosthesis, Model 11000M - 29mm",COMMENCE (Inspiris RESILIA),Subject's Average Performance Index Measurements - 11000M,Performance index is defined as the subject's effective orifice area (the crosssectional area of the blood flow downstream of the mitral valve) divided by the subject's native orifice area. Effective orifice area is evaluated by echocardiography over time.,"3 Months, 1 Year, and 2 Years Post Implant",0.6,cm^2/m^2,25,MEAN,,True,2026-09-16T12:17:58Z
NCT01757665,"ProspeCtive, nOn-randoMized, MulticENter Clinical Evaluation of Edwards Pericardial Bioprostheses With a New Tissue Treatment Platform (COMMENCE)","Edwards Pericardial Mitral Bioprosthesis, Model 11000M - 31mm",COMMENCE (Inspiris RESILIA),Subject's Average Performance Index Measurements - 11000M,Performance index is defined as the subject's effective orifice area (the crosssectional area of the blood flow downstream of the mitral valve) divided by the subject's native orifice area. Effective orifice area is evaluated by echocardiography over time.,"3 Months, 1 Year, and 2 Years Post Implant",0.5,cm^2/m^2,16,MEAN,,True,2026-09-16T12:17:58Z
NCT01757665,"ProspeCtive, nOn-randoMized, MulticENter Clinical Evaluation of Edwards Pericardial Bioprostheses With a New Tissue Treatment Platform (COMMENCE)","Edwards Pericardial Mitral Bioprosthesis, Model 11000M - 33mm",COMMENCE (Inspiris RESILIA),Subject's Average Performance Index Measurements - 11000M,Performance index is defined as the subject's effective orifice area (the crosssectional area of the blood flow downstream of the mitral valve) divided by the subject's native orifice area. Effective orifice area is evaluated by echocardiography over time.,"3 Months, 1 Year, and 2 Years Post Implant",0.6,cm^2/m^2,6,MEAN,,True,2026-09-16T12:17:58Z
NCT01757665,"ProspeCtive, nOn-randoMized, MulticENter Clinical Evaluation of Edwards Pericardial Bioprostheses With a New Tissue Treatment Platform (COMMENCE)","Edwards Pericardial Mitral Bioprosthesis, Model 11000M - Total",COMMENCE (Inspiris RESILIA),Subject's Average Performance Index Measurements - 11000M,Performance index is defined as the subject's effective orifice area (the crosssectional area of the blood flow downstream of the mitral valve) divided by the subject's native orifice area. Effective orifice area is evaluated by echocardiography over time.,"3 Months, 1 Year, and 2 Years Post Implant",0.6,cm^2/m^2,82,MEAN,,True,2026-09-16T12:17:58Z
NCT01757665,"ProspeCtive, nOn-randoMized, MulticENter Clinical Evaluation of Edwards Pericardial Bioprostheses With a New Tissue Treatment Platform (COMMENCE)","Edwards Pericardial Mitral Bioprosthesis, Model 11000M - 25mm",COMMENCE (Inspiris RESILIA),Subject's Average Performance Index Measurements - 11000M,Performance index is defined as the subject's effective orifice area (the crosssectional area of the blood flow downstream of the mitral valve) divided by the subject's native orifice area. Effective orifice area is evaluated by echocardiography over time.,"3 Months, 1 Year, and 2 Years Post Implant",0.6,cm^2/m^2,6,MEAN,,True,2026-09-16T12:17:58Z
NCT01757665,"ProspeCtive, nOn-randoMized, MulticENter Clinical Evaluation of Edwards Pericardial Bioprostheses With a New Tissue Treatment Platform (COMMENCE)","Edwards Pericardial Mitral Bioprosthesis, Model 11000M - 27mm",COMMENCE (Inspiris RESILIA),Subject's Average Performance Index Measurements - 11000M,Performance index is defined as the subject's effective orifice area (the crosssectional area of the blood flow downstream of the mitral valve) divided by the subject's native orifice area. Effective orifice area is evaluated by echocardiography over time.,"3 Months, 1 Year, and 2 Years Post Implant",0.6,cm^2/m^2,29,MEAN,,True,2026-09-16T12:17:58Z
NCT01757665,"ProspeCtive, nOn-randoMized, MulticENter Clinical Evaluation of Edwards Pericardial Bioprostheses With a New Tissue Treatment Platform (COMMENCE)","Edwards Pericardial Mitral Bioprosthesis, Model 11000M - 29mm",COMMENCE (Inspiris RESILIA),Subject's Average Performance Index Measurements - 11000M,Performance index is defined as the subject's effective orifice area (the crosssectional area of the blood flow downstream of the mitral valve) divided by the subject's native orifice area. Effective orifice area is evaluated by echocardiography over time.,"3 Months, 1 Year, and 2 Years Post Implant",0.6,cm^2/m^2,25,MEAN,,True,2026-09-16T12:17:58Z
NCT01757665,"ProspeCtive, nOn-randoMized, MulticENter Clinical Evaluation of Edwards Pericardial Bioprostheses With a New Tissue Treatment Platform (COMMENCE)","Edwards Pericardial Mitral Bioprosthesis, Model 11000M - 31mm",COMMENCE (Inspiris RESILIA),Subject's Average Performance Index Measurements - 11000M,Performance index is defined as the subject's effective orifice area (the crosssectional area of the blood flow downstream of the mitral valve) divided by the subject's native orifice area. Effective orifice area is evaluated by echocardiography over time.,"3 Months, 1 Year, and 2 Years Post Implant",0.5,cm^2/m^2,16,MEAN,,True,2026-09-16T12:17:58Z
NCT01757665,"ProspeCtive, nOn-randoMized, MulticENter Clinical Evaluation of Edwards Pericardial Bioprostheses With a New Tissue Treatment Platform (COMMENCE)","Edwards Pericardial Mitral Bioprosthesis, Model 11000M - 33mm",COMMENCE (Inspiris RESILIA),Subject's Average Performance Index Measurements - 11000M,Performance index is defined as the subject's effective orifice area (the crosssectional area of the blood flow downstream of the mitral valve) divided by the subject's native orifice area. Effective orifice area is evaluated by echocardiography over time.,"3 Months, 1 Year, and 2 Years Post Implant",0.5,cm^2/m^2,6,MEAN,,True,2026-09-16T12:17:58Z
NCT01757665,"ProspeCtive, nOn-randoMized, MulticENter Clinical Evaluation of Edwards Pericardial Bioprostheses With a New Tissue Treatment Platform (COMMENCE)","Edwards Pericardial Mitral Bioprosthesis, Model 11000M - Total",COMMENCE (Inspiris RESILIA),Subject's Average Performance Index Measurements - 11000M,Performance index is defined as the subject's effective orifice area (the crosssectional area of the blood flow downstream of the mitral valve) divided by the subject's native orifice area. Effective orifice area is evaluated by echocardiography over time.,"3 Months, 1 Year, and 2 Years Post Implant",0.5,cm^2/m^2,82,MEAN,,True,2026-09-16T12:17:58Z
NCT01757665,"ProspeCtive, nOn-randoMized, MulticENter Clinical Evaluation of Edwards Pericardial Bioprostheses With a New Tissue Treatment Platform (COMMENCE)","Edwards Pericardial Mitral Bioprosthesis, Model 11000M - 27mm",COMMENCE (Inspiris RESILIA),Subject's Average Performance Index Measurements - 11000M,Performance index is defined as the subject's effective orifice area (the crosssectional area of the blood flow downstream of the mitral valve) divided by the subject's native orifice area. Effective orifice area is evaluated by echocardiography over time.,"3 Months, 1 Year, and 2 Years Post Implant",0.6,cm^2/m^2,29,MEAN,,True,2026-09-16T12:17:58Z
NCT01757665,"ProspeCtive, nOn-randoMized, MulticENter Clinical Evaluation of Edwards Pericardial Bioprostheses With a New Tissue Treatment Platform (COMMENCE)","Edwards Pericardial Mitral Bioprosthesis, Model 11000M - 29mm",COMMENCE (Inspiris RESILIA),Subject's Average Performance Index Measurements - 11000M,Performance index is defined as the subject's effective orifice area (the crosssectional area of the blood flow downstream of the mitral valve) divided by the subject's native orifice area. Effective orifice area is evaluated by echocardiography over time.,"3 Months, 1 Year, and 2 Years Post Implant",0.6,cm^2/m^2,25,MEAN,,True,2026-09-16T12:17:58Z
NCT01757665,"ProspeCtive, nOn-randoMized, MulticENter Clinical Evaluation of Edwards Pericardial Bioprostheses With a New Tissue Treatment Platform (COMMENCE)","Edwards Pericardial Mitral Bioprosthesis, Model 11000M - 31mm",COMMENCE (Inspiris RESILIA),Subject's Average Performance Index Measurements - 11000M,Performance index is defined as the subject's effective orifice area (the crosssectional area of the blood flow downstream of the mitral valve) divided by the subject's native orifice area. Effective orifice area is evaluated by echocardiography over time.,"3 Months, 1 Year, and 2 Years Post Implant",0.6,cm^2/m^2,16,MEAN,,True,2026-09-16T12:17:58Z
NCT01757665,"ProspeCtive, nOn-randoMized, MulticENter Clinical Evaluation of Edwards Pericardial Bioprostheses With a New Tissue Treatment Platform (COMMENCE)","Edwards Pericardial Mitral Bioprosthesis, Model 11000M - 33mm",COMMENCE (Inspiris RESILIA),Subject's Average Performance Index Measurements - 11000M,Performance index is defined as the subject's effective orifice area (the crosssectional area of the blood flow downstream of the mitral valve) divided by the subject's native orifice area. Effective orifice area is evaluated by echocardiography over time.,"3 Months, 1 Year, and 2 Years Post Implant",0.4,cm^2/m^2,6,MEAN,,True,2026-09-16T12:17:58Z
NCT01757665,"ProspeCtive, nOn-randoMized, MulticENter Clinical Evaluation of Edwards Pericardial Bioprostheses With a New Tissue Treatment Platform (COMMENCE)","Edwards Pericardial Mitral Bioprosthesis, Model 11000M - Total",COMMENCE (Inspiris RESILIA),Subject's Average Performance Index Measurements - 11000M,Performance index is defined as the subject's effective orifice area (the crosssectional area of the blood flow downstream of the mitral valve) divided by the subject's native orifice area. Effective orifice area is evaluated by echocardiography over time.,"3 Months, 1 Year, and 2 Years Post Implant",0.6,cm^2/m^2,82,MEAN,,True,2026-09-16T12:17:58Z
NCT01757665,"ProspeCtive, nOn-randoMized, MulticENter Clinical Evaluation of Edwards Pericardial Bioprostheses With a New Tissue Treatment Platform (COMMENCE)","Edwards Pericardial Aortic Bioprosthesis, Model 11000A - 19mm",COMMENCE (Inspiris RESILIA),Subject's Amount of Total Valvular Regurgitation Over Time - 11000A,"Valvular regurgitation occurs when the valve in the heart does not close tightly allowing some of the blood that was pumped out of the heart to leak back into it. Valvular regurgitation is evaluated by echocardiography over time. It is assessed on a scale from 0 to 4, where 0 represents no regurgitation and 4 represents severe regurgitation.","3 Months, 1 Year, and 2 Years Post Implant",17,Participants,22,COUNT_OF_PARTICIPANTS,0 None,True,2026-09-16T12:17:58Z
NCT01757665,"ProspeCtive, nOn-randoMized, MulticENter Clinical Evaluation of Edwards Pericardial Bioprostheses With a New Tissue Treatment Platform (COMMENCE)","Edwards Pericardial Aortic Bioprosthesis, Model 11000A - 21mm",COMMENCE (Inspiris RESILIA),Subject's Amount of Total Valvular Regurgitation Over Time - 11000A,"Valvular regurgitation occurs when the valve in the heart does not close tightly allowing some of the blood that was pumped out of the heart to leak back into it. Valvular regurgitation is evaluated by echocardiography over time. It is assessed on a scale from 0 to 4, where 0 represents no regurgitation and 4 represents severe regurgitation.","3 Months, 1 Year, and 2 Years Post Implant",106,Participants,131,COUNT_OF_PARTICIPANTS,0 None,True,2026-09-16T12:17:58Z
NCT01757665,"ProspeCtive, nOn-randoMized, MulticENter Clinical Evaluation of Edwards Pericardial Bioprostheses With a New Tissue Treatment Platform (COMMENCE)","Edwards Pericardial Aortic Bioprosthesis, Model 11000A - 23mm",COMMENCE (Inspiris RESILIA),Subject's Amount of Total Valvular Regurgitation Over Time - 11000A,"Valvular regurgitation occurs when the valve in the heart does not close tightly allowing some of the blood that was pumped out of the heart to leak back into it. Valvular regurgitation is evaluated by echocardiography over time. It is assessed on a scale from 0 to 4, where 0 represents no regurgitation and 4 represents severe regurgitation.","3 Months, 1 Year, and 2 Years Post Implant",166,Participants,214,COUNT_OF_PARTICIPANTS,0 None,True,2026-09-16T12:17:58Z
NCT01757665,"ProspeCtive, nOn-randoMized, MulticENter Clinical Evaluation of Edwards Pericardial Bioprostheses With a New Tissue Treatment Platform (COMMENCE)","Edwards Pericardial Aortic Bioprosthesis, Model 11000A - 25mm",COMMENCE (Inspiris RESILIA),Subject's Amount of Total Valvular Regurgitation Over Time - 11000A,"Valvular regurgitation occurs when the valve in the heart does not close tightly allowing some of the blood that was pumped out of the heart to leak back into it. Valvular regurgitation is evaluated by echocardiography over time. It is assessed on a scale from 0 to 4, where 0 represents no regurgitation and 4 represents severe regurgitation.","3 Months, 1 Year, and 2 Years Post Implant",162,Participants,202,COUNT_OF_PARTICIPANTS,0 None,True,2026-09-16T12:17:58Z
NCT01757665,"ProspeCtive, nOn-randoMized, MulticENter Clinical Evaluation of Edwards Pericardial Bioprostheses With a New Tissue Treatment Platform (COMMENCE)","Edwards Pericardial Aortic Bioprosthesis, Model 11000A - 27mm",COMMENCE (Inspiris RESILIA),Subject's Amount of Total Valvular Regurgitation Over Time - 11000A,"Valvular regurgitation occurs when the valve in the heart does not close tightly allowing some of the blood that was pumped out of the heart to leak back into it. Valvular regurgitation is evaluated by echocardiography over time. It is assessed on a scale from 0 to 4, where 0 represents no regurgitation and 4 represents severe regurgitation.","3 Months, 1 Year, and 2 Years Post Implant",69,Participants,100,COUNT_OF_PARTICIPANTS,0 None,True,2026-09-16T12:17:58Z
NCT01757665,"ProspeCtive, nOn-randoMized, MulticENter Clinical Evaluation of Edwards Pericardial Bioprostheses With a New Tissue Treatment Platform (COMMENCE)","Edwards Pericardial Aortic Bioprosthesis, Model 11000A - 29mm",COMMENCE (Inspiris RESILIA),Subject's Amount of Total Valvular Regurgitation Over Time - 11000A,"Valvular regurgitation occurs when the valve in the heart does not close tightly allowing some of the blood that was pumped out of the heart to leak back into it. Valvular regurgitation is evaluated by echocardiography over time. It is assessed on a scale from 0 to 4, where 0 represents no regurgitation and 4 represents severe regurgitation.","3 Months, 1 Year, and 2 Years Post Implant",11,Participants,20,COUNT_OF_PARTICIPANTS,0 None,True,2026-09-16T12:17:58Z
NCT01757665,"ProspeCtive, nOn-randoMized, MulticENter Clinical Evaluation of Edwards Pericardial Bioprostheses With a New Tissue Treatment Platform (COMMENCE)","Edwards Pericardial Aortic Bioprosthesis, Model 11000A - Total",COMMENCE (Inspiris RESILIA),Subject's Amount of Total Valvular Regurgitation Over Time - 11000A,"Valvular regurgitation occurs when the valve in the heart does not close tightly allowing some of the blood that was pumped out of the heart to leak back into it. Valvular regurgitation is evaluated by echocardiography over time. It is assessed on a scale from 0 to 4, where 0 represents no regurgitation and 4 represents severe regurgitation.","3 Months, 1 Year, and 2 Years Post Implant",531,Participants,689,COUNT_OF_PARTICIPANTS,0 None,True,2026-09-16T12:17:58Z
NCT01757665,"ProspeCtive, nOn-randoMized, MulticENter Clinical Evaluation of Edwards Pericardial Bioprostheses With a New Tissue Treatment Platform (COMMENCE)","Edwards Pericardial Aortic Bioprosthesis, Model 11000A - 19mm",COMMENCE (Inspiris RESILIA),Subject's Amount of Total Valvular Regurgitation Over Time - 11000A,"Valvular regurgitation occurs when the valve in the heart does not close tightly allowing some of the blood that was pumped out of the heart to leak back into it. Valvular regurgitation is evaluated by echocardiography over time. It is assessed on a scale from 0 to 4, where 0 represents no regurgitation and 4 represents severe regurgitation.","3 Months, 1 Year, and 2 Years Post Implant",3,Participants,22,COUNT_OF_PARTICIPANTS,+1 Trivial/Trace,True,2026-09-16T12:17:58Z
NCT01757665,"ProspeCtive, nOn-randoMized, MulticENter Clinical Evaluation of Edwards Pericardial Bioprostheses With a New Tissue Treatment Platform (COMMENCE)","Edwards Pericardial Aortic Bioprosthesis, Model 11000A - 21mm",COMMENCE (Inspiris RESILIA),Subject's Amount of Total Valvular Regurgitation Over Time - 11000A,"Valvular regurgitation occurs when the valve in the heart does not close tightly allowing some of the blood that was pumped out of the heart to leak back into it. Valvular regurgitation is evaluated by echocardiography over time. It is assessed on a scale from 0 to 4, where 0 represents no regurgitation and 4 represents severe regurgitation.","3 Months, 1 Year, and 2 Years Post Implant",11,Participants,131,COUNT_OF_PARTICIPANTS,+1 Trivial/Trace,True,2026-09-16T12:17:58Z
NCT01757665,"ProspeCtive, nOn-randoMized, MulticENter Clinical Evaluation of Edwards Pericardial Bioprostheses With a New Tissue Treatment Platform (COMMENCE)","Edwards Pericardial Aortic Bioprosthesis, Model 11000A - 23mm",COMMENCE (Inspiris RESILIA),Subject's Amount of Total Valvular Regurgitation Over Time - 11000A,"Valvular regurgitation occurs when the valve in the heart does not close tightly allowing some of the blood that was pumped out of the heart to leak back into it. Valvular regurgitation is evaluated by echocardiography over time. It is assessed on a scale from 0 to 4, where 0 represents no regurgitation and 4 represents severe regurgitation.","3 Months, 1 Year, and 2 Years Post Implant",25,Participants,214,COUNT_OF_PARTICIPANTS,+1 Trivial/Trace,True,2026-09-16T12:17:58Z
NCT01757665,"ProspeCtive, nOn-randoMized, MulticENter Clinical Evaluation of Edwards Pericardial Bioprostheses With a New Tissue Treatment Platform (COMMENCE)","Edwards Pericardial Aortic Bioprosthesis, Model 11000A - 25mm",COMMENCE (Inspiris RESILIA),Subject's Amount of Total Valvular Regurgitation Over Time - 11000A,"Valvular regurgitation occurs when the valve in the heart does not close tightly allowing some of the blood that was pumped out of the heart to leak back into it. Valvular regurgitation is evaluated by echocardiography over time. It is assessed on a scale from 0 to 4, where 0 represents no regurgitation and 4 represents severe regurgitation.","3 Months, 1 Year, and 2 Years Post Implant",20,Participants,202,COUNT_OF_PARTICIPANTS,+1 Trivial/Trace,True,2026-09-16T12:17:58Z
NCT01757665,"ProspeCtive, nOn-randoMized, MulticENter Clinical Evaluation of Edwards Pericardial Bioprostheses With a New Tissue Treatment Platform (COMMENCE)","Edwards Pericardial Aortic Bioprosthesis, Model 11000A - 27mm",COMMENCE (Inspiris RESILIA),Subject's Amount of Total Valvular Regurgitation Over Time - 11000A,"Valvular regurgitation occurs when the valve in the heart does not close tightly allowing some of the blood that was pumped out of the heart to leak back into it. Valvular regurgitation is evaluated by echocardiography over time. It is assessed on a scale from 0 to 4, where 0 represents no regurgitation and 4 represents severe regurgitation.","3 Months, 1 Year, and 2 Years Post Implant",20,Participants,100,COUNT_OF_PARTICIPANTS,+1 Trivial/Trace,True,2026-09-16T12:17:58Z
NCT01757665,"ProspeCtive, nOn-randoMized, MulticENter Clinical Evaluation of Edwards Pericardial Bioprostheses With a New Tissue Treatment Platform (COMMENCE)","Edwards Pericardial Aortic Bioprosthesis, Model 11000A - 29mm",COMMENCE (Inspiris RESILIA),Subject's Amount of Total Valvular Regurgitation Over Time - 11000A,"Valvular regurgitation occurs when the valve in the heart does not close tightly allowing some of the blood that was pumped out of the heart to leak back into it. Valvular regurgitation is evaluated by echocardiography over time. It is assessed on a scale from 0 to 4, where 0 represents no regurgitation and 4 represents severe regurgitation.","3 Months, 1 Year, and 2 Years Post Implant",1,Participants,20,COUNT_OF_PARTICIPANTS,+1 Trivial/Trace,True,2026-09-16T12:17:58Z
NCT01757665,"ProspeCtive, nOn-randoMized, MulticENter Clinical Evaluation of Edwards Pericardial Bioprostheses With a New Tissue Treatment Platform (COMMENCE)","Edwards Pericardial Aortic Bioprosthesis, Model 11000A - Total",COMMENCE (Inspiris RESILIA),Subject's Amount of Total Valvular Regurgitation Over Time - 11000A,"Valvular regurgitation occurs when the valve in the heart does not close tightly allowing some of the blood that was pumped out of the heart to leak back into it. Valvular regurgitation is evaluated by echocardiography over time. It is assessed on a scale from 0 to 4, where 0 represents no regurgitation and 4 represents severe regurgitation.","3 Months, 1 Year, and 2 Years Post Implant",80,Participants,689,COUNT_OF_PARTICIPANTS,+1 Trivial/Trace,True,2026-09-16T12:17:58Z
NCT01757665,"ProspeCtive, nOn-randoMized, MulticENter Clinical Evaluation of Edwards Pericardial Bioprostheses With a New Tissue Treatment Platform (COMMENCE)","Edwards Pericardial Aortic Bioprosthesis, Model 11000A - 19mm",COMMENCE (Inspiris RESILIA),Subject's Amount of Total Valvular Regurgitation Over Time - 11000A,"Valvular regurgitation occurs when the valve in the heart does not close tightly allowing some of the blood that was pumped out of the heart to leak back into it. Valvular regurgitation is evaluated by echocardiography over time. It is assessed on a scale from 0 to 4, where 0 represents no regurgitation and 4 represents severe regurgitation.","3 Months, 1 Year, and 2 Years Post Implant",1,Participants,22,COUNT_OF_PARTICIPANTS,+2 Mild,True,2026-09-16T12:17:58Z
NCT01757665,"ProspeCtive, nOn-randoMized, MulticENter Clinical Evaluation of Edwards Pericardial Bioprostheses With a New Tissue Treatment Platform (COMMENCE)","Edwards Pericardial Aortic Bioprosthesis, Model 11000A - 21mm",COMMENCE (Inspiris RESILIA),Subject's Amount of Total Valvular Regurgitation Over Time - 11000A,"Valvular regurgitation occurs when the valve in the heart does not close tightly allowing some of the blood that was pumped out of the heart to leak back into it. Valvular regurgitation is evaluated by echocardiography over time. It is assessed on a scale from 0 to 4, where 0 represents no regurgitation and 4 represents severe regurgitation.","3 Months, 1 Year, and 2 Years Post Implant",1,Participants,131,COUNT_OF_PARTICIPANTS,+2 Mild,True,2026-09-16T12:17:58Z
NCT01757665,"ProspeCtive, nOn-randoMized, MulticENter Clinical Evaluation of Edwards Pericardial Bioprostheses With a New Tissue Treatment Platform (COMMENCE)","Edwards Pericardial Aortic Bioprosthesis, Model 11000A - 23mm",COMMENCE (Inspiris RESILIA),Subject's Amount of Total Valvular Regurgitation Over Time - 11000A,"Valvular regurgitation occurs when the valve in the heart does not close tightly allowing some of the blood that was pumped out of the heart to leak back into it. Valvular regurgitation is evaluated by echocardiography over time. It is assessed on a scale from 0 to 4, where 0 represents no regurgitation and 4 represents severe regurgitation.","3 Months, 1 Year, and 2 Years Post Implant",3,Participants,214,COUNT_OF_PARTICIPANTS,+2 Mild,True,2026-09-16T12:17:58Z
NCT01757665,"ProspeCtive, nOn-randoMized, MulticENter Clinical Evaluation of Edwards Pericardial Bioprostheses With a New Tissue Treatment Platform (COMMENCE)","Edwards Pericardial Aortic Bioprosthesis, Model 11000A - 25mm",COMMENCE (Inspiris RESILIA),Subject's Amount of Total Valvular Regurgitation Over Time - 11000A,"Valvular regurgitation occurs when the valve in the heart does not close tightly allowing some of the blood that was pumped out of the heart to leak back into it. Valvular regurgitation is evaluated by echocardiography over time. It is assessed on a scale from 0 to 4, where 0 represents no regurgitation and 4 represents severe regurgitation.","3 Months, 1 Year, and 2 Years Post Implant",4,Participants,202,COUNT_OF_PARTICIPANTS,+2 Mild,True,2026-09-16T12:17:58Z
NCT01757665,"ProspeCtive, nOn-randoMized, MulticENter Clinical Evaluation of Edwards Pericardial Bioprostheses With a New Tissue Treatment Platform (COMMENCE)","Edwards Pericardial Aortic Bioprosthesis, Model 11000A - 27mm",COMMENCE (Inspiris RESILIA),Subject's Amount of Total Valvular Regurgitation Over Time - 11000A,"Valvular regurgitation occurs when the valve in the heart does not close tightly allowing some of the blood that was pumped out of the heart to leak back into it. Valvular regurgitation is evaluated by echocardiography over time. It is assessed on a scale from 0 to 4, where 0 represents no regurgitation and 4 represents severe regurgitation.","3 Months, 1 Year, and 2 Years Post Implant",1,Participants,100,COUNT_OF_PARTICIPANTS,+2 Mild,True,2026-09-16T12:17:58Z
NCT01757665,"ProspeCtive, nOn-randoMized, MulticENter Clinical Evaluation of Edwards Pericardial Bioprostheses With a New Tissue Treatment Platform (COMMENCE)","Edwards Pericardial Aortic Bioprosthesis, Model 11000A - 29mm",COMMENCE (Inspiris RESILIA),Subject's Amount of Total Valvular Regurgitation Over Time - 11000A,"Valvular regurgitation occurs when the valve in the heart does not close tightly allowing some of the blood that was pumped out of the heart to leak back into it. Valvular regurgitation is evaluated by echocardiography over time. It is assessed on a scale from 0 to 4, where 0 represents no regurgitation and 4 represents severe regurgitation.","3 Months, 1 Year, and 2 Years Post Implant",0,Participants,20,COUNT_OF_PARTICIPANTS,+2 Mild,True,2026-09-16T12:17:58Z
NCT01757665,"ProspeCtive, nOn-randoMized, MulticENter Clinical Evaluation of Edwards Pericardial Bioprostheses With a New Tissue Treatment Platform (COMMENCE)","Edwards Pericardial Aortic Bioprosthesis, Model 11000A - Total",COMMENCE (Inspiris RESILIA),Subject's Amount of Total Valvular Regurgitation Over Time - 11000A,"Valvular regurgitation occurs when the valve in the heart does not close tightly allowing some of the blood that was pumped out of the heart to leak back into it. Valvular regurgitation is evaluated by echocardiography over time. It is assessed on a scale from 0 to 4, where 0 represents no regurgitation and 4 represents severe regurgitation.","3 Months, 1 Year, and 2 Years Post Implant",10,Participants,689,COUNT_OF_PARTICIPANTS,+2 Mild,True,2026-09-16T12:17:58Z
NCT01757665,"ProspeCtive, nOn-randoMized, MulticENter Clinical Evaluation of Edwards Pericardial Bioprostheses With a New Tissue Treatment Platform (COMMENCE)","Edwards Pericardial Aortic Bioprosthesis, Model 11000A - 19mm",COMMENCE (Inspiris RESILIA),Subject's Amount of Total Valvular Regurgitation Over Time - 11000A,"Valvular regurgitation occurs when the valve in the heart does not close tightly allowing some of the blood that was pumped out of the heart to leak back into it. Valvular regurgitation is evaluated by echocardiography over time. It is assessed on a scale from 0 to 4, where 0 represents no regurgitation and 4 represents severe regurgitation.","3 Months, 1 Year, and 2 Years Post Implant",0,Participants,22,COUNT_OF_PARTICIPANTS,+3 Moderate,True,2026-09-16T12:17:58Z
NCT01757665,"ProspeCtive, nOn-randoMized, MulticENter Clinical Evaluation of Edwards Pericardial Bioprostheses With a New Tissue Treatment Platform (COMMENCE)","Edwards Pericardial Aortic Bioprosthesis, Model 11000A - 21mm",COMMENCE (Inspiris RESILIA),Subject's Amount of Total Valvular Regurgitation Over Time - 11000A,"Valvular regurgitation occurs when the valve in the heart does not close tightly allowing some of the blood that was pumped out of the heart to leak back into it. Valvular regurgitation is evaluated by echocardiography over time. It is assessed on a scale from 0 to 4, where 0 represents no regurgitation and 4 represents severe regurgitation.","3 Months, 1 Year, and 2 Years Post Implant",0,Participants,131,COUNT_OF_PARTICIPANTS,+3 Moderate,True,2026-09-16T12:17:58Z
NCT01757665,"ProspeCtive, nOn-randoMized, MulticENter Clinical Evaluation of Edwards Pericardial Bioprostheses With a New Tissue Treatment Platform (COMMENCE)","Edwards Pericardial Aortic Bioprosthesis, Model 11000A - 23mm",COMMENCE (Inspiris RESILIA),Subject's Amount of Total Valvular Regurgitation Over Time - 11000A,"Valvular regurgitation occurs when the valve in the heart does not close tightly allowing some of the blood that was pumped out of the heart to leak back into it. Valvular regurgitation is evaluated by echocardiography over time. It is assessed on a scale from 0 to 4, where 0 represents no regurgitation and 4 represents severe regurgitation.","3 Months, 1 Year, and 2 Years Post Implant",1,Participants,214,COUNT_OF_PARTICIPANTS,+3 Moderate,True,2026-09-16T12:17:58Z
NCT01757665,"ProspeCtive, nOn-randoMized, MulticENter Clinical Evaluation of Edwards Pericardial Bioprostheses With a New Tissue Treatment Platform (COMMENCE)","Edwards Pericardial Aortic Bioprosthesis, Model 11000A - 25mm",COMMENCE (Inspiris RESILIA),Subject's Amount of Total Valvular Regurgitation Over Time - 11000A,"Valvular regurgitation occurs when the valve in the heart does not close tightly allowing some of the blood that was pumped out of the heart to leak back into it. Valvular regurgitation is evaluated by echocardiography over time. It is assessed on a scale from 0 to 4, where 0 represents no regurgitation and 4 represents severe regurgitation.","3 Months, 1 Year, and 2 Years Post Implant",0,Participants,202,COUNT_OF_PARTICIPANTS,+3 Moderate,True,2026-09-16T12:17:58Z
NCT01757665,"ProspeCtive, nOn-randoMized, MulticENter Clinical Evaluation of Edwards Pericardial Bioprostheses With a New Tissue Treatment Platform (COMMENCE)","Edwards Pericardial Aortic Bioprosthesis, Model 11000A - 27mm",COMMENCE (Inspiris RESILIA),Subject's Amount of Total Valvular Regurgitation Over Time - 11000A,"Valvular regurgitation occurs when the valve in the heart does not close tightly allowing some of the blood that was pumped out of the heart to leak back into it. Valvular regurgitation is evaluated by echocardiography over time. It is assessed on a scale from 0 to 4, where 0 represents no regurgitation and 4 represents severe regurgitation.","3 Months, 1 Year, and 2 Years Post Implant",0,Participants,100,COUNT_OF_PARTICIPANTS,+3 Moderate,True,2026-09-16T12:17:58Z
NCT01757665,"ProspeCtive, nOn-randoMized, MulticENter Clinical Evaluation of Edwards Pericardial Bioprostheses With a New Tissue Treatment Platform (COMMENCE)","Edwards Pericardial Aortic Bioprosthesis, Model 11000A - 29mm",COMMENCE (Inspiris RESILIA),Subject's Amount of Total Valvular Regurgitation Over Time - 11000A,"Valvular regurgitation occurs when the valve in the heart does not close tightly allowing some of the blood that was pumped out of the heart to leak back into it. Valvular regurgitation is evaluated by echocardiography over time. It is assessed on a scale from 0 to 4, where 0 represents no regurgitation and 4 represents severe regurgitation.","3 Months, 1 Year, and 2 Years Post Implant",0,Participants,20,COUNT_OF_PARTICIPANTS,+3 Moderate,True,2026-09-16T12:17:58Z
NCT01757665,"ProspeCtive, nOn-randoMized, MulticENter Clinical Evaluation of Edwards Pericardial Bioprostheses With a New Tissue Treatment Platform (COMMENCE)","Edwards Pericardial Aortic Bioprosthesis, Model 11000A - Total",COMMENCE (Inspiris RESILIA),Subject's Amount of Total Valvular Regurgitation Over Time - 11000A,"Valvular regurgitation occurs when the valve in the heart does not close tightly allowing some of the blood that was pumped out of the heart to leak back into it. Valvular regurgitation is evaluated by echocardiography over time. It is assessed on a scale from 0 to 4, where 0 represents no regurgitation and 4 represents severe regurgitation.","3 Months, 1 Year, and 2 Years Post Implant",1,Participants,689,COUNT_OF_PARTICIPANTS,+3 Moderate,True,2026-09-16T12:17:58Z
NCT01757665,"ProspeCtive, nOn-randoMized, MulticENter Clinical Evaluation of Edwards Pericardial Bioprostheses With a New Tissue Treatment Platform (COMMENCE)","Edwards Pericardial Aortic Bioprosthesis, Model 11000A - 19mm",COMMENCE (Inspiris RESILIA),Subject's Amount of Total Valvular Regurgitation Over Time - 11000A,"Valvular regurgitation occurs when the valve in the heart does not close tightly allowing some of the blood that was pumped out of the heart to leak back into it. Valvular regurgitation is evaluated by echocardiography over time. It is assessed on a scale from 0 to 4, where 0 represents no regurgitation and 4 represents severe regurgitation.","3 Months, 1 Year, and 2 Years Post Implant",0,Participants,22,COUNT_OF_PARTICIPANTS,+4 Severe,True,2026-09-16T12:17:58Z
NCT01757665,"ProspeCtive, nOn-randoMized, MulticENter Clinical Evaluation of Edwards Pericardial Bioprostheses With a New Tissue Treatment Platform (COMMENCE)","Edwards Pericardial Aortic Bioprosthesis, Model 11000A - 21mm",COMMENCE (Inspiris RESILIA),Subject's Amount of Total Valvular Regurgitation Over Time - 11000A,"Valvular regurgitation occurs when the valve in the heart does not close tightly allowing some of the blood that was pumped out of the heart to leak back into it. Valvular regurgitation is evaluated by echocardiography over time. It is assessed on a scale from 0 to 4, where 0 represents no regurgitation and 4 represents severe regurgitation.","3 Months, 1 Year, and 2 Years Post Implant",0,Participants,131,COUNT_OF_PARTICIPANTS,+4 Severe,True,2026-09-16T12:17:58Z
NCT01757665,"ProspeCtive, nOn-randoMized, MulticENter Clinical Evaluation of Edwards Pericardial Bioprostheses With a New Tissue Treatment Platform (COMMENCE)","Edwards Pericardial Aortic Bioprosthesis, Model 11000A - 23mm",COMMENCE (Inspiris RESILIA),Subject's Amount of Total Valvular Regurgitation Over Time - 11000A,"Valvular regurgitation occurs when the valve in the heart does not close tightly allowing some of the blood that was pumped out of the heart to leak back into it. Valvular regurgitation is evaluated by echocardiography over time. It is assessed on a scale from 0 to 4, where 0 represents no regurgitation and 4 represents severe regurgitation.","3 Months, 1 Year, and 2 Years Post Implant",1,Participants,214,COUNT_OF_PARTICIPANTS,+4 Severe,True,2026-09-16T12:17:58Z
NCT01757665,"ProspeCtive, nOn-randoMized, MulticENter Clinical Evaluation of Edwards Pericardial Bioprostheses With a New Tissue Treatment Platform (COMMENCE)","Edwards Pericardial Aortic Bioprosthesis, Model 11000A - 25mm",COMMENCE (Inspiris RESILIA),Subject's Amount of Total Valvular Regurgitation Over Time - 11000A,"Valvular regurgitation occurs when the valve in the heart does not close tightly allowing some of the blood that was pumped out of the heart to leak back into it. Valvular regurgitation is evaluated by echocardiography over time. It is assessed on a scale from 0 to 4, where 0 represents no regurgitation and 4 represents severe regurgitation.","3 Months, 1 Year, and 2 Years Post Implant",0,Participants,202,COUNT_OF_PARTICIPANTS,+4 Severe,True,2026-09-16T12:17:58Z
NCT01757665,"ProspeCtive, nOn-randoMized, MulticENter Clinical Evaluation of Edwards Pericardial Bioprostheses With a New Tissue Treatment Platform (COMMENCE)","Edwards Pericardial Aortic Bioprosthesis, Model 11000A - 27mm",COMMENCE (Inspiris RESILIA),Subject's Amount of Total Valvular Regurgitation Over Time - 11000A,"Valvular regurgitation occurs when the valve in the heart does not close tightly allowing some of the blood that was pumped out of the heart to leak back into it. Valvular regurgitation is evaluated by echocardiography over time. It is assessed on a scale from 0 to 4, where 0 represents no regurgitation and 4 represents severe regurgitation.","3 Months, 1 Year, and 2 Years Post Implant",0,Participants,100,COUNT_OF_PARTICIPANTS,+4 Severe,True,2026-09-16T12:17:58Z
NCT01757665,"ProspeCtive, nOn-randoMized, MulticENter Clinical Evaluation of Edwards Pericardial Bioprostheses With a New Tissue Treatment Platform (COMMENCE)","Edwards Pericardial Aortic Bioprosthesis, Model 11000A - 29mm",COMMENCE (Inspiris RESILIA),Subject's Amount of Total Valvular Regurgitation Over Time - 11000A,"Valvular regurgitation occurs when the valve in the heart does not close tightly allowing some of the blood that was pumped out of the heart to leak back into it. Valvular regurgitation is evaluated by echocardiography over time. It is assessed on a scale from 0 to 4, where 0 represents no regurgitation and 4 represents severe regurgitation.","3 Months, 1 Year, and 2 Years Post Implant",0,Participants,20,COUNT_OF_PARTICIPANTS,+4 Severe,True,2026-09-16T12:17:58Z
NCT01757665,"ProspeCtive, nOn-randoMized, MulticENter Clinical Evaluation of Edwards Pericardial Bioprostheses With a New Tissue Treatment Platform (COMMENCE)","Edwards Pericardial Aortic Bioprosthesis, Model 11000A - Total",COMMENCE (Inspiris RESILIA),Subject's Amount of Total Valvular Regurgitation Over Time - 11000A,"Valvular regurgitation occurs when the valve in the heart does not close tightly allowing some of the blood that was pumped out of the heart to leak back into it. Valvular regurgitation is evaluated by echocardiography over time. It is assessed on a scale from 0 to 4, where 0 represents no regurgitation and 4 represents severe regurgitation.","3 Months, 1 Year, and 2 Years Post Implant",1,Participants,689,COUNT_OF_PARTICIPANTS,+4 Severe,True,2026-09-16T12:17:58Z
NCT01757665,"ProspeCtive, nOn-randoMized, MulticENter Clinical Evaluation of Edwards Pericardial Bioprostheses With a New Tissue Treatment Platform (COMMENCE)","Edwards Pericardial Aortic Bioprosthesis, Model 11000A - 19mm",COMMENCE (Inspiris RESILIA),Subject's Amount of Total Valvular Regurgitation Over Time - 11000A,"Valvular regurgitation occurs when the valve in the heart does not close tightly allowing some of the blood that was pumped out of the heart to leak back into it. Valvular regurgitation is evaluated by echocardiography over time. It is assessed on a scale from 0 to 4, where 0 represents no regurgitation and 4 represents severe regurgitation.","3 Months, 1 Year, and 2 Years Post Implant",11,Participants,22,COUNT_OF_PARTICIPANTS,0 None,True,2026-09-16T12:17:58Z
NCT01757665,"ProspeCtive, nOn-randoMized, MulticENter Clinical Evaluation of Edwards Pericardial Bioprostheses With a New Tissue Treatment Platform (COMMENCE)","Edwards Pericardial Aortic Bioprosthesis, Model 11000A - 21mm",COMMENCE (Inspiris RESILIA),Subject's Amount of Total Valvular Regurgitation Over Time - 11000A,"Valvular regurgitation occurs when the valve in the heart does not close tightly allowing some of the blood that was pumped out of the heart to leak back into it. Valvular regurgitation is evaluated by echocardiography over time. It is assessed on a scale from 0 to 4, where 0 represents no regurgitation and 4 represents severe regurgitation.","3 Months, 1 Year, and 2 Years Post Implant",88,Participants,131,COUNT_OF_PARTICIPANTS,0 None,True,2026-09-16T12:17:58Z
NCT01757665,"ProspeCtive, nOn-randoMized, MulticENter Clinical Evaluation of Edwards Pericardial Bioprostheses With a New Tissue Treatment Platform (COMMENCE)","Edwards Pericardial Aortic Bioprosthesis, Model 11000A - 23mm",COMMENCE (Inspiris RESILIA),Subject's Amount of Total Valvular Regurgitation Over Time - 11000A,"Valvular regurgitation occurs when the valve in the heart does not close tightly allowing some of the blood that was pumped out of the heart to leak back into it. Valvular regurgitation is evaluated by echocardiography over time. It is assessed on a scale from 0 to 4, where 0 represents no regurgitation and 4 represents severe regurgitation.","3 Months, 1 Year, and 2 Years Post Implant",125,Participants,214,COUNT_OF_PARTICIPANTS,0 None,True,2026-09-16T12:17:58Z
NCT01757665,"ProspeCtive, nOn-randoMized, MulticENter Clinical Evaluation of Edwards Pericardial Bioprostheses With a New Tissue Treatment Platform (COMMENCE)","Edwards Pericardial Aortic Bioprosthesis, Model 11000A - 25mm",COMMENCE (Inspiris RESILIA),Subject's Amount of Total Valvular Regurgitation Over Time - 11000A,"Valvular regurgitation occurs when the valve in the heart does not close tightly allowing some of the blood that was pumped out of the heart to leak back into it. Valvular regurgitation is evaluated by echocardiography over time. It is assessed on a scale from 0 to 4, where 0 represents no regurgitation and 4 represents severe regurgitation.","3 Months, 1 Year, and 2 Years Post Implant",112,Participants,202,COUNT_OF_PARTICIPANTS,0 None,True,2026-09-16T12:17:58Z
NCT01757665,"ProspeCtive, nOn-randoMized, MulticENter Clinical Evaluation of Edwards Pericardial Bioprostheses With a New Tissue Treatment Platform (COMMENCE)","Edwards Pericardial Aortic Bioprosthesis, Model 11000A - 27mm",COMMENCE (Inspiris RESILIA),Subject's Amount of Total Valvular Regurgitation Over Time - 11000A,"Valvular regurgitation occurs when the valve in the heart does not close tightly allowing some of the blood that was pumped out of the heart to leak back into it. Valvular regurgitation is evaluated by echocardiography over time. It is assessed on a scale from 0 to 4, where 0 represents no regurgitation and 4 represents severe regurgitation.","3 Months, 1 Year, and 2 Years Post Implant",49,Participants,100,COUNT_OF_PARTICIPANTS,0 None,True,2026-09-16T12:17:58Z
NCT01757665,"ProspeCtive, nOn-randoMized, MulticENter Clinical Evaluation of Edwards Pericardial Bioprostheses With a New Tissue Treatment Platform (COMMENCE)","Edwards Pericardial Aortic Bioprosthesis, Model 11000A - Total",COMMENCE (Inspiris RESILIA),Subject's Amount of Total Valvular Regurgitation Over Time - 11000A,"Valvular regurgitation occurs when the valve in the heart does not close tightly allowing some of the blood that was pumped out of the heart to leak back into it. Valvular regurgitation is evaluated by echocardiography over time. It is assessed on a scale from 0 to 4, where 0 represents no regurgitation and 4 represents severe regurgitation.","3 Months, 1 Year, and 2 Years Post Implant",385,Participants,689,COUNT_OF_PARTICIPANTS,0 None,True,2026-09-16T12:17:58Z
NCT01757665,"ProspeCtive, nOn-randoMized, MulticENter Clinical Evaluation of Edwards Pericardial Bioprostheses With a New Tissue Treatment Platform (COMMENCE)","Edwards Pericardial Aortic Bioprosthesis, Model 11000A - 19mm",COMMENCE (Inspiris RESILIA),Subject's Amount of Total Valvular Regurgitation Over Time - 11000A,"Valvular regurgitation occurs when the valve in the heart does not close tightly allowing some of the blood that was pumped out of the heart to leak back into it. Valvular regurgitation is evaluated by echocardiography over time. It is assessed on a scale from 0 to 4, where 0 represents no regurgitation and 4 represents severe regurgitation.","3 Months, 1 Year, and 2 Years Post Implant",3,Participants,22,COUNT_OF_PARTICIPANTS,+1 Trivial/Trace,True,2026-09-16T12:17:58Z
NCT01757665,"ProspeCtive, nOn-randoMized, MulticENter Clinical Evaluation of Edwards Pericardial Bioprostheses With a New Tissue Treatment Platform (COMMENCE)","Edwards Pericardial Aortic Bioprosthesis, Model 11000A - 21mm",COMMENCE (Inspiris RESILIA),Subject's Amount of Total Valvular Regurgitation Over Time - 11000A,"Valvular regurgitation occurs when the valve in the heart does not close tightly allowing some of the blood that was pumped out of the heart to leak back into it. Valvular regurgitation is evaluated by echocardiography over time. It is assessed on a scale from 0 to 4, where 0 represents no regurgitation and 4 represents severe regurgitation.","3 Months, 1 Year, and 2 Years Post Implant",6,Participants,131,COUNT_OF_PARTICIPANTS,+1 Trivial/Trace,True,2026-09-16T12:17:58Z
NCT01757665,"ProspeCtive, nOn-randoMized, MulticENter Clinical Evaluation of Edwards Pericardial Bioprostheses With a New Tissue Treatment Platform (COMMENCE)","Edwards Pericardial Aortic Bioprosthesis, Model 11000A - 23mm",COMMENCE (Inspiris RESILIA),Subject's Amount of Total Valvular Regurgitation Over Time - 11000A,"Valvular regurgitation occurs when the valve in the heart does not close tightly allowing some of the blood that was pumped out of the heart to leak back into it. Valvular regurgitation is evaluated by echocardiography over time. It is assessed on a scale from 0 to 4, where 0 represents no regurgitation and 4 represents severe regurgitation.","3 Months, 1 Year, and 2 Years Post Implant",26,Participants,214,COUNT_OF_PARTICIPANTS,+1 Trivial/Trace,True,2026-09-16T12:17:58Z
NCT01757665,"ProspeCtive, nOn-randoMized, MulticENter Clinical Evaluation of Edwards Pericardial Bioprostheses With a New Tissue Treatment Platform (COMMENCE)","Edwards Pericardial Aortic Bioprosthesis, Model 11000A - 25mm",COMMENCE (Inspiris RESILIA),Subject's Amount of Total Valvular Regurgitation Over Time - 11000A,"Valvular regurgitation occurs when the valve in the heart does not close tightly allowing some of the blood that was pumped out of the heart to leak back into it. Valvular regurgitation is evaluated by echocardiography over time. It is assessed on a scale from 0 to 4, where 0 represents no regurgitation and 4 represents severe regurgitation.","3 Months, 1 Year, and 2 Years Post Implant",12,Participants,202,COUNT_OF_PARTICIPANTS,+1 Trivial/Trace,True,2026-09-16T12:17:58Z
NCT01757665,"ProspeCtive, nOn-randoMized, MulticENter Clinical Evaluation of Edwards Pericardial Bioprostheses With a New Tissue Treatment Platform (COMMENCE)","Edwards Pericardial Aortic Bioprosthesis, Model 11000A - 27mm",COMMENCE (Inspiris RESILIA),Subject's Amount of Total Valvular Regurgitation Over Time - 11000A,"Valvular regurgitation occurs when the valve in the heart does not close tightly allowing some of the blood that was pumped out of the heart to leak back into it. Valvular regurgitation is evaluated by echocardiography over time. It is assessed on a scale from 0 to 4, where 0 represents no regurgitation and 4 represents severe regurgitation.","3 Months, 1 Year, and 2 Years Post Implant",17,Participants,100,COUNT_OF_PARTICIPANTS,+1 Trivial/Trace,True,2026-09-16T12:17:58Z
NCT01757665,"ProspeCtive, nOn-randoMized, MulticENter Clinical Evaluation of Edwards Pericardial Bioprostheses With a New Tissue Treatment Platform (COMMENCE)","Edwards Pericardial Aortic Bioprosthesis, Model 11000A - Total",COMMENCE (Inspiris RESILIA),Subject's Amount of Total Valvular Regurgitation Over Time - 11000A,"Valvular regurgitation occurs when the valve in the heart does not close tightly allowing some of the blood that was pumped out of the heart to leak back into it. Valvular regurgitation is evaluated by echocardiography over time. It is assessed on a scale from 0 to 4, where 0 represents no regurgitation and 4 represents severe regurgitation.","3 Months, 1 Year, and 2 Years Post Implant",64,Participants,689,COUNT_OF_PARTICIPANTS,+1 Trivial/Trace,True,2026-09-16T12:17:58Z
NCT01757665,"ProspeCtive, nOn-randoMized, MulticENter Clinical Evaluation of Edwards Pericardial Bioprostheses With a New Tissue Treatment Platform (COMMENCE)","Edwards Pericardial Aortic Bioprosthesis, Model 11000A - 19mm",COMMENCE (Inspiris RESILIA),Subject's Amount of Total Valvular Regurgitation Over Time - 11000A,"Valvular regurgitation occurs when the valve in the heart does not close tightly allowing some of the blood that was pumped out of the heart to leak back into it. Valvular regurgitation is evaluated by echocardiography over time. It is assessed on a scale from 0 to 4, where 0 represents no regurgitation and 4 represents severe regurgitation.","3 Months, 1 Year, and 2 Years Post Implant",2,Participants,22,COUNT_OF_PARTICIPANTS,+2 Mild,True,2026-09-16T12:17:58Z
NCT01757665,"ProspeCtive, nOn-randoMized, MulticENter Clinical Evaluation of Edwards Pericardial Bioprostheses With a New Tissue Treatment Platform (COMMENCE)","Edwards Pericardial Aortic Bioprosthesis, Model 11000A - 21mm",COMMENCE (Inspiris RESILIA),Subject's Amount of Total Valvular Regurgitation Over Time - 11000A,"Valvular regurgitation occurs when the valve in the heart does not close tightly allowing some of the blood that was pumped out of the heart to leak back into it. Valvular regurgitation is evaluated by echocardiography over time. It is assessed on a scale from 0 to 4, where 0 represents no regurgitation and 4 represents severe regurgitation.","3 Months, 1 Year, and 2 Years Post Implant",2,Participants,131,COUNT_OF_PARTICIPANTS,+2 Mild,True,2026-09-16T12:17:58Z
NCT01757665,"ProspeCtive, nOn-randoMized, MulticENter Clinical Evaluation of Edwards Pericardial Bioprostheses With a New Tissue Treatment Platform (COMMENCE)","Edwards Pericardial Aortic Bioprosthesis, Model 11000A - 23mm",COMMENCE (Inspiris RESILIA),Subject's Amount of Total Valvular Regurgitation Over Time - 11000A,"Valvular regurgitation occurs when the valve in the heart does not close tightly allowing some of the blood that was pumped out of the heart to leak back into it. Valvular regurgitation is evaluated by echocardiography over time. It is assessed on a scale from 0 to 4, where 0 represents no regurgitation and 4 represents severe regurgitation.","3 Months, 1 Year, and 2 Years Post Implant",8,Participants,214,COUNT_OF_PARTICIPANTS,+2 Mild,True,2026-09-16T12:17:58Z
NCT01757665,"ProspeCtive, nOn-randoMized, MulticENter Clinical Evaluation of Edwards Pericardial Bioprostheses With a New Tissue Treatment Platform (COMMENCE)","Edwards Pericardial Aortic Bioprosthesis, Model 11000A - 25mm",COMMENCE (Inspiris RESILIA),Subject's Amount of Total Valvular Regurgitation Over Time - 11000A,"Valvular regurgitation occurs when the valve in the heart does not close tightly allowing some of the blood that was pumped out of the heart to leak back into it. Valvular regurgitation is evaluated by echocardiography over time. It is assessed on a scale from 0 to 4, where 0 represents no regurgitation and 4 represents severe regurgitation.","3 Months, 1 Year, and 2 Years Post Implant",7,Participants,202,COUNT_OF_PARTICIPANTS,+2 Mild,True,2026-09-16T12:17:58Z
NCT01757665,"ProspeCtive, nOn-randoMized, MulticENter Clinical Evaluation of Edwards Pericardial Bioprostheses With a New Tissue Treatment Platform (COMMENCE)","Edwards Pericardial Aortic Bioprosthesis, Model 11000A - 27mm",COMMENCE (Inspiris RESILIA),Subject's Amount of Total Valvular Regurgitation Over Time - 11000A,"Valvular regurgitation occurs when the valve in the heart does not close tightly allowing some of the blood that was pumped out of the heart to leak back into it. Valvular regurgitation is evaluated by echocardiography over time. It is assessed on a scale from 0 to 4, where 0 represents no regurgitation and 4 represents severe regurgitation.","3 Months, 1 Year, and 2 Years Post Implant",2,Participants,100,COUNT_OF_PARTICIPANTS,+2 Mild,True,2026-09-16T12:17:58Z
NCT01757665,"ProspeCtive, nOn-randoMized, MulticENter Clinical Evaluation of Edwards Pericardial Bioprostheses With a New Tissue Treatment Platform (COMMENCE)","Edwards Pericardial Aortic Bioprosthesis, Model 11000A - Total",COMMENCE (Inspiris RESILIA),Subject's Amount of Total Valvular Regurgitation Over Time - 11000A,"Valvular regurgitation occurs when the valve in the heart does not close tightly allowing some of the blood that was pumped out of the heart to leak back into it. Valvular regurgitation is evaluated by echocardiography over time. It is assessed on a scale from 0 to 4, where 0 represents no regurgitation and 4 represents severe regurgitation.","3 Months, 1 Year, and 2 Years Post Implant",21,Participants,689,COUNT_OF_PARTICIPANTS,+2 Mild,True,2026-09-16T12:17:58Z
NCT01757665,"ProspeCtive, nOn-randoMized, MulticENter Clinical Evaluation of Edwards Pericardial Bioprostheses With a New Tissue Treatment Platform (COMMENCE)","Edwards Pericardial Aortic Bioprosthesis, Model 11000A - 19mm",COMMENCE (Inspiris RESILIA),Subject's Amount of Total Valvular Regurgitation Over Time - 11000A,"Valvular regurgitation occurs when the valve in the heart does not close tightly allowing some of the blood that was pumped out of the heart to leak back into it. Valvular regurgitation is evaluated by echocardiography over time. It is assessed on a scale from 0 to 4, where 0 represents no regurgitation and 4 represents severe regurgitation.","3 Months, 1 Year, and 2 Years Post Implant",0,Participants,22,COUNT_OF_PARTICIPANTS,+3 Moderate,True,2026-09-16T12:17:58Z
NCT01757665,"ProspeCtive, nOn-randoMized, MulticENter Clinical Evaluation of Edwards Pericardial Bioprostheses With a New Tissue Treatment Platform (COMMENCE)","Edwards Pericardial Aortic Bioprosthesis, Model 11000A - 21mm",COMMENCE (Inspiris RESILIA),Subject's Amount of Total Valvular Regurgitation Over Time - 11000A,"Valvular regurgitation occurs when the valve in the heart does not close tightly allowing some of the blood that was pumped out of the heart to leak back into it. Valvular regurgitation is evaluated by echocardiography over time. It is assessed on a scale from 0 to 4, where 0 represents no regurgitation and 4 represents severe regurgitation.","3 Months, 1 Year, and 2 Years Post Implant",1,Participants,131,COUNT_OF_PARTICIPANTS,+3 Moderate,True,2026-09-16T12:17:58Z
NCT01757665,"ProspeCtive, nOn-randoMized, MulticENter Clinical Evaluation of Edwards Pericardial Bioprostheses With a New Tissue Treatment Platform (COMMENCE)","Edwards Pericardial Aortic Bioprosthesis, Model 11000A - 23mm",COMMENCE (Inspiris RESILIA),Subject's Amount of Total Valvular Regurgitation Over Time - 11000A,"Valvular regurgitation occurs when the valve in the heart does not close tightly allowing some of the blood that was pumped out of the heart to leak back into it. Valvular regurgitation is evaluated by echocardiography over time. It is assessed on a scale from 0 to 4, where 0 represents no regurgitation and 4 represents severe regurgitation.","3 Months, 1 Year, and 2 Years Post Implant",0,Participants,214,COUNT_OF_PARTICIPANTS,+3 Moderate,True,2026-09-16T12:17:58Z
NCT01757665,"ProspeCtive, nOn-randoMized, MulticENter Clinical Evaluation of Edwards Pericardial Bioprostheses With a New Tissue Treatment Platform (COMMENCE)","Edwards Pericardial Aortic Bioprosthesis, Model 11000A - 25mm",COMMENCE (Inspiris RESILIA),Subject's Amount of Total Valvular Regurgitation Over Time - 11000A,"Valvular regurgitation occurs when the valve in the heart does not close tightly allowing some of the blood that was pumped out of the heart to leak back into it. Valvular regurgitation is evaluated by echocardiography over time. It is assessed on a scale from 0 to 4, where 0 represents no regurgitation and 4 represents severe regurgitation.","3 Months, 1 Year, and 2 Years Post Implant",0,Participants,202,COUNT_OF_PARTICIPANTS,+3 Moderate,True,2026-09-16T12:17:58Z
NCT01757665,"ProspeCtive, nOn-randoMized, MulticENter Clinical Evaluation of Edwards Pericardial Bioprostheses With a New Tissue Treatment Platform (COMMENCE)","Edwards Pericardial Aortic Bioprosthesis, Model 11000A - 27mm",COMMENCE (Inspiris RESILIA),Subject's Amount of Total Valvular Regurgitation Over Time - 11000A,"Valvular regurgitation occurs when the valve in the heart does not close tightly allowing some of the blood that was pumped out of the heart to leak back into it. Valvular regurgitation is evaluated by echocardiography over time. It is assessed on a scale from 0 to 4, where 0 represents no regurgitation and 4 represents severe regurgitation.","3 Months, 1 Year, and 2 Years Post Implant",0,Participants,100,COUNT_OF_PARTICIPANTS,+3 Moderate,True,2026-09-16T12:17:58Z
NCT01757665,"ProspeCtive, nOn-randoMized, MulticENter Clinical Evaluation of Edwards Pericardial Bioprostheses With a New Tissue Treatment Platform (COMMENCE)","Edwards Pericardial Aortic Bioprosthesis, Model 11000A - Total",COMMENCE (Inspiris RESILIA),Subject's Amount of Total Valvular Regurgitation Over Time - 11000A,"Valvular regurgitation occurs when the valve in the heart does not close tightly allowing some of the blood that was pumped out of the heart to leak back into it. Valvular regurgitation is evaluated by echocardiography over time. It is assessed on a scale from 0 to 4, where 0 represents no regurgitation and 4 represents severe regurgitation.","3 Months, 1 Year, and 2 Years Post Implant",1,Participants,689,COUNT_OF_PARTICIPANTS,+3 Moderate,True,2026-09-16T12:17:58Z
NCT01757665,"ProspeCtive, nOn-randoMized, MulticENter Clinical Evaluation of Edwards Pericardial Bioprostheses With a New Tissue Treatment Platform (COMMENCE)","Edwards Pericardial Aortic Bioprosthesis, Model 11000A - 19mm",COMMENCE (Inspiris RESILIA),Subject's Amount of Total Valvular Regurgitation Over Time - 11000A,"Valvular regurgitation occurs when the valve in the heart does not close tightly allowing some of the blood that was pumped out of the heart to leak back into it. Valvular regurgitation is evaluated by echocardiography over time. It is assessed on a scale from 0 to 4, where 0 represents no regurgitation and 4 represents severe regurgitation.","3 Months, 1 Year, and 2 Years Post Implant",0,Participants,22,COUNT_OF_PARTICIPANTS,+4 Severe,True,2026-09-16T12:17:58Z
NCT01757665,"ProspeCtive, nOn-randoMized, MulticENter Clinical Evaluation of Edwards Pericardial Bioprostheses With a New Tissue Treatment Platform (COMMENCE)","Edwards Pericardial Aortic Bioprosthesis, Model 11000A - 21mm",COMMENCE (Inspiris RESILIA),Subject's Amount of Total Valvular Regurgitation Over Time - 11000A,"Valvular regurgitation occurs when the valve in the heart does not close tightly allowing some of the blood that was pumped out of the heart to leak back into it. Valvular regurgitation is evaluated by echocardiography over time. It is assessed on a scale from 0 to 4, where 0 represents no regurgitation and 4 represents severe regurgitation.","3 Months, 1 Year, and 2 Years Post Implant",0,Participants,131,COUNT_OF_PARTICIPANTS,+4 Severe,True,2026-09-16T12:17:58Z
NCT01757665,"ProspeCtive, nOn-randoMized, MulticENter Clinical Evaluation of Edwards Pericardial Bioprostheses With a New Tissue Treatment Platform (COMMENCE)","Edwards Pericardial Aortic Bioprosthesis, Model 11000A - 23mm",COMMENCE (Inspiris RESILIA),Subject's Amount of Total Valvular Regurgitation Over Time - 11000A,"Valvular regurgitation occurs when the valve in the heart does not close tightly allowing some of the blood that was pumped out of the heart to leak back into it. Valvular regurgitation is evaluated by echocardiography over time. It is assessed on a scale from 0 to 4, where 0 represents no regurgitation and 4 represents severe regurgitation.","3 Months, 1 Year, and 2 Years Post Implant",0,Participants,214,COUNT_OF_PARTICIPANTS,+4 Severe,True,2026-09-16T12:17:58Z
NCT01757665,"ProspeCtive, nOn-randoMized, MulticENter Clinical Evaluation of Edwards Pericardial Bioprostheses With a New Tissue Treatment Platform (COMMENCE)","Edwards Pericardial Aortic Bioprosthesis, Model 11000A - 25mm",COMMENCE (Inspiris RESILIA),Subject's Amount of Total Valvular Regurgitation Over Time - 11000A,"Valvular regurgitation occurs when the valve in the heart does not close tightly allowing some of the blood that was pumped out of the heart to leak back into it. Valvular regurgitation is evaluated by echocardiography over time. It is assessed on a scale from 0 to 4, where 0 represents no regurgitation and 4 represents severe regurgitation.","3 Months, 1 Year, and 2 Years Post Implant",0,Participants,202,COUNT_OF_PARTICIPANTS,+4 Severe,True,2026-09-16T12:17:58Z
NCT01757665,"ProspeCtive, nOn-randoMized, MulticENter Clinical Evaluation of Edwards Pericardial Bioprostheses With a New Tissue Treatment Platform (COMMENCE)","Edwards Pericardial Aortic Bioprosthesis, Model 11000A - 27mm",COMMENCE (Inspiris RESILIA),Subject's Amount of Total Valvular Regurgitation Over Time - 11000A,"Valvular regurgitation occurs when the valve in the heart does not close tightly allowing some of the blood that was pumped out of the heart to leak back into it. Valvular regurgitation is evaluated by echocardiography over time. It is assessed on a scale from 0 to 4, where 0 represents no regurgitation and 4 represents severe regurgitation.","3 Months, 1 Year, and 2 Years Post Implant",0,Participants,100,COUNT_OF_PARTICIPANTS,+4 Severe,True,2026-09-16T12:17:58Z
NCT01757665,"ProspeCtive, nOn-randoMized, MulticENter Clinical Evaluation of Edwards Pericardial Bioprostheses With a New Tissue Treatment Platform (COMMENCE)","Edwards Pericardial Aortic Bioprosthesis, Model 11000A - Total",COMMENCE (Inspiris RESILIA),Subject's Amount of Total Valvular Regurgitation Over Time - 11000A,"Valvular regurgitation occurs when the valve in the heart does not close tightly allowing some of the blood that was pumped out of the heart to leak back into it. Valvular regurgitation is evaluated by echocardiography over time. It is assessed on a scale from 0 to 4, where 0 represents no regurgitation and 4 represents severe regurgitation.","3 Months, 1 Year, and 2 Years Post Implant",0,Participants,689,COUNT_OF_PARTICIPANTS,+4 Severe,True,2026-09-16T12:17:58Z
NCT01757665,"ProspeCtive, nOn-randoMized, MulticENter Clinical Evaluation of Edwards Pericardial Bioprostheses With a New Tissue Treatment Platform (COMMENCE)","Edwards Pericardial Aortic Bioprosthesis, Model 11000A - 19mm",COMMENCE (Inspiris RESILIA),Subject's Amount of Total Valvular Regurgitation Over Time - 11000A,"Valvular regurgitation occurs when the valve in the heart does not close tightly allowing some of the blood that was pumped out of the heart to leak back into it. Valvular regurgitation is evaluated by echocardiography over time. It is assessed on a scale from 0 to 4, where 0 represents no regurgitation and 4 represents severe regurgitation.","3 Months, 1 Year, and 2 Years Post Implant",4,Participants,22,COUNT_OF_PARTICIPANTS,0 None,True,2026-09-16T12:17:58Z
NCT01757665,"ProspeCtive, nOn-randoMized, MulticENter Clinical Evaluation of Edwards Pericardial Bioprostheses With a New Tissue Treatment Platform (COMMENCE)","Edwards Pericardial Aortic Bioprosthesis, Model 11000A - 21mm",COMMENCE (Inspiris RESILIA),Subject's Amount of Total Valvular Regurgitation Over Time - 11000A,"Valvular regurgitation occurs when the valve in the heart does not close tightly allowing some of the blood that was pumped out of the heart to leak back into it. Valvular regurgitation is evaluated by echocardiography over time. It is assessed on a scale from 0 to 4, where 0 represents no regurgitation and 4 represents severe regurgitation.","3 Months, 1 Year, and 2 Years Post Implant",32,Participants,131,COUNT_OF_PARTICIPANTS,0 None,True,2026-09-16T12:17:58Z
NCT01757665,"ProspeCtive, nOn-randoMized, MulticENter Clinical Evaluation of Edwards Pericardial Bioprostheses With a New Tissue Treatment Platform (COMMENCE)","Edwards Pericardial Aortic Bioprosthesis, Model 11000A - 23mm",COMMENCE (Inspiris RESILIA),Subject's Amount of Total Valvular Regurgitation Over Time - 11000A,"Valvular regurgitation occurs when the valve in the heart does not close tightly allowing some of the blood that was pumped out of the heart to leak back into it. Valvular regurgitation is evaluated by echocardiography over time. It is assessed on a scale from 0 to 4, where 0 represents no regurgitation and 4 represents severe regurgitation.","3 Months, 1 Year, and 2 Years Post Implant",51,Participants,214,COUNT_OF_PARTICIPANTS,0 None,True,2026-09-16T12:17:58Z
NCT01757665,"ProspeCtive, nOn-randoMized, MulticENter Clinical Evaluation of Edwards Pericardial Bioprostheses With a New Tissue Treatment Platform (COMMENCE)","Edwards Pericardial Aortic Bioprosthesis, Model 11000A - 25mm",COMMENCE (Inspiris RESILIA),Subject's Amount of Total Valvular Regurgitation Over Time - 11000A,"Valvular regurgitation occurs when the valve in the heart does not close tightly allowing some of the blood that was pumped out of the heart to leak back into it. Valvular regurgitation is evaluated by echocardiography over time. It is assessed on a scale from 0 to 4, where 0 represents no regurgitation and 4 represents severe regurgitation.","3 Months, 1 Year, and 2 Years Post Implant",38,Participants,202,COUNT_OF_PARTICIPANTS,0 None,True,2026-09-16T12:17:58Z
NCT01757665,"ProspeCtive, nOn-randoMized, MulticENter Clinical Evaluation of Edwards Pericardial Bioprostheses With a New Tissue Treatment Platform (COMMENCE)","Edwards Pericardial Aortic Bioprosthesis, Model 11000A - 27mm",COMMENCE (Inspiris RESILIA),Subject's Amount of Total Valvular Regurgitation Over Time - 11000A,"Valvular regurgitation occurs when the valve in the heart does not close tightly allowing some of the blood that was pumped out of the heart to leak back into it. Valvular regurgitation is evaluated by echocardiography over time. It is assessed on a scale from 0 to 4, where 0 represents no regurgitation and 4 represents severe regurgitation.","3 Months, 1 Year, and 2 Years Post Implant",11,Participants,100,COUNT_OF_PARTICIPANTS,0 None,True,2026-09-16T12:17:58Z
NCT01757665,"ProspeCtive, nOn-randoMized, MulticENter Clinical Evaluation of Edwards Pericardial Bioprostheses With a New Tissue Treatment Platform (COMMENCE)","Edwards Pericardial Aortic Bioprosthesis, Model 11000A - Total",COMMENCE (Inspiris RESILIA),Subject's Amount of Total Valvular Regurgitation Over Time - 11000A,"Valvular regurgitation occurs when the valve in the heart does not close tightly allowing some of the blood that was pumped out of the heart to leak back into it. Valvular regurgitation is evaluated by echocardiography over time. It is assessed on a scale from 0 to 4, where 0 represents no regurgitation and 4 represents severe regurgitation.","3 Months, 1 Year, and 2 Years Post Implant",136,Participants,689,COUNT_OF_PARTICIPANTS,0 None,True,2026-09-16T12:17:58Z
NCT01757665,"ProspeCtive, nOn-randoMized, MulticENter Clinical Evaluation of Edwards Pericardial Bioprostheses With a New Tissue Treatment Platform (COMMENCE)","Edwards Pericardial Aortic Bioprosthesis, Model 11000A - 19mm",COMMENCE (Inspiris RESILIA),Subject's Amount of Total Valvular Regurgitation Over Time - 11000A,"Valvular regurgitation occurs when the valve in the heart does not close tightly allowing some of the blood that was pumped out of the heart to leak back into it. Valvular regurgitation is evaluated by echocardiography over time. It is assessed on a scale from 0 to 4, where 0 represents no regurgitation and 4 represents severe regurgitation.","3 Months, 1 Year, and 2 Years Post Implant",2,Participants,22,COUNT_OF_PARTICIPANTS,+1 Trivial/Trace,True,2026-09-16T12:17:58Z
NCT01757665,"ProspeCtive, nOn-randoMized, MulticENter Clinical Evaluation of Edwards Pericardial Bioprostheses With a New Tissue Treatment Platform (COMMENCE)","Edwards Pericardial Aortic Bioprosthesis, Model 11000A - 21mm",COMMENCE (Inspiris RESILIA),Subject's Amount of Total Valvular Regurgitation Over Time - 11000A,"Valvular regurgitation occurs when the valve in the heart does not close tightly allowing some of the blood that was pumped out of the heart to leak back into it. Valvular regurgitation is evaluated by echocardiography over time. It is assessed on a scale from 0 to 4, where 0 represents no regurgitation and 4 represents severe regurgitation.","3 Months, 1 Year, and 2 Years Post Implant",5,Participants,131,COUNT_OF_PARTICIPANTS,+1 Trivial/Trace,True,2026-09-16T12:17:58Z
NCT01757665,"ProspeCtive, nOn-randoMized, MulticENter Clinical Evaluation of Edwards Pericardial Bioprostheses With a New Tissue Treatment Platform (COMMENCE)","Edwards Pericardial Aortic Bioprosthesis, Model 11000A - 23mm",COMMENCE (Inspiris RESILIA),Subject's Amount of Total Valvular Regurgitation Over Time - 11000A,"Valvular regurgitation occurs when the valve in the heart does not close tightly allowing some of the blood that was pumped out of the heart to leak back into it. Valvular regurgitation is evaluated by echocardiography over time. It is assessed on a scale from 0 to 4, where 0 represents no regurgitation and 4 represents severe regurgitation.","3 Months, 1 Year, and 2 Years Post Implant",11,Participants,214,COUNT_OF_PARTICIPANTS,+1 Trivial/Trace,True,2026-09-16T12:17:58Z
NCT01757665,"ProspeCtive, nOn-randoMized, MulticENter Clinical Evaluation of Edwards Pericardial Bioprostheses With a New Tissue Treatment Platform (COMMENCE)","Edwards Pericardial Aortic Bioprosthesis, Model 11000A - 25mm",COMMENCE (Inspiris RESILIA),Subject's Amount of Total Valvular Regurgitation Over Time - 11000A,"Valvular regurgitation occurs when the valve in the heart does not close tightly allowing some of the blood that was pumped out of the heart to leak back into it. Valvular regurgitation is evaluated by echocardiography over time. It is assessed on a scale from 0 to 4, where 0 represents no regurgitation and 4 represents severe regurgitation.","3 Months, 1 Year, and 2 Years Post Implant",9,Participants,202,COUNT_OF_PARTICIPANTS,+1 Trivial/Trace,True,2026-09-16T12:17:58Z
NCT01757665,"ProspeCtive, nOn-randoMized, MulticENter Clinical Evaluation of Edwards Pericardial Bioprostheses With a New Tissue Treatment Platform (COMMENCE)","Edwards Pericardial Aortic Bioprosthesis, Model 11000A - 27mm",COMMENCE (Inspiris RESILIA),Subject's Amount of Total Valvular Regurgitation Over Time - 11000A,"Valvular regurgitation occurs when the valve in the heart does not close tightly allowing some of the blood that was pumped out of the heart to leak back into it. Valvular regurgitation is evaluated by echocardiography over time. It is assessed on a scale from 0 to 4, where 0 represents no regurgitation and 4 represents severe regurgitation.","3 Months, 1 Year, and 2 Years Post Implant",5,Participants,100,COUNT_OF_PARTICIPANTS,+1 Trivial/Trace,True,2026-09-16T12:17:58Z
NCT01757665,"ProspeCtive, nOn-randoMized, MulticENter Clinical Evaluation of Edwards Pericardial Bioprostheses With a New Tissue Treatment Platform (COMMENCE)","Edwards Pericardial Aortic Bioprosthesis, Model 11000A - Total",COMMENCE (Inspiris RESILIA),Subject's Amount of Total Valvular Regurgitation Over Time - 11000A,"Valvular regurgitation occurs when the valve in the heart does not close tightly allowing some of the blood that was pumped out of the heart to leak back into it. Valvular regurgitation is evaluated by echocardiography over time. It is assessed on a scale from 0 to 4, where 0 represents no regurgitation and 4 represents severe regurgitation.","3 Months, 1 Year, and 2 Years Post Implant",32,Participants,689,COUNT_OF_PARTICIPANTS,+1 Trivial/Trace,True,2026-09-16T12:17:58Z
NCT01757665,"ProspeCtive, nOn-randoMized, MulticENter Clinical Evaluation of Edwards Pericardial Bioprostheses With a New Tissue Treatment Platform (COMMENCE)","Edwards Pericardial Aortic Bioprosthesis, Model 11000A - 19mm",COMMENCE (Inspiris RESILIA),Subject's Amount of Total Valvular Regurgitation Over Time - 11000A,"Valvular regurgitation occurs when the valve in the heart does not close tightly allowing some of the blood that was pumped out of the heart to leak back into it. Valvular regurgitation is evaluated by echocardiography over time. It is assessed on a scale from 0 to 4, where 0 represents no regurgitation and 4 represents severe regurgitation.","3 Months, 1 Year, and 2 Years Post Implant",2,Participants,22,COUNT_OF_PARTICIPANTS,+2 Mild,True,2026-09-16T12:17:58Z
NCT01757665,"ProspeCtive, nOn-randoMized, MulticENter Clinical Evaluation of Edwards Pericardial Bioprostheses With a New Tissue Treatment Platform (COMMENCE)","Edwards Pericardial Aortic Bioprosthesis, Model 11000A - 21mm",COMMENCE (Inspiris RESILIA),Subject's Amount of Total Valvular Regurgitation Over Time - 11000A,"Valvular regurgitation occurs when the valve in the heart does not close tightly allowing some of the blood that was pumped out of the heart to leak back into it. Valvular regurgitation is evaluated by echocardiography over time. It is assessed on a scale from 0 to 4, where 0 represents no regurgitation and 4 represents severe regurgitation.","3 Months, 1 Year, and 2 Years Post Implant",5,Participants,131,COUNT_OF_PARTICIPANTS,+2 Mild,True,2026-09-16T12:17:58Z
NCT01757665,"ProspeCtive, nOn-randoMized, MulticENter Clinical Evaluation of Edwards Pericardial Bioprostheses With a New Tissue Treatment Platform (COMMENCE)","Edwards Pericardial Aortic Bioprosthesis, Model 11000A - 23mm",COMMENCE (Inspiris RESILIA),Subject's Amount of Total Valvular Regurgitation Over Time - 11000A,"Valvular regurgitation occurs when the valve in the heart does not close tightly allowing some of the blood that was pumped out of the heart to leak back into it. Valvular regurgitation is evaluated by echocardiography over time. It is assessed on a scale from 0 to 4, where 0 represents no regurgitation and 4 represents severe regurgitation.","3 Months, 1 Year, and 2 Years Post Implant",3,Participants,214,COUNT_OF_PARTICIPANTS,+2 Mild,True,2026-09-16T12:17:58Z
NCT01757665,"ProspeCtive, nOn-randoMized, MulticENter Clinical Evaluation of Edwards Pericardial Bioprostheses With a New Tissue Treatment Platform (COMMENCE)","Edwards Pericardial Aortic Bioprosthesis, Model 11000A - 25mm",COMMENCE (Inspiris RESILIA),Subject's Amount of Total Valvular Regurgitation Over Time - 11000A,"Valvular regurgitation occurs when the valve in the heart does not close tightly allowing some of the blood that was pumped out of the heart to leak back into it. Valvular regurgitation is evaluated by echocardiography over time. It is assessed on a scale from 0 to 4, where 0 represents no regurgitation and 4 represents severe regurgitation.","3 Months, 1 Year, and 2 Years Post Implant",2,Participants,202,COUNT_OF_PARTICIPANTS,+2 Mild,True,2026-09-16T12:17:58Z
NCT01757665,"ProspeCtive, nOn-randoMized, MulticENter Clinical Evaluation of Edwards Pericardial Bioprostheses With a New Tissue Treatment Platform (COMMENCE)","Edwards Pericardial Aortic Bioprosthesis, Model 11000A - 27mm",COMMENCE (Inspiris RESILIA),Subject's Amount of Total Valvular Regurgitation Over Time - 11000A,"Valvular regurgitation occurs when the valve in the heart does not close tightly allowing some of the blood that was pumped out of the heart to leak back into it. Valvular regurgitation is evaluated by echocardiography over time. It is assessed on a scale from 0 to 4, where 0 represents no regurgitation and 4 represents severe regurgitation.","3 Months, 1 Year, and 2 Years Post Implant",2,Participants,100,COUNT_OF_PARTICIPANTS,+2 Mild,True,2026-09-16T12:17:58Z
NCT01757665,"ProspeCtive, nOn-randoMized, MulticENter Clinical Evaluation of Edwards Pericardial Bioprostheses With a New Tissue Treatment Platform (COMMENCE)","Edwards Pericardial Aortic Bioprosthesis, Model 11000A - Total",COMMENCE (Inspiris RESILIA),Subject's Amount of Total Valvular Regurgitation Over Time - 11000A,"Valvular regurgitation occurs when the valve in the heart does not close tightly allowing some of the blood that was pumped out of the heart to leak back into it. Valvular regurgitation is evaluated by echocardiography over time. It is assessed on a scale from 0 to 4, where 0 represents no regurgitation and 4 represents severe regurgitation.","3 Months, 1 Year, and 2 Years Post Implant",14,Participants,689,COUNT_OF_PARTICIPANTS,+2 Mild,True,2026-09-16T12:17:58Z
NCT01757665,"ProspeCtive, nOn-randoMized, MulticENter Clinical Evaluation of Edwards Pericardial Bioprostheses With a New Tissue Treatment Platform (COMMENCE)","Edwards Pericardial Aortic Bioprosthesis, Model 11000A - 19mm",COMMENCE (Inspiris RESILIA),Subject's Amount of Total Valvular Regurgitation Over Time - 11000A,"Valvular regurgitation occurs when the valve in the heart does not close tightly allowing some of the blood that was pumped out of the heart to leak back into it. Valvular regurgitation is evaluated by echocardiography over time. It is assessed on a scale from 0 to 4, where 0 represents no regurgitation and 4 represents severe regurgitation.","3 Months, 1 Year, and 2 Years Post Implant",0,Participants,22,COUNT_OF_PARTICIPANTS,+3 Moderate,True,2026-09-16T12:17:58Z
NCT01757665,"ProspeCtive, nOn-randoMized, MulticENter Clinical Evaluation of Edwards Pericardial Bioprostheses With a New Tissue Treatment Platform (COMMENCE)","Edwards Pericardial Aortic Bioprosthesis, Model 11000A - 21mm",COMMENCE (Inspiris RESILIA),Subject's Amount of Total Valvular Regurgitation Over Time - 11000A,"Valvular regurgitation occurs when the valve in the heart does not close tightly allowing some of the blood that was pumped out of the heart to leak back into it. Valvular regurgitation is evaluated by echocardiography over time. It is assessed on a scale from 0 to 4, where 0 represents no regurgitation and 4 represents severe regurgitation.","3 Months, 1 Year, and 2 Years Post Implant",0,Participants,131,COUNT_OF_PARTICIPANTS,+3 Moderate,True,2026-09-16T12:17:58Z
NCT01757665,"ProspeCtive, nOn-randoMized, MulticENter Clinical Evaluation of Edwards Pericardial Bioprostheses With a New Tissue Treatment Platform (COMMENCE)","Edwards Pericardial Aortic Bioprosthesis, Model 11000A - 23mm",COMMENCE (Inspiris RESILIA),Subject's Amount of Total Valvular Regurgitation Over Time - 11000A,"Valvular regurgitation occurs when the valve in the heart does not close tightly allowing some of the blood that was pumped out of the heart to leak back into it. Valvular regurgitation is evaluated by echocardiography over time. It is assessed on a scale from 0 to 4, where 0 represents no regurgitation and 4 represents severe regurgitation.","3 Months, 1 Year, and 2 Years Post Implant",1,Participants,214,COUNT_OF_PARTICIPANTS,+3 Moderate,True,2026-09-16T12:17:58Z
NCT01757665,"ProspeCtive, nOn-randoMized, MulticENter Clinical Evaluation of Edwards Pericardial Bioprostheses With a New Tissue Treatment Platform (COMMENCE)","Edwards Pericardial Aortic Bioprosthesis, Model 11000A - 25mm",COMMENCE (Inspiris RESILIA),Subject's Amount of Total Valvular Regurgitation Over Time - 11000A,"Valvular regurgitation occurs when the valve in the heart does not close tightly allowing some of the blood that was pumped out of the heart to leak back into it. Valvular regurgitation is evaluated by echocardiography over time. It is assessed on a scale from 0 to 4, where 0 represents no regurgitation and 4 represents severe regurgitation.","3 Months, 1 Year, and 2 Years Post Implant",0,Participants,202,COUNT_OF_PARTICIPANTS,+3 Moderate,True,2026-09-16T12:17:58Z
NCT01757665,"ProspeCtive, nOn-randoMized, MulticENter Clinical Evaluation of Edwards Pericardial Bioprostheses With a New Tissue Treatment Platform (COMMENCE)","Edwards Pericardial Aortic Bioprosthesis, Model 11000A - 27mm",COMMENCE (Inspiris RESILIA),Subject's Amount of Total Valvular Regurgitation Over Time - 11000A,"Valvular regurgitation occurs when the valve in the heart does not close tightly allowing some of the blood that was pumped out of the heart to leak back into it. Valvular regurgitation is evaluated by echocardiography over time. It is assessed on a scale from 0 to 4, where 0 represents no regurgitation and 4 represents severe regurgitation.","3 Months, 1 Year, and 2 Years Post Implant",0,Participants,100,COUNT_OF_PARTICIPANTS,+3 Moderate,True,2026-09-16T12:17:58Z
NCT01757665,"ProspeCtive, nOn-randoMized, MulticENter Clinical Evaluation of Edwards Pericardial Bioprostheses With a New Tissue Treatment Platform (COMMENCE)","Edwards Pericardial Aortic Bioprosthesis, Model 11000A - Total",COMMENCE (Inspiris RESILIA),Subject's Amount of Total Valvular Regurgitation Over Time - 11000A,"Valvular regurgitation occurs when the valve in the heart does not close tightly allowing some of the blood that was pumped out of the heart to leak back into it. Valvular regurgitation is evaluated by echocardiography over time. It is assessed on a scale from 0 to 4, where 0 represents no regurgitation and 4 represents severe regurgitation.","3 Months, 1 Year, and 2 Years Post Implant",1,Participants,689,COUNT_OF_PARTICIPANTS,+3 Moderate,True,2026-09-16T12:17:58Z
NCT01757665,"ProspeCtive, nOn-randoMized, MulticENter Clinical Evaluation of Edwards Pericardial Bioprostheses With a New Tissue Treatment Platform (COMMENCE)","Edwards Pericardial Aortic Bioprosthesis, Model 11000A - 19mm",COMMENCE (Inspiris RESILIA),Subject's Amount of Total Valvular Regurgitation Over Time - 11000A,"Valvular regurgitation occurs when the valve in the heart does not close tightly allowing some of the blood that was pumped out of the heart to leak back into it. Valvular regurgitation is evaluated by echocardiography over time. It is assessed on a scale from 0 to 4, where 0 represents no regurgitation and 4 represents severe regurgitation.","3 Months, 1 Year, and 2 Years Post Implant",0,Participants,22,COUNT_OF_PARTICIPANTS,+4 Severe,True,2026-09-16T12:17:58Z
NCT01757665,"ProspeCtive, nOn-randoMized, MulticENter Clinical Evaluation of Edwards Pericardial Bioprostheses With a New Tissue Treatment Platform (COMMENCE)","Edwards Pericardial Aortic Bioprosthesis, Model 11000A - 21mm",COMMENCE (Inspiris RESILIA),Subject's Amount of Total Valvular Regurgitation Over Time - 11000A,"Valvular regurgitation occurs when the valve in the heart does not close tightly allowing some of the blood that was pumped out of the heart to leak back into it. Valvular regurgitation is evaluated by echocardiography over time. It is assessed on a scale from 0 to 4, where 0 represents no regurgitation and 4 represents severe regurgitation.","3 Months, 1 Year, and 2 Years Post Implant",0,Participants,131,COUNT_OF_PARTICIPANTS,+4 Severe,True,2026-09-16T12:17:58Z
NCT01757665,"ProspeCtive, nOn-randoMized, MulticENter Clinical Evaluation of Edwards Pericardial Bioprostheses With a New Tissue Treatment Platform (COMMENCE)","Edwards Pericardial Aortic Bioprosthesis, Model 11000A - 23mm",COMMENCE (Inspiris RESILIA),Subject's Amount of Total Valvular Regurgitation Over Time - 11000A,"Valvular regurgitation occurs when the valve in the heart does not close tightly allowing some of the blood that was pumped out of the heart to leak back into it. Valvular regurgitation is evaluated by echocardiography over time. It is assessed on a scale from 0 to 4, where 0 represents no regurgitation and 4 represents severe regurgitation.","3 Months, 1 Year, and 2 Years Post Implant",0,Participants,214,COUNT_OF_PARTICIPANTS,+4 Severe,True,2026-09-16T12:17:58Z
NCT01757665,"ProspeCtive, nOn-randoMized, MulticENter Clinical Evaluation of Edwards Pericardial Bioprostheses With a New Tissue Treatment Platform (COMMENCE)","Edwards Pericardial Aortic Bioprosthesis, Model 11000A - 25mm",COMMENCE (Inspiris RESILIA),Subject's Amount of Total Valvular Regurgitation Over Time - 11000A,"Valvular regurgitation occurs when the valve in the heart does not close tightly allowing some of the blood that was pumped out of the heart to leak back into it. Valvular regurgitation is evaluated by echocardiography over time. It is assessed on a scale from 0 to 4, where 0 represents no regurgitation and 4 represents severe regurgitation.","3 Months, 1 Year, and 2 Years Post Implant",0,Participants,202,COUNT_OF_PARTICIPANTS,+4 Severe,True,2026-09-16T12:17:58Z
NCT01757665,"ProspeCtive, nOn-randoMized, MulticENter Clinical Evaluation of Edwards Pericardial Bioprostheses With a New Tissue Treatment Platform (COMMENCE)","Edwards Pericardial Aortic Bioprosthesis, Model 11000A - 27mm",COMMENCE (Inspiris RESILIA),Subject's Amount of Total Valvular Regurgitation Over Time - 11000A,"Valvular regurgitation occurs when the valve in the heart does not close tightly allowing some of the blood that was pumped out of the heart to leak back into it. Valvular regurgitation is evaluated by echocardiography over time. It is assessed on a scale from 0 to 4, where 0 represents no regurgitation and 4 represents severe regurgitation.","3 Months, 1 Year, and 2 Years Post Implant",0,Participants,100,COUNT_OF_PARTICIPANTS,+4 Severe,True,2026-09-16T12:17:58Z
NCT01757665,"ProspeCtive, nOn-randoMized, MulticENter Clinical Evaluation of Edwards Pericardial Bioprostheses With a New Tissue Treatment Platform (COMMENCE)","Edwards Pericardial Aortic Bioprosthesis, Model 11000A - Total",COMMENCE (Inspiris RESILIA),Subject's Amount of Total Valvular Regurgitation Over Time - 11000A,"Valvular regurgitation occurs when the valve in the heart does not close tightly allowing some of the blood that was pumped out of the heart to leak back into it. Valvular regurgitation is evaluated by echocardiography over time. It is assessed on a scale from 0 to 4, where 0 represents no regurgitation and 4 represents severe regurgitation.","3 Months, 1 Year, and 2 Years Post Implant",0,Participants,689,COUNT_OF_PARTICIPANTS,+4 Severe,True,2026-09-16T12:17:58Z
NCT01757665,"ProspeCtive, nOn-randoMized, MulticENter Clinical Evaluation of Edwards Pericardial Bioprostheses With a New Tissue Treatment Platform (COMMENCE)","Edwards Pericardial Mitral Bioprosthesis, Model 11000M - 25mm",COMMENCE (Inspiris RESILIA),Subject's Amount of Total Valvular Regurgitation Over Time - 11000M,"Mitral valvular regurgitation occurs when the mitral valve in the heart does not close tightly allowing some of the blood that was pumped out of the heart to leak back into it. Mitral valvular regurgitation is evaluated by echocardiography over time. It is assessed on a scale from 0 to 4, where 0 represents no regurgitation and 4 represents severe regurgitation.","3 Months, 1 Year, and 2 Years Post Implant",4,Participants,6,COUNT_OF_PARTICIPANTS,0 None,True,2026-09-16T12:17:58Z
NCT01757665,"ProspeCtive, nOn-randoMized, MulticENter Clinical Evaluation of Edwards Pericardial Bioprostheses With a New Tissue Treatment Platform (COMMENCE)","Edwards Pericardial Mitral Bioprosthesis, Model 11000M - 27mm",COMMENCE (Inspiris RESILIA),Subject's Amount of Total Valvular Regurgitation Over Time - 11000M,"Mitral valvular regurgitation occurs when the mitral valve in the heart does not close tightly allowing some of the blood that was pumped out of the heart to leak back into it. Mitral valvular regurgitation is evaluated by echocardiography over time. It is assessed on a scale from 0 to 4, where 0 represents no regurgitation and 4 represents severe regurgitation.","3 Months, 1 Year, and 2 Years Post Implant",15,Participants,29,COUNT_OF_PARTICIPANTS,0 None,True,2026-09-16T12:17:58Z
NCT01757665,"ProspeCtive, nOn-randoMized, MulticENter Clinical Evaluation of Edwards Pericardial Bioprostheses With a New Tissue Treatment Platform (COMMENCE)","Edwards Pericardial Mitral Bioprosthesis, Model 11000M - 29mm",COMMENCE (Inspiris RESILIA),Subject's Amount of Total Valvular Regurgitation Over Time - 11000M,"Mitral valvular regurgitation occurs when the mitral valve in the heart does not close tightly allowing some of the blood that was pumped out of the heart to leak back into it. Mitral valvular regurgitation is evaluated by echocardiography over time. It is assessed on a scale from 0 to 4, where 0 represents no regurgitation and 4 represents severe regurgitation.","3 Months, 1 Year, and 2 Years Post Implant",18,Participants,25,COUNT_OF_PARTICIPANTS,0 None,True,2026-09-16T12:17:58Z
NCT01757665,"ProspeCtive, nOn-randoMized, MulticENter Clinical Evaluation of Edwards Pericardial Bioprostheses With a New Tissue Treatment Platform (COMMENCE)","Edwards Pericardial Mitral Bioprosthesis, Model 11000M - 31mm",COMMENCE (Inspiris RESILIA),Subject's Amount of Total Valvular Regurgitation Over Time - 11000M,"Mitral valvular regurgitation occurs when the mitral valve in the heart does not close tightly allowing some of the blood that was pumped out of the heart to leak back into it. Mitral valvular regurgitation is evaluated by echocardiography over time. It is assessed on a scale from 0 to 4, where 0 represents no regurgitation and 4 represents severe regurgitation.","3 Months, 1 Year, and 2 Years Post Implant",10,Participants,16,COUNT_OF_PARTICIPANTS,0 None,True,2026-09-16T12:17:58Z
NCT01757665,"ProspeCtive, nOn-randoMized, MulticENter Clinical Evaluation of Edwards Pericardial Bioprostheses With a New Tissue Treatment Platform (COMMENCE)","Edwards Pericardial Mitral Bioprosthesis, Model 11000M - 33mm",COMMENCE (Inspiris RESILIA),Subject's Amount of Total Valvular Regurgitation Over Time - 11000M,"Mitral valvular regurgitation occurs when the mitral valve in the heart does not close tightly allowing some of the blood that was pumped out of the heart to leak back into it. Mitral valvular regurgitation is evaluated by echocardiography over time. It is assessed on a scale from 0 to 4, where 0 represents no regurgitation and 4 represents severe regurgitation.","3 Months, 1 Year, and 2 Years Post Implant",4,Participants,6,COUNT_OF_PARTICIPANTS,0 None,True,2026-09-16T12:17:58Z
NCT01757665,"ProspeCtive, nOn-randoMized, MulticENter Clinical Evaluation of Edwards Pericardial Bioprostheses With a New Tissue Treatment Platform (COMMENCE)","Edwards Pericardial Mitral Bioprosthesis, Model 11000M - Total",COMMENCE (Inspiris RESILIA),Subject's Amount of Total Valvular Regurgitation Over Time - 11000M,"Mitral valvular regurgitation occurs when the mitral valve in the heart does not close tightly allowing some of the blood that was pumped out of the heart to leak back into it. Mitral valvular regurgitation is evaluated by echocardiography over time. It is assessed on a scale from 0 to 4, where 0 represents no regurgitation and 4 represents severe regurgitation.","3 Months, 1 Year, and 2 Years Post Implant",51,Participants,82,COUNT_OF_PARTICIPANTS,0 None,True,2026-09-16T12:17:58Z
NCT01757665,"ProspeCtive, nOn-randoMized, MulticENter Clinical Evaluation of Edwards Pericardial Bioprostheses With a New Tissue Treatment Platform (COMMENCE)","Edwards Pericardial Mitral Bioprosthesis, Model 11000M - 25mm",COMMENCE (Inspiris RESILIA),Subject's Amount of Total Valvular Regurgitation Over Time - 11000M,"Mitral valvular regurgitation occurs when the mitral valve in the heart does not close tightly allowing some of the blood that was pumped out of the heart to leak back into it. Mitral valvular regurgitation is evaluated by echocardiography over time. It is assessed on a scale from 0 to 4, where 0 represents no regurgitation and 4 represents severe regurgitation.","3 Months, 1 Year, and 2 Years Post Implant",1,Participants,6,COUNT_OF_PARTICIPANTS,+1 Trivial/Trace,True,2026-09-16T12:17:58Z
NCT01757665,"ProspeCtive, nOn-randoMized, MulticENter Clinical Evaluation of Edwards Pericardial Bioprostheses With a New Tissue Treatment Platform (COMMENCE)","Edwards Pericardial Mitral Bioprosthesis, Model 11000M - 27mm",COMMENCE (Inspiris RESILIA),Subject's Amount of Total Valvular Regurgitation Over Time - 11000M,"Mitral valvular regurgitation occurs when the mitral valve in the heart does not close tightly allowing some of the blood that was pumped out of the heart to leak back into it. Mitral valvular regurgitation is evaluated by echocardiography over time. It is assessed on a scale from 0 to 4, where 0 represents no regurgitation and 4 represents severe regurgitation.","3 Months, 1 Year, and 2 Years Post Implant",7,Participants,29,COUNT_OF_PARTICIPANTS,+1 Trivial/Trace,True,2026-09-16T12:17:58Z
NCT01757665,"ProspeCtive, nOn-randoMized, MulticENter Clinical Evaluation of Edwards Pericardial Bioprostheses With a New Tissue Treatment Platform (COMMENCE)","Edwards Pericardial Mitral Bioprosthesis, Model 11000M - 29mm",COMMENCE (Inspiris RESILIA),Subject's Amount of Total Valvular Regurgitation Over Time - 11000M,"Mitral valvular regurgitation occurs when the mitral valve in the heart does not close tightly allowing some of the blood that was pumped out of the heart to leak back into it. Mitral valvular regurgitation is evaluated by echocardiography over time. It is assessed on a scale from 0 to 4, where 0 represents no regurgitation and 4 represents severe regurgitation.","3 Months, 1 Year, and 2 Years Post Implant",5,Participants,25,COUNT_OF_PARTICIPANTS,+1 Trivial/Trace,True,2026-09-16T12:17:58Z
NCT01757665,"ProspeCtive, nOn-randoMized, MulticENter Clinical Evaluation of Edwards Pericardial Bioprostheses With a New Tissue Treatment Platform (COMMENCE)","Edwards Pericardial Mitral Bioprosthesis, Model 11000M - 31mm",COMMENCE (Inspiris RESILIA),Subject's Amount of Total Valvular Regurgitation Over Time - 11000M,"Mitral valvular regurgitation occurs when the mitral valve in the heart does not close tightly allowing some of the blood that was pumped out of the heart to leak back into it. Mitral valvular regurgitation is evaluated by echocardiography over time. It is assessed on a scale from 0 to 4, where 0 represents no regurgitation and 4 represents severe regurgitation.","3 Months, 1 Year, and 2 Years Post Implant",3,Participants,16,COUNT_OF_PARTICIPANTS,+1 Trivial/Trace,True,2026-09-16T12:17:58Z
NCT01757665,"ProspeCtive, nOn-randoMized, MulticENter Clinical Evaluation of Edwards Pericardial Bioprostheses With a New Tissue Treatment Platform (COMMENCE)","Edwards Pericardial Mitral Bioprosthesis, Model 11000M - 33mm",COMMENCE (Inspiris RESILIA),Subject's Amount of Total Valvular Regurgitation Over Time - 11000M,"Mitral valvular regurgitation occurs when the mitral valve in the heart does not close tightly allowing some of the blood that was pumped out of the heart to leak back into it. Mitral valvular regurgitation is evaluated by echocardiography over time. It is assessed on a scale from 0 to 4, where 0 represents no regurgitation and 4 represents severe regurgitation.","3 Months, 1 Year, and 2 Years Post Implant",2,Participants,6,COUNT_OF_PARTICIPANTS,+1 Trivial/Trace,True,2026-09-16T12:17:58Z
NCT01757665,"ProspeCtive, nOn-randoMized, MulticENter Clinical Evaluation of Edwards Pericardial Bioprostheses With a New Tissue Treatment Platform (COMMENCE)","Edwards Pericardial Mitral Bioprosthesis, Model 11000M - Total",COMMENCE (Inspiris RESILIA),Subject's Amount of Total Valvular Regurgitation Over Time - 11000M,"Mitral valvular regurgitation occurs when the mitral valve in the heart does not close tightly allowing some of the blood that was pumped out of the heart to leak back into it. Mitral valvular regurgitation is evaluated by echocardiography over time. It is assessed on a scale from 0 to 4, where 0 represents no regurgitation and 4 represents severe regurgitation.","3 Months, 1 Year, and 2 Years Post Implant",18,Participants,82,COUNT_OF_PARTICIPANTS,+1 Trivial/Trace,True,2026-09-16T12:17:58Z
NCT01757665,"ProspeCtive, nOn-randoMized, MulticENter Clinical Evaluation of Edwards Pericardial Bioprostheses With a New Tissue Treatment Platform (COMMENCE)","Edwards Pericardial Mitral Bioprosthesis, Model 11000M - 25mm",COMMENCE (Inspiris RESILIA),Subject's Amount of Total Valvular Regurgitation Over Time - 11000M,"Mitral valvular regurgitation occurs when the mitral valve in the heart does not close tightly allowing some of the blood that was pumped out of the heart to leak back into it. Mitral valvular regurgitation is evaluated by echocardiography over time. It is assessed on a scale from 0 to 4, where 0 represents no regurgitation and 4 represents severe regurgitation.","3 Months, 1 Year, and 2 Years Post Implant",0,Participants,6,COUNT_OF_PARTICIPANTS,+2 Mild,True,2026-09-16T12:17:58Z
NCT01757665,"ProspeCtive, nOn-randoMized, MulticENter Clinical Evaluation of Edwards Pericardial Bioprostheses With a New Tissue Treatment Platform (COMMENCE)","Edwards Pericardial Mitral Bioprosthesis, Model 11000M - 27mm",COMMENCE (Inspiris RESILIA),Subject's Amount of Total Valvular Regurgitation Over Time - 11000M,"Mitral valvular regurgitation occurs when the mitral valve in the heart does not close tightly allowing some of the blood that was pumped out of the heart to leak back into it. Mitral valvular regurgitation is evaluated by echocardiography over time. It is assessed on a scale from 0 to 4, where 0 represents no regurgitation and 4 represents severe regurgitation.","3 Months, 1 Year, and 2 Years Post Implant",3,Participants,29,COUNT_OF_PARTICIPANTS,+2 Mild,True,2026-09-16T12:17:58Z
NCT01757665,"ProspeCtive, nOn-randoMized, MulticENter Clinical Evaluation of Edwards Pericardial Bioprostheses With a New Tissue Treatment Platform (COMMENCE)","Edwards Pericardial Mitral Bioprosthesis, Model 11000M - 29mm",COMMENCE (Inspiris RESILIA),Subject's Amount of Total Valvular Regurgitation Over Time - 11000M,"Mitral valvular regurgitation occurs when the mitral valve in the heart does not close tightly allowing some of the blood that was pumped out of the heart to leak back into it. Mitral valvular regurgitation is evaluated by echocardiography over time. It is assessed on a scale from 0 to 4, where 0 represents no regurgitation and 4 represents severe regurgitation.","3 Months, 1 Year, and 2 Years Post Implant",0,Participants,25,COUNT_OF_PARTICIPANTS,+2 Mild,True,2026-09-16T12:17:58Z
NCT01757665,"ProspeCtive, nOn-randoMized, MulticENter Clinical Evaluation of Edwards Pericardial Bioprostheses With a New Tissue Treatment Platform (COMMENCE)","Edwards Pericardial Mitral Bioprosthesis, Model 11000M - 31mm",COMMENCE (Inspiris RESILIA),Subject's Amount of Total Valvular Regurgitation Over Time - 11000M,"Mitral valvular regurgitation occurs when the mitral valve in the heart does not close tightly allowing some of the blood that was pumped out of the heart to leak back into it. Mitral valvular regurgitation is evaluated by echocardiography over time. It is assessed on a scale from 0 to 4, where 0 represents no regurgitation and 4 represents severe regurgitation.","3 Months, 1 Year, and 2 Years Post Implant",2,Participants,16,COUNT_OF_PARTICIPANTS,+2 Mild,True,2026-09-16T12:17:58Z
NCT01757665,"ProspeCtive, nOn-randoMized, MulticENter Clinical Evaluation of Edwards Pericardial Bioprostheses With a New Tissue Treatment Platform (COMMENCE)","Edwards Pericardial Mitral Bioprosthesis, Model 11000M - 33mm",COMMENCE (Inspiris RESILIA),Subject's Amount of Total Valvular Regurgitation Over Time - 11000M,"Mitral valvular regurgitation occurs when the mitral valve in the heart does not close tightly allowing some of the blood that was pumped out of the heart to leak back into it. Mitral valvular regurgitation is evaluated by echocardiography over time. It is assessed on a scale from 0 to 4, where 0 represents no regurgitation and 4 represents severe regurgitation.","3 Months, 1 Year, and 2 Years Post Implant",0,Participants,6,COUNT_OF_PARTICIPANTS,+2 Mild,True,2026-09-16T12:17:58Z
NCT01757665,"ProspeCtive, nOn-randoMized, MulticENter Clinical Evaluation of Edwards Pericardial Bioprostheses With a New Tissue Treatment Platform (COMMENCE)","Edwards Pericardial Mitral Bioprosthesis, Model 11000M - Total",COMMENCE (Inspiris RESILIA),Subject's Amount of Total Valvular Regurgitation Over Time - 11000M,"Mitral valvular regurgitation occurs when the mitral valve in the heart does not close tightly allowing some of the blood that was pumped out of the heart to leak back into it. Mitral valvular regurgitation is evaluated by echocardiography over time. It is assessed on a scale from 0 to 4, where 0 represents no regurgitation and 4 represents severe regurgitation.","3 Months, 1 Year, and 2 Years Post Implant",5,Participants,82,COUNT_OF_PARTICIPANTS,+2 Mild,True,2026-09-16T12:17:58Z
NCT01757665,"ProspeCtive, nOn-randoMized, MulticENter Clinical Evaluation of Edwards Pericardial Bioprostheses With a New Tissue Treatment Platform (COMMENCE)","Edwards Pericardial Mitral Bioprosthesis, Model 11000M - 25mm",COMMENCE (Inspiris RESILIA),Subject's Amount of Total Valvular Regurgitation Over Time - 11000M,"Mitral valvular regurgitation occurs when the mitral valve in the heart does not close tightly allowing some of the blood that was pumped out of the heart to leak back into it. Mitral valvular regurgitation is evaluated by echocardiography over time. It is assessed on a scale from 0 to 4, where 0 represents no regurgitation and 4 represents severe regurgitation.","3 Months, 1 Year, and 2 Years Post Implant",0,Participants,6,COUNT_OF_PARTICIPANTS,+3 Moderate,True,2026-09-16T12:17:58Z
NCT01757665,"ProspeCtive, nOn-randoMized, MulticENter Clinical Evaluation of Edwards Pericardial Bioprostheses With a New Tissue Treatment Platform (COMMENCE)","Edwards Pericardial Mitral Bioprosthesis, Model 11000M - 27mm",COMMENCE (Inspiris RESILIA),Subject's Amount of Total Valvular Regurgitation Over Time - 11000M,"Mitral valvular regurgitation occurs when the mitral valve in the heart does not close tightly allowing some of the blood that was pumped out of the heart to leak back into it. Mitral valvular regurgitation is evaluated by echocardiography over time. It is assessed on a scale from 0 to 4, where 0 represents no regurgitation and 4 represents severe regurgitation.","3 Months, 1 Year, and 2 Years Post Implant",1,Participants,29,COUNT_OF_PARTICIPANTS,+3 Moderate,True,2026-09-16T12:17:58Z
NCT01757665,"ProspeCtive, nOn-randoMized, MulticENter Clinical Evaluation of Edwards Pericardial Bioprostheses With a New Tissue Treatment Platform (COMMENCE)","Edwards Pericardial Mitral Bioprosthesis, Model 11000M - 29mm",COMMENCE (Inspiris RESILIA),Subject's Amount of Total Valvular Regurgitation Over Time - 11000M,"Mitral valvular regurgitation occurs when the mitral valve in the heart does not close tightly allowing some of the blood that was pumped out of the heart to leak back into it. Mitral valvular regurgitation is evaluated by echocardiography over time. It is assessed on a scale from 0 to 4, where 0 represents no regurgitation and 4 represents severe regurgitation.","3 Months, 1 Year, and 2 Years Post Implant",0,Participants,25,COUNT_OF_PARTICIPANTS,+3 Moderate,True,2026-09-16T12:17:58Z
NCT01757665,"ProspeCtive, nOn-randoMized, MulticENter Clinical Evaluation of Edwards Pericardial Bioprostheses With a New Tissue Treatment Platform (COMMENCE)","Edwards Pericardial Mitral Bioprosthesis, Model 11000M - 31mm",COMMENCE (Inspiris RESILIA),Subject's Amount of Total Valvular Regurgitation Over Time - 11000M,"Mitral valvular regurgitation occurs when the mitral valve in the heart does not close tightly allowing some of the blood that was pumped out of the heart to leak back into it. Mitral valvular regurgitation is evaluated by echocardiography over time. It is assessed on a scale from 0 to 4, where 0 represents no regurgitation and 4 represents severe regurgitation.","3 Months, 1 Year, and 2 Years Post Implant",0,Participants,16,COUNT_OF_PARTICIPANTS,+3 Moderate,True,2026-09-16T12:17:58Z
NCT01757665,"ProspeCtive, nOn-randoMized, MulticENter Clinical Evaluation of Edwards Pericardial Bioprostheses With a New Tissue Treatment Platform (COMMENCE)","Edwards Pericardial Mitral Bioprosthesis, Model 11000M - 33mm",COMMENCE (Inspiris RESILIA),Subject's Amount of Total Valvular Regurgitation Over Time - 11000M,"Mitral valvular regurgitation occurs when the mitral valve in the heart does not close tightly allowing some of the blood that was pumped out of the heart to leak back into it. Mitral valvular regurgitation is evaluated by echocardiography over time. It is assessed on a scale from 0 to 4, where 0 represents no regurgitation and 4 represents severe regurgitation.","3 Months, 1 Year, and 2 Years Post Implant",0,Participants,6,COUNT_OF_PARTICIPANTS,+3 Moderate,True,2026-09-16T12:17:58Z
NCT01757665,"ProspeCtive, nOn-randoMized, MulticENter Clinical Evaluation of Edwards Pericardial Bioprostheses With a New Tissue Treatment Platform (COMMENCE)","Edwards Pericardial Mitral Bioprosthesis, Model 11000M - Total",COMMENCE (Inspiris RESILIA),Subject's Amount of Total Valvular Regurgitation Over Time - 11000M,"Mitral valvular regurgitation occurs when the mitral valve in the heart does not close tightly allowing some of the blood that was pumped out of the heart to leak back into it. Mitral valvular regurgitation is evaluated by echocardiography over time. It is assessed on a scale from 0 to 4, where 0 represents no regurgitation and 4 represents severe regurgitation.","3 Months, 1 Year, and 2 Years Post Implant",1,Participants,82,COUNT_OF_PARTICIPANTS,+3 Moderate,True,2026-09-16T12:17:58Z
NCT01757665,"ProspeCtive, nOn-randoMized, MulticENter Clinical Evaluation of Edwards Pericardial Bioprostheses With a New Tissue Treatment Platform (COMMENCE)","Edwards Pericardial Mitral Bioprosthesis, Model 11000M - 25mm",COMMENCE (Inspiris RESILIA),Subject's Amount of Total Valvular Regurgitation Over Time - 11000M,"Mitral valvular regurgitation occurs when the mitral valve in the heart does not close tightly allowing some of the blood that was pumped out of the heart to leak back into it. Mitral valvular regurgitation is evaluated by echocardiography over time. It is assessed on a scale from 0 to 4, where 0 represents no regurgitation and 4 represents severe regurgitation.","3 Months, 1 Year, and 2 Years Post Implant",0,Participants,6,COUNT_OF_PARTICIPANTS,+4 Severe,True,2026-09-16T12:17:58Z
NCT01757665,"ProspeCtive, nOn-randoMized, MulticENter Clinical Evaluation of Edwards Pericardial Bioprostheses With a New Tissue Treatment Platform (COMMENCE)","Edwards Pericardial Mitral Bioprosthesis, Model 11000M - 27mm",COMMENCE (Inspiris RESILIA),Subject's Amount of Total Valvular Regurgitation Over Time - 11000M,"Mitral valvular regurgitation occurs when the mitral valve in the heart does not close tightly allowing some of the blood that was pumped out of the heart to leak back into it. Mitral valvular regurgitation is evaluated by echocardiography over time. It is assessed on a scale from 0 to 4, where 0 represents no regurgitation and 4 represents severe regurgitation.","3 Months, 1 Year, and 2 Years Post Implant",0,Participants,29,COUNT_OF_PARTICIPANTS,+4 Severe,True,2026-09-16T12:17:58Z
NCT01757665,"ProspeCtive, nOn-randoMized, MulticENter Clinical Evaluation of Edwards Pericardial Bioprostheses With a New Tissue Treatment Platform (COMMENCE)","Edwards Pericardial Mitral Bioprosthesis, Model 11000M - 29mm",COMMENCE (Inspiris RESILIA),Subject's Amount of Total Valvular Regurgitation Over Time - 11000M,"Mitral valvular regurgitation occurs when the mitral valve in the heart does not close tightly allowing some of the blood that was pumped out of the heart to leak back into it. Mitral valvular regurgitation is evaluated by echocardiography over time. It is assessed on a scale from 0 to 4, where 0 represents no regurgitation and 4 represents severe regurgitation.","3 Months, 1 Year, and 2 Years Post Implant",0,Participants,25,COUNT_OF_PARTICIPANTS,+4 Severe,True,2026-09-16T12:17:58Z
NCT01757665,"ProspeCtive, nOn-randoMized, MulticENter Clinical Evaluation of Edwards Pericardial Bioprostheses With a New Tissue Treatment Platform (COMMENCE)","Edwards Pericardial Mitral Bioprosthesis, Model 11000M - 31mm",COMMENCE (Inspiris RESILIA),Subject's Amount of Total Valvular Regurgitation Over Time - 11000M,"Mitral valvular regurgitation occurs when the mitral valve in the heart does not close tightly allowing some of the blood that was pumped out of the heart to leak back into it. Mitral valvular regurgitation is evaluated by echocardiography over time. It is assessed on a scale from 0 to 4, where 0 represents no regurgitation and 4 represents severe regurgitation.","3 Months, 1 Year, and 2 Years Post Implant",0,Participants,16,COUNT_OF_PARTICIPANTS,+4 Severe,True,2026-09-16T12:17:58Z
NCT01757665,"ProspeCtive, nOn-randoMized, MulticENter Clinical Evaluation of Edwards Pericardial Bioprostheses With a New Tissue Treatment Platform (COMMENCE)","Edwards Pericardial Mitral Bioprosthesis, Model 11000M - 33mm",COMMENCE (Inspiris RESILIA),Subject's Amount of Total Valvular Regurgitation Over Time - 11000M,"Mitral valvular regurgitation occurs when the mitral valve in the heart does not close tightly allowing some of the blood that was pumped out of the heart to leak back into it. Mitral valvular regurgitation is evaluated by echocardiography over time. It is assessed on a scale from 0 to 4, where 0 represents no regurgitation and 4 represents severe regurgitation.","3 Months, 1 Year, and 2 Years Post Implant",0,Participants,6,COUNT_OF_PARTICIPANTS,+4 Severe,True,2026-09-16T12:17:58Z
NCT01757665,"ProspeCtive, nOn-randoMized, MulticENter Clinical Evaluation of Edwards Pericardial Bioprostheses With a New Tissue Treatment Platform (COMMENCE)","Edwards Pericardial Mitral Bioprosthesis, Model 11000M - Total",COMMENCE (Inspiris RESILIA),Subject's Amount of Total Valvular Regurgitation Over Time - 11000M,"Mitral valvular regurgitation occurs when the mitral valve in the heart does not close tightly allowing some of the blood that was pumped out of the heart to leak back into it. Mitral valvular regurgitation is evaluated by echocardiography over time. It is assessed on a scale from 0 to 4, where 0 represents no regurgitation and 4 represents severe regurgitation.","3 Months, 1 Year, and 2 Years Post Implant",0,Participants,82,COUNT_OF_PARTICIPANTS,+4 Severe,True,2026-09-16T12:17:58Z
NCT01757665,"ProspeCtive, nOn-randoMized, MulticENter Clinical Evaluation of Edwards Pericardial Bioprostheses With a New Tissue Treatment Platform (COMMENCE)","Edwards Pericardial Mitral Bioprosthesis, Model 11000M - 25mm",COMMENCE (Inspiris RESILIA),Subject's Amount of Total Valvular Regurgitation Over Time - 11000M,"Mitral valvular regurgitation occurs when the mitral valve in the heart does not close tightly allowing some of the blood that was pumped out of the heart to leak back into it. Mitral valvular regurgitation is evaluated by echocardiography over time. It is assessed on a scale from 0 to 4, where 0 represents no regurgitation and 4 represents severe regurgitation.","3 Months, 1 Year, and 2 Years Post Implant",3,Participants,6,COUNT_OF_PARTICIPANTS,0 None,True,2026-09-16T12:17:58Z
NCT01757665,"ProspeCtive, nOn-randoMized, MulticENter Clinical Evaluation of Edwards Pericardial Bioprostheses With a New Tissue Treatment Platform (COMMENCE)","Edwards Pericardial Mitral Bioprosthesis, Model 11000M - 27mm",COMMENCE (Inspiris RESILIA),Subject's Amount of Total Valvular Regurgitation Over Time - 11000M,"Mitral valvular regurgitation occurs when the mitral valve in the heart does not close tightly allowing some of the blood that was pumped out of the heart to leak back into it. Mitral valvular regurgitation is evaluated by echocardiography over time. It is assessed on a scale from 0 to 4, where 0 represents no regurgitation and 4 represents severe regurgitation.","3 Months, 1 Year, and 2 Years Post Implant",15,Participants,29,COUNT_OF_PARTICIPANTS,0 None,True,2026-09-16T12:17:58Z
NCT01757665,"ProspeCtive, nOn-randoMized, MulticENter Clinical Evaluation of Edwards Pericardial Bioprostheses With a New Tissue Treatment Platform (COMMENCE)","Edwards Pericardial Mitral Bioprosthesis, Model 11000M - 29mm",COMMENCE (Inspiris RESILIA),Subject's Amount of Total Valvular Regurgitation Over Time - 11000M,"Mitral valvular regurgitation occurs when the mitral valve in the heart does not close tightly allowing some of the blood that was pumped out of the heart to leak back into it. Mitral valvular regurgitation is evaluated by echocardiography over time. It is assessed on a scale from 0 to 4, where 0 represents no regurgitation and 4 represents severe regurgitation.","3 Months, 1 Year, and 2 Years Post Implant",13,Participants,25,COUNT_OF_PARTICIPANTS,0 None,True,2026-09-16T12:17:58Z
NCT01757665,"ProspeCtive, nOn-randoMized, MulticENter Clinical Evaluation of Edwards Pericardial Bioprostheses With a New Tissue Treatment Platform (COMMENCE)","Edwards Pericardial Mitral Bioprosthesis, Model 11000M - 31mm",COMMENCE (Inspiris RESILIA),Subject's Amount of Total Valvular Regurgitation Over Time - 11000M,"Mitral valvular regurgitation occurs when the mitral valve in the heart does not close tightly allowing some of the blood that was pumped out of the heart to leak back into it. Mitral valvular regurgitation is evaluated by echocardiography over time. It is assessed on a scale from 0 to 4, where 0 represents no regurgitation and 4 represents severe regurgitation.","3 Months, 1 Year, and 2 Years Post Implant",8,Participants,16,COUNT_OF_PARTICIPANTS,0 None,True,2026-09-16T12:17:58Z
NCT01757665,"ProspeCtive, nOn-randoMized, MulticENter Clinical Evaluation of Edwards Pericardial Bioprostheses With a New Tissue Treatment Platform (COMMENCE)","Edwards Pericardial Mitral Bioprosthesis, Model 11000M - 33mm",COMMENCE (Inspiris RESILIA),Subject's Amount of Total Valvular Regurgitation Over Time - 11000M,"Mitral valvular regurgitation occurs when the mitral valve in the heart does not close tightly allowing some of the blood that was pumped out of the heart to leak back into it. Mitral valvular regurgitation is evaluated by echocardiography over time. It is assessed on a scale from 0 to 4, where 0 represents no regurgitation and 4 represents severe regurgitation.","3 Months, 1 Year, and 2 Years Post Implant",3,Participants,6,COUNT_OF_PARTICIPANTS,0 None,True,2026-09-16T12:17:58Z
NCT01757665,"ProspeCtive, nOn-randoMized, MulticENter Clinical Evaluation of Edwards Pericardial Bioprostheses With a New Tissue Treatment Platform (COMMENCE)","Edwards Pericardial Mitral Bioprosthesis, Model 11000M - Total",COMMENCE (Inspiris RESILIA),Subject's Amount of Total Valvular Regurgitation Over Time - 11000M,"Mitral valvular regurgitation occurs when the mitral valve in the heart does not close tightly allowing some of the blood that was pumped out of the heart to leak back into it. Mitral valvular regurgitation is evaluated by echocardiography over time. It is assessed on a scale from 0 to 4, where 0 represents no regurgitation and 4 represents severe regurgitation.","3 Months, 1 Year, and 2 Years Post Implant",42,Participants,82,COUNT_OF_PARTICIPANTS,0 None,True,2026-09-16T12:17:58Z
NCT01757665,"ProspeCtive, nOn-randoMized, MulticENter Clinical Evaluation of Edwards Pericardial Bioprostheses With a New Tissue Treatment Platform (COMMENCE)","Edwards Pericardial Mitral Bioprosthesis, Model 11000M - 25mm",COMMENCE (Inspiris RESILIA),Subject's Amount of Total Valvular Regurgitation Over Time - 11000M,"Mitral valvular regurgitation occurs when the mitral valve in the heart does not close tightly allowing some of the blood that was pumped out of the heart to leak back into it. Mitral valvular regurgitation is evaluated by echocardiography over time. It is assessed on a scale from 0 to 4, where 0 represents no regurgitation and 4 represents severe regurgitation.","3 Months, 1 Year, and 2 Years Post Implant",1,Participants,6,COUNT_OF_PARTICIPANTS,+1 Trivial/Trace,True,2026-09-16T12:17:58Z
NCT01757665,"ProspeCtive, nOn-randoMized, MulticENter Clinical Evaluation of Edwards Pericardial Bioprostheses With a New Tissue Treatment Platform (COMMENCE)","Edwards Pericardial Mitral Bioprosthesis, Model 11000M - 27mm",COMMENCE (Inspiris RESILIA),Subject's Amount of Total Valvular Regurgitation Over Time - 11000M,"Mitral valvular regurgitation occurs when the mitral valve in the heart does not close tightly allowing some of the blood that was pumped out of the heart to leak back into it. Mitral valvular regurgitation is evaluated by echocardiography over time. It is assessed on a scale from 0 to 4, where 0 represents no regurgitation and 4 represents severe regurgitation.","3 Months, 1 Year, and 2 Years Post Implant",5,Participants,29,COUNT_OF_PARTICIPANTS,+1 Trivial/Trace,True,2026-09-16T12:17:58Z
NCT01757665,"ProspeCtive, nOn-randoMized, MulticENter Clinical Evaluation of Edwards Pericardial Bioprostheses With a New Tissue Treatment Platform (COMMENCE)","Edwards Pericardial Mitral Bioprosthesis, Model 11000M - 29mm",COMMENCE (Inspiris RESILIA),Subject's Amount of Total Valvular Regurgitation Over Time - 11000M,"Mitral valvular regurgitation occurs when the mitral valve in the heart does not close tightly allowing some of the blood that was pumped out of the heart to leak back into it. Mitral valvular regurgitation is evaluated by echocardiography over time. It is assessed on a scale from 0 to 4, where 0 represents no regurgitation and 4 represents severe regurgitation.","3 Months, 1 Year, and 2 Years Post Implant",7,Participants,25,COUNT_OF_PARTICIPANTS,+1 Trivial/Trace,True,2026-09-16T12:17:58Z
NCT01757665,"ProspeCtive, nOn-randoMized, MulticENter Clinical Evaluation of Edwards Pericardial Bioprostheses With a New Tissue Treatment Platform (COMMENCE)","Edwards Pericardial Mitral Bioprosthesis, Model 11000M - 31mm",COMMENCE (Inspiris RESILIA),Subject's Amount of Total Valvular Regurgitation Over Time - 11000M,"Mitral valvular regurgitation occurs when the mitral valve in the heart does not close tightly allowing some of the blood that was pumped out of the heart to leak back into it. Mitral valvular regurgitation is evaluated by echocardiography over time. It is assessed on a scale from 0 to 4, where 0 represents no regurgitation and 4 represents severe regurgitation.","3 Months, 1 Year, and 2 Years Post Implant",4,Participants,16,COUNT_OF_PARTICIPANTS,+1 Trivial/Trace,True,2026-09-16T12:17:58Z
NCT01757665,"ProspeCtive, nOn-randoMized, MulticENter Clinical Evaluation of Edwards Pericardial Bioprostheses With a New Tissue Treatment Platform (COMMENCE)","Edwards Pericardial Mitral Bioprosthesis, Model 11000M - 33mm",COMMENCE (Inspiris RESILIA),Subject's Amount of Total Valvular Regurgitation Over Time - 11000M,"Mitral valvular regurgitation occurs when the mitral valve in the heart does not close tightly allowing some of the blood that was pumped out of the heart to leak back into it. Mitral valvular regurgitation is evaluated by echocardiography over time. It is assessed on a scale from 0 to 4, where 0 represents no regurgitation and 4 represents severe regurgitation.","3 Months, 1 Year, and 2 Years Post Implant",2,Participants,6,COUNT_OF_PARTICIPANTS,+1 Trivial/Trace,True,2026-09-16T12:17:58Z
NCT01757665,"ProspeCtive, nOn-randoMized, MulticENter Clinical Evaluation of Edwards Pericardial Bioprostheses With a New Tissue Treatment Platform (COMMENCE)","Edwards Pericardial Mitral Bioprosthesis, Model 11000M - Total",COMMENCE (Inspiris RESILIA),Subject's Amount of Total Valvular Regurgitation Over Time - 11000M,"Mitral valvular regurgitation occurs when the mitral valve in the heart does not close tightly allowing some of the blood that was pumped out of the heart to leak back into it. Mitral valvular regurgitation is evaluated by echocardiography over time. It is assessed on a scale from 0 to 4, where 0 represents no regurgitation and 4 represents severe regurgitation.","3 Months, 1 Year, and 2 Years Post Implant",19,Participants,82,COUNT_OF_PARTICIPANTS,+1 Trivial/Trace,True,2026-09-16T12:17:58Z
NCT01757665,"ProspeCtive, nOn-randoMized, MulticENter Clinical Evaluation of Edwards Pericardial Bioprostheses With a New Tissue Treatment Platform (COMMENCE)","Edwards Pericardial Mitral Bioprosthesis, Model 11000M - 25mm",COMMENCE (Inspiris RESILIA),Subject's Amount of Total Valvular Regurgitation Over Time - 11000M,"Mitral valvular regurgitation occurs when the mitral valve in the heart does not close tightly allowing some of the blood that was pumped out of the heart to leak back into it. Mitral valvular regurgitation is evaluated by echocardiography over time. It is assessed on a scale from 0 to 4, where 0 represents no regurgitation and 4 represents severe regurgitation.","3 Months, 1 Year, and 2 Years Post Implant",0,Participants,6,COUNT_OF_PARTICIPANTS,+2 Mild,True,2026-09-16T12:17:58Z
NCT01757665,"ProspeCtive, nOn-randoMized, MulticENter Clinical Evaluation of Edwards Pericardial Bioprostheses With a New Tissue Treatment Platform (COMMENCE)","Edwards Pericardial Mitral Bioprosthesis, Model 11000M - 27mm",COMMENCE (Inspiris RESILIA),Subject's Amount of Total Valvular Regurgitation Over Time - 11000M,"Mitral valvular regurgitation occurs when the mitral valve in the heart does not close tightly allowing some of the blood that was pumped out of the heart to leak back into it. Mitral valvular regurgitation is evaluated by echocardiography over time. It is assessed on a scale from 0 to 4, where 0 represents no regurgitation and 4 represents severe regurgitation.","3 Months, 1 Year, and 2 Years Post Implant",4,Participants,29,COUNT_OF_PARTICIPANTS,+2 Mild,True,2026-09-16T12:17:58Z
NCT01757665,"ProspeCtive, nOn-randoMized, MulticENter Clinical Evaluation of Edwards Pericardial Bioprostheses With a New Tissue Treatment Platform (COMMENCE)","Edwards Pericardial Mitral Bioprosthesis, Model 11000M - 29mm",COMMENCE (Inspiris RESILIA),Subject's Amount of Total Valvular Regurgitation Over Time - 11000M,"Mitral valvular regurgitation occurs when the mitral valve in the heart does not close tightly allowing some of the blood that was pumped out of the heart to leak back into it. Mitral valvular regurgitation is evaluated by echocardiography over time. It is assessed on a scale from 0 to 4, where 0 represents no regurgitation and 4 represents severe regurgitation.","3 Months, 1 Year, and 2 Years Post Implant",0,Participants,25,COUNT_OF_PARTICIPANTS,+2 Mild,True,2026-09-16T12:17:58Z
NCT01757665,"ProspeCtive, nOn-randoMized, MulticENter Clinical Evaluation of Edwards Pericardial Bioprostheses With a New Tissue Treatment Platform (COMMENCE)","Edwards Pericardial Mitral Bioprosthesis, Model 11000M - 31mm",COMMENCE (Inspiris RESILIA),Subject's Amount of Total Valvular Regurgitation Over Time - 11000M,"Mitral valvular regurgitation occurs when the mitral valve in the heart does not close tightly allowing some of the blood that was pumped out of the heart to leak back into it. Mitral valvular regurgitation is evaluated by echocardiography over time. It is assessed on a scale from 0 to 4, where 0 represents no regurgitation and 4 represents severe regurgitation.","3 Months, 1 Year, and 2 Years Post Implant",0,Participants,16,COUNT_OF_PARTICIPANTS,+2 Mild,True,2026-09-16T12:17:58Z
NCT01757665,"ProspeCtive, nOn-randoMized, MulticENter Clinical Evaluation of Edwards Pericardial Bioprostheses With a New Tissue Treatment Platform (COMMENCE)","Edwards Pericardial Mitral Bioprosthesis, Model 11000M - 33mm",COMMENCE (Inspiris RESILIA),Subject's Amount of Total Valvular Regurgitation Over Time - 11000M,"Mitral valvular regurgitation occurs when the mitral valve in the heart does not close tightly allowing some of the blood that was pumped out of the heart to leak back into it. Mitral valvular regurgitation is evaluated by echocardiography over time. It is assessed on a scale from 0 to 4, where 0 represents no regurgitation and 4 represents severe regurgitation.","3 Months, 1 Year, and 2 Years Post Implant",1,Participants,6,COUNT_OF_PARTICIPANTS,+2 Mild,True,2026-09-16T12:17:58Z
NCT01757665,"ProspeCtive, nOn-randoMized, MulticENter Clinical Evaluation of Edwards Pericardial Bioprostheses With a New Tissue Treatment Platform (COMMENCE)","Edwards Pericardial Mitral Bioprosthesis, Model 11000M - Total",COMMENCE (Inspiris RESILIA),Subject's Amount of Total Valvular Regurgitation Over Time - 11000M,"Mitral valvular regurgitation occurs when the mitral valve in the heart does not close tightly allowing some of the blood that was pumped out of the heart to leak back into it. Mitral valvular regurgitation is evaluated by echocardiography over time. It is assessed on a scale from 0 to 4, where 0 represents no regurgitation and 4 represents severe regurgitation.","3 Months, 1 Year, and 2 Years Post Implant",5,Participants,82,COUNT_OF_PARTICIPANTS,+2 Mild,True,2026-09-16T12:17:58Z
NCT01757665,"ProspeCtive, nOn-randoMized, MulticENter Clinical Evaluation of Edwards Pericardial Bioprostheses With a New Tissue Treatment Platform (COMMENCE)","Edwards Pericardial Mitral Bioprosthesis, Model 11000M - 25mm",COMMENCE (Inspiris RESILIA),Subject's Amount of Total Valvular Regurgitation Over Time - 11000M,"Mitral valvular regurgitation occurs when the mitral valve in the heart does not close tightly allowing some of the blood that was pumped out of the heart to leak back into it. Mitral valvular regurgitation is evaluated by echocardiography over time. It is assessed on a scale from 0 to 4, where 0 represents no regurgitation and 4 represents severe regurgitation.","3 Months, 1 Year, and 2 Years Post Implant",0,Participants,6,COUNT_OF_PARTICIPANTS,+3 Moderate,True,2026-09-16T12:17:58Z
NCT01757665,"ProspeCtive, nOn-randoMized, MulticENter Clinical Evaluation of Edwards Pericardial Bioprostheses With a New Tissue Treatment Platform (COMMENCE)","Edwards Pericardial Mitral Bioprosthesis, Model 11000M - 27mm",COMMENCE (Inspiris RESILIA),Subject's Amount of Total Valvular Regurgitation Over Time - 11000M,"Mitral valvular regurgitation occurs when the mitral valve in the heart does not close tightly allowing some of the blood that was pumped out of the heart to leak back into it. Mitral valvular regurgitation is evaluated by echocardiography over time. It is assessed on a scale from 0 to 4, where 0 represents no regurgitation and 4 represents severe regurgitation.","3 Months, 1 Year, and 2 Years Post Implant",1,Participants,29,COUNT_OF_PARTICIPANTS,+3 Moderate,True,2026-09-16T12:17:58Z
NCT01757665,"ProspeCtive, nOn-randoMized, MulticENter Clinical Evaluation of Edwards Pericardial Bioprostheses With a New Tissue Treatment Platform (COMMENCE)","Edwards Pericardial Mitral Bioprosthesis, Model 11000M - 29mm",COMMENCE (Inspiris RESILIA),Subject's Amount of Total Valvular Regurgitation Over Time - 11000M,"Mitral valvular regurgitation occurs when the mitral valve in the heart does not close tightly allowing some of the blood that was pumped out of the heart to leak back into it. Mitral valvular regurgitation is evaluated by echocardiography over time. It is assessed on a scale from 0 to 4, where 0 represents no regurgitation and 4 represents severe regurgitation.","3 Months, 1 Year, and 2 Years Post Implant",1,Participants,25,COUNT_OF_PARTICIPANTS,+3 Moderate,True,2026-09-16T12:17:58Z
NCT01757665,"ProspeCtive, nOn-randoMized, MulticENter Clinical Evaluation of Edwards Pericardial Bioprostheses With a New Tissue Treatment Platform (COMMENCE)","Edwards Pericardial Mitral Bioprosthesis, Model 11000M - 31mm",COMMENCE (Inspiris RESILIA),Subject's Amount of Total Valvular Regurgitation Over Time - 11000M,"Mitral valvular regurgitation occurs when the mitral valve in the heart does not close tightly allowing some of the blood that was pumped out of the heart to leak back into it. Mitral valvular regurgitation is evaluated by echocardiography over time. It is assessed on a scale from 0 to 4, where 0 represents no regurgitation and 4 represents severe regurgitation.","3 Months, 1 Year, and 2 Years Post Implant",0,Participants,16,COUNT_OF_PARTICIPANTS,+3 Moderate,True,2026-09-16T12:17:58Z
NCT01757665,"ProspeCtive, nOn-randoMized, MulticENter Clinical Evaluation of Edwards Pericardial Bioprostheses With a New Tissue Treatment Platform (COMMENCE)","Edwards Pericardial Mitral Bioprosthesis, Model 11000M - 33mm",COMMENCE (Inspiris RESILIA),Subject's Amount of Total Valvular Regurgitation Over Time - 11000M,"Mitral valvular regurgitation occurs when the mitral valve in the heart does not close tightly allowing some of the blood that was pumped out of the heart to leak back into it. Mitral valvular regurgitation is evaluated by echocardiography over time. It is assessed on a scale from 0 to 4, where 0 represents no regurgitation and 4 represents severe regurgitation.","3 Months, 1 Year, and 2 Years Post Implant",0,Participants,6,COUNT_OF_PARTICIPANTS,+3 Moderate,True,2026-09-16T12:17:58Z
NCT01757665,"ProspeCtive, nOn-randoMized, MulticENter Clinical Evaluation of Edwards Pericardial Bioprostheses With a New Tissue Treatment Platform (COMMENCE)","Edwards Pericardial Mitral Bioprosthesis, Model 11000M - Total",COMMENCE (Inspiris RESILIA),Subject's Amount of Total Valvular Regurgitation Over Time - 11000M,"Mitral valvular regurgitation occurs when the mitral valve in the heart does not close tightly allowing some of the blood that was pumped out of the heart to leak back into it. Mitral valvular regurgitation is evaluated by echocardiography over time. It is assessed on a scale from 0 to 4, where 0 represents no regurgitation and 4 represents severe regurgitation.","3 Months, 1 Year, and 2 Years Post Implant",2,Participants,82,COUNT_OF_PARTICIPANTS,+3 Moderate,True,2026-09-16T12:17:58Z
NCT01757665,"ProspeCtive, nOn-randoMized, MulticENter Clinical Evaluation of Edwards Pericardial Bioprostheses With a New Tissue Treatment Platform (COMMENCE)","Edwards Pericardial Mitral Bioprosthesis, Model 11000M - 25mm",COMMENCE (Inspiris RESILIA),Subject's Amount of Total Valvular Regurgitation Over Time - 11000M,"Mitral valvular regurgitation occurs when the mitral valve in the heart does not close tightly allowing some of the blood that was pumped out of the heart to leak back into it. Mitral valvular regurgitation is evaluated by echocardiography over time. It is assessed on a scale from 0 to 4, where 0 represents no regurgitation and 4 represents severe regurgitation.","3 Months, 1 Year, and 2 Years Post Implant",0,Participants,6,COUNT_OF_PARTICIPANTS,+4 Severe,True,2026-09-16T12:17:58Z
NCT01757665,"ProspeCtive, nOn-randoMized, MulticENter Clinical Evaluation of Edwards Pericardial Bioprostheses With a New Tissue Treatment Platform (COMMENCE)","Edwards Pericardial Mitral Bioprosthesis, Model 11000M - 27mm",COMMENCE (Inspiris RESILIA),Subject's Amount of Total Valvular Regurgitation Over Time - 11000M,"Mitral valvular regurgitation occurs when the mitral valve in the heart does not close tightly allowing some of the blood that was pumped out of the heart to leak back into it. Mitral valvular regurgitation is evaluated by echocardiography over time. It is assessed on a scale from 0 to 4, where 0 represents no regurgitation and 4 represents severe regurgitation.","3 Months, 1 Year, and 2 Years Post Implant",0,Participants,29,COUNT_OF_PARTICIPANTS,+4 Severe,True,2026-09-16T12:17:58Z
NCT01757665,"ProspeCtive, nOn-randoMized, MulticENter Clinical Evaluation of Edwards Pericardial Bioprostheses With a New Tissue Treatment Platform (COMMENCE)","Edwards Pericardial Mitral Bioprosthesis, Model 11000M - 29mm",COMMENCE (Inspiris RESILIA),Subject's Amount of Total Valvular Regurgitation Over Time - 11000M,"Mitral valvular regurgitation occurs when the mitral valve in the heart does not close tightly allowing some of the blood that was pumped out of the heart to leak back into it. Mitral valvular regurgitation is evaluated by echocardiography over time. It is assessed on a scale from 0 to 4, where 0 represents no regurgitation and 4 represents severe regurgitation.","3 Months, 1 Year, and 2 Years Post Implant",0,Participants,25,COUNT_OF_PARTICIPANTS,+4 Severe,True,2026-09-16T12:17:58Z
NCT01757665,"ProspeCtive, nOn-randoMized, MulticENter Clinical Evaluation of Edwards Pericardial Bioprostheses With a New Tissue Treatment Platform (COMMENCE)","Edwards Pericardial Mitral Bioprosthesis, Model 11000M - 31mm",COMMENCE (Inspiris RESILIA),Subject's Amount of Total Valvular Regurgitation Over Time - 11000M,"Mitral valvular regurgitation occurs when the mitral valve in the heart does not close tightly allowing some of the blood that was pumped out of the heart to leak back into it. Mitral valvular regurgitation is evaluated by echocardiography over time. It is assessed on a scale from 0 to 4, where 0 represents no regurgitation and 4 represents severe regurgitation.","3 Months, 1 Year, and 2 Years Post Implant",1,Participants,16,COUNT_OF_PARTICIPANTS,+4 Severe,True,2026-09-16T12:17:58Z
NCT01757665,"ProspeCtive, nOn-randoMized, MulticENter Clinical Evaluation of Edwards Pericardial Bioprostheses With a New Tissue Treatment Platform (COMMENCE)","Edwards Pericardial Mitral Bioprosthesis, Model 11000M - 33mm",COMMENCE (Inspiris RESILIA),Subject's Amount of Total Valvular Regurgitation Over Time - 11000M,"Mitral valvular regurgitation occurs when the mitral valve in the heart does not close tightly allowing some of the blood that was pumped out of the heart to leak back into it. Mitral valvular regurgitation is evaluated by echocardiography over time. It is assessed on a scale from 0 to 4, where 0 represents no regurgitation and 4 represents severe regurgitation.","3 Months, 1 Year, and 2 Years Post Implant",0,Participants,6,COUNT_OF_PARTICIPANTS,+4 Severe,True,2026-09-16T12:17:58Z
NCT01757665,"ProspeCtive, nOn-randoMized, MulticENter Clinical Evaluation of Edwards Pericardial Bioprostheses With a New Tissue Treatment Platform (COMMENCE)","Edwards Pericardial Mitral Bioprosthesis, Model 11000M - Total",COMMENCE (Inspiris RESILIA),Subject's Amount of Total Valvular Regurgitation Over Time - 11000M,"Mitral valvular regurgitation occurs when the mitral valve in the heart does not close tightly allowing some of the blood that was pumped out of the heart to leak back into it. Mitral valvular regurgitation is evaluated by echocardiography over time. It is assessed on a scale from 0 to 4, where 0 represents no regurgitation and 4 represents severe regurgitation.","3 Months, 1 Year, and 2 Years Post Implant",1,Participants,82,COUNT_OF_PARTICIPANTS,+4 Severe,True,2026-09-16T12:17:58Z
NCT01757665,"ProspeCtive, nOn-randoMized, MulticENter Clinical Evaluation of Edwards Pericardial Bioprostheses With a New Tissue Treatment Platform (COMMENCE)","Edwards Pericardial Mitral Bioprosthesis, Model 11000M - 27mm",COMMENCE (Inspiris RESILIA),Subject's Amount of Total Valvular Regurgitation Over Time - 11000M,"Mitral valvular regurgitation occurs when the mitral valve in the heart does not close tightly allowing some of the blood that was pumped out of the heart to leak back into it. Mitral valvular regurgitation is evaluated by echocardiography over time. It is assessed on a scale from 0 to 4, where 0 represents no regurgitation and 4 represents severe regurgitation.","3 Months, 1 Year, and 2 Years Post Implant",6,Participants,29,COUNT_OF_PARTICIPANTS,0 None,True,2026-09-16T12:17:58Z
NCT01757665,"ProspeCtive, nOn-randoMized, MulticENter Clinical Evaluation of Edwards Pericardial Bioprostheses With a New Tissue Treatment Platform (COMMENCE)","Edwards Pericardial Mitral Bioprosthesis, Model 11000M - 29mm",COMMENCE (Inspiris RESILIA),Subject's Amount of Total Valvular Regurgitation Over Time - 11000M,"Mitral valvular regurgitation occurs when the mitral valve in the heart does not close tightly allowing some of the blood that was pumped out of the heart to leak back into it. Mitral valvular regurgitation is evaluated by echocardiography over time. It is assessed on a scale from 0 to 4, where 0 represents no regurgitation and 4 represents severe regurgitation.","3 Months, 1 Year, and 2 Years Post Implant",6,Participants,25,COUNT_OF_PARTICIPANTS,0 None,True,2026-09-16T12:17:58Z
NCT01757665,"ProspeCtive, nOn-randoMized, MulticENter Clinical Evaluation of Edwards Pericardial Bioprostheses With a New Tissue Treatment Platform (COMMENCE)","Edwards Pericardial Mitral Bioprosthesis, Model 11000M - 31mm",COMMENCE (Inspiris RESILIA),Subject's Amount of Total Valvular Regurgitation Over Time - 11000M,"Mitral valvular regurgitation occurs when the mitral valve in the heart does not close tightly allowing some of the blood that was pumped out of the heart to leak back into it. Mitral valvular regurgitation is evaluated by echocardiography over time. It is assessed on a scale from 0 to 4, where 0 represents no regurgitation and 4 represents severe regurgitation.","3 Months, 1 Year, and 2 Years Post Implant",1,Participants,16,COUNT_OF_PARTICIPANTS,0 None,True,2026-09-16T12:17:58Z
NCT01757665,"ProspeCtive, nOn-randoMized, MulticENter Clinical Evaluation of Edwards Pericardial Bioprostheses With a New Tissue Treatment Platform (COMMENCE)","Edwards Pericardial Mitral Bioprosthesis, Model 11000M - 33mm",COMMENCE (Inspiris RESILIA),Subject's Amount of Total Valvular Regurgitation Over Time - 11000M,"Mitral valvular regurgitation occurs when the mitral valve in the heart does not close tightly allowing some of the blood that was pumped out of the heart to leak back into it. Mitral valvular regurgitation is evaluated by echocardiography over time. It is assessed on a scale from 0 to 4, where 0 represents no regurgitation and 4 represents severe regurgitation.","3 Months, 1 Year, and 2 Years Post Implant",0,Participants,6,COUNT_OF_PARTICIPANTS,0 None,True,2026-09-16T12:17:58Z
NCT01757665,"ProspeCtive, nOn-randoMized, MulticENter Clinical Evaluation of Edwards Pericardial Bioprostheses With a New Tissue Treatment Platform (COMMENCE)","Edwards Pericardial Mitral Bioprosthesis, Model 11000M - Total",COMMENCE (Inspiris RESILIA),Subject's Amount of Total Valvular Regurgitation Over Time - 11000M,"Mitral valvular regurgitation occurs when the mitral valve in the heart does not close tightly allowing some of the blood that was pumped out of the heart to leak back into it. Mitral valvular regurgitation is evaluated by echocardiography over time. It is assessed on a scale from 0 to 4, where 0 represents no regurgitation and 4 represents severe regurgitation.","3 Months, 1 Year, and 2 Years Post Implant",13,Participants,82,COUNT_OF_PARTICIPANTS,0 None,True,2026-09-16T12:17:58Z
NCT01757665,"ProspeCtive, nOn-randoMized, MulticENter Clinical Evaluation of Edwards Pericardial Bioprostheses With a New Tissue Treatment Platform (COMMENCE)","Edwards Pericardial Mitral Bioprosthesis, Model 11000M - 27mm",COMMENCE (Inspiris RESILIA),Subject's Amount of Total Valvular Regurgitation Over Time - 11000M,"Mitral valvular regurgitation occurs when the mitral valve in the heart does not close tightly allowing some of the blood that was pumped out of the heart to leak back into it. Mitral valvular regurgitation is evaluated by echocardiography over time. It is assessed on a scale from 0 to 4, where 0 represents no regurgitation and 4 represents severe regurgitation.","3 Months, 1 Year, and 2 Years Post Implant",2,Participants,29,COUNT_OF_PARTICIPANTS,+1 Trivial/Trace,True,2026-09-16T12:17:58Z
NCT01757665,"ProspeCtive, nOn-randoMized, MulticENter Clinical Evaluation of Edwards Pericardial Bioprostheses With a New Tissue Treatment Platform (COMMENCE)","Edwards Pericardial Mitral Bioprosthesis, Model 11000M - 29mm",COMMENCE (Inspiris RESILIA),Subject's Amount of Total Valvular Regurgitation Over Time - 11000M,"Mitral valvular regurgitation occurs when the mitral valve in the heart does not close tightly allowing some of the blood that was pumped out of the heart to leak back into it. Mitral valvular regurgitation is evaluated by echocardiography over time. It is assessed on a scale from 0 to 4, where 0 represents no regurgitation and 4 represents severe regurgitation.","3 Months, 1 Year, and 2 Years Post Implant",1,Participants,25,COUNT_OF_PARTICIPANTS,+1 Trivial/Trace,True,2026-09-16T12:17:58Z
NCT01757665,"ProspeCtive, nOn-randoMized, MulticENter Clinical Evaluation of Edwards Pericardial Bioprostheses With a New Tissue Treatment Platform (COMMENCE)","Edwards Pericardial Mitral Bioprosthesis, Model 11000M - 31mm",COMMENCE (Inspiris RESILIA),Subject's Amount of Total Valvular Regurgitation Over Time - 11000M,"Mitral valvular regurgitation occurs when the mitral valve in the heart does not close tightly allowing some of the blood that was pumped out of the heart to leak back into it. Mitral valvular regurgitation is evaluated by echocardiography over time. It is assessed on a scale from 0 to 4, where 0 represents no regurgitation and 4 represents severe regurgitation.","3 Months, 1 Year, and 2 Years Post Implant",1,Participants,16,COUNT_OF_PARTICIPANTS,+1 Trivial/Trace,True,2026-09-16T12:17:58Z
NCT01757665,"ProspeCtive, nOn-randoMized, MulticENter Clinical Evaluation of Edwards Pericardial Bioprostheses With a New Tissue Treatment Platform (COMMENCE)","Edwards Pericardial Mitral Bioprosthesis, Model 11000M - 33mm",COMMENCE (Inspiris RESILIA),Subject's Amount of Total Valvular Regurgitation Over Time - 11000M,"Mitral valvular regurgitation occurs when the mitral valve in the heart does not close tightly allowing some of the blood that was pumped out of the heart to leak back into it. Mitral valvular regurgitation is evaluated by echocardiography over time. It is assessed on a scale from 0 to 4, where 0 represents no regurgitation and 4 represents severe regurgitation.","3 Months, 1 Year, and 2 Years Post Implant",2,Participants,6,COUNT_OF_PARTICIPANTS,+1 Trivial/Trace,True,2026-09-16T12:17:58Z
NCT01757665,"ProspeCtive, nOn-randoMized, MulticENter Clinical Evaluation of Edwards Pericardial Bioprostheses With a New Tissue Treatment Platform (COMMENCE)","Edwards Pericardial Mitral Bioprosthesis, Model 11000M - Total",COMMENCE (Inspiris RESILIA),Subject's Amount of Total Valvular Regurgitation Over Time - 11000M,"Mitral valvular regurgitation occurs when the mitral valve in the heart does not close tightly allowing some of the blood that was pumped out of the heart to leak back into it. Mitral valvular regurgitation is evaluated by echocardiography over time. It is assessed on a scale from 0 to 4, where 0 represents no regurgitation and 4 represents severe regurgitation.","3 Months, 1 Year, and 2 Years Post Implant",6,Participants,82,COUNT_OF_PARTICIPANTS,+1 Trivial/Trace,True,2026-09-16T12:17:58Z
NCT01757665,"ProspeCtive, nOn-randoMized, MulticENter Clinical Evaluation of Edwards Pericardial Bioprostheses With a New Tissue Treatment Platform (COMMENCE)","Edwards Pericardial Mitral Bioprosthesis, Model 11000M - 27mm",COMMENCE (Inspiris RESILIA),Subject's Amount of Total Valvular Regurgitation Over Time - 11000M,"Mitral valvular regurgitation occurs when the mitral valve in the heart does not close tightly allowing some of the blood that was pumped out of the heart to leak back into it. Mitral valvular regurgitation is evaluated by echocardiography over time. It is assessed on a scale from 0 to 4, where 0 represents no regurgitation and 4 represents severe regurgitation.","3 Months, 1 Year, and 2 Years Post Implant",4,Participants,29,COUNT_OF_PARTICIPANTS,+2 Mild,True,2026-09-16T12:17:58Z
NCT01757665,"ProspeCtive, nOn-randoMized, MulticENter Clinical Evaluation of Edwards Pericardial Bioprostheses With a New Tissue Treatment Platform (COMMENCE)","Edwards Pericardial Mitral Bioprosthesis, Model 11000M - 29mm",COMMENCE (Inspiris RESILIA),Subject's Amount of Total Valvular Regurgitation Over Time - 11000M,"Mitral valvular regurgitation occurs when the mitral valve in the heart does not close tightly allowing some of the blood that was pumped out of the heart to leak back into it. Mitral valvular regurgitation is evaluated by echocardiography over time. It is assessed on a scale from 0 to 4, where 0 represents no regurgitation and 4 represents severe regurgitation.","3 Months, 1 Year, and 2 Years Post Implant",0,Participants,25,COUNT_OF_PARTICIPANTS,+2 Mild,True,2026-09-16T12:17:58Z
NCT01757665,"ProspeCtive, nOn-randoMized, MulticENter Clinical Evaluation of Edwards Pericardial Bioprostheses With a New Tissue Treatment Platform (COMMENCE)","Edwards Pericardial Mitral Bioprosthesis, Model 11000M - 31mm",COMMENCE (Inspiris RESILIA),Subject's Amount of Total Valvular Regurgitation Over Time - 11000M,"Mitral valvular regurgitation occurs when the mitral valve in the heart does not close tightly allowing some of the blood that was pumped out of the heart to leak back into it. Mitral valvular regurgitation is evaluated by echocardiography over time. It is assessed on a scale from 0 to 4, where 0 represents no regurgitation and 4 represents severe regurgitation.","3 Months, 1 Year, and 2 Years Post Implant",0,Participants,16,COUNT_OF_PARTICIPANTS,+2 Mild,True,2026-09-16T12:17:58Z
NCT01757665,"ProspeCtive, nOn-randoMized, MulticENter Clinical Evaluation of Edwards Pericardial Bioprostheses With a New Tissue Treatment Platform (COMMENCE)","Edwards Pericardial Mitral Bioprosthesis, Model 11000M - 33mm",COMMENCE (Inspiris RESILIA),Subject's Amount of Total Valvular Regurgitation Over Time - 11000M,"Mitral valvular regurgitation occurs when the mitral valve in the heart does not close tightly allowing some of the blood that was pumped out of the heart to leak back into it. Mitral valvular regurgitation is evaluated by echocardiography over time. It is assessed on a scale from 0 to 4, where 0 represents no regurgitation and 4 represents severe regurgitation.","3 Months, 1 Year, and 2 Years Post Implant",0,Participants,6,COUNT_OF_PARTICIPANTS,+2 Mild,True,2026-09-16T12:17:58Z
NCT01757665,"ProspeCtive, nOn-randoMized, MulticENter Clinical Evaluation of Edwards Pericardial Bioprostheses With a New Tissue Treatment Platform (COMMENCE)","Edwards Pericardial Mitral Bioprosthesis, Model 11000M - Total",COMMENCE (Inspiris RESILIA),Subject's Amount of Total Valvular Regurgitation Over Time - 11000M,"Mitral valvular regurgitation occurs when the mitral valve in the heart does not close tightly allowing some of the blood that was pumped out of the heart to leak back into it. Mitral valvular regurgitation is evaluated by echocardiography over time. It is assessed on a scale from 0 to 4, where 0 represents no regurgitation and 4 represents severe regurgitation.","3 Months, 1 Year, and 2 Years Post Implant",4,Participants,82,COUNT_OF_PARTICIPANTS,+2 Mild,True,2026-09-16T12:17:58Z
NCT01757665,"ProspeCtive, nOn-randoMized, MulticENter Clinical Evaluation of Edwards Pericardial Bioprostheses With a New Tissue Treatment Platform (COMMENCE)","Edwards Pericardial Mitral Bioprosthesis, Model 11000M - 27mm",COMMENCE (Inspiris RESILIA),Subject's Amount of Total Valvular Regurgitation Over Time - 11000M,"Mitral valvular regurgitation occurs when the mitral valve in the heart does not close tightly allowing some of the blood that was pumped out of the heart to leak back into it. Mitral valvular regurgitation is evaluated by echocardiography over time. It is assessed on a scale from 0 to 4, where 0 represents no regurgitation and 4 represents severe regurgitation.","3 Months, 1 Year, and 2 Years Post Implant",1,Participants,29,COUNT_OF_PARTICIPANTS,+3 Moderate,True,2026-09-16T12:17:58Z
NCT01757665,"ProspeCtive, nOn-randoMized, MulticENter Clinical Evaluation of Edwards Pericardial Bioprostheses With a New Tissue Treatment Platform (COMMENCE)","Edwards Pericardial Mitral Bioprosthesis, Model 11000M - 29mm",COMMENCE (Inspiris RESILIA),Subject's Amount of Total Valvular Regurgitation Over Time - 11000M,"Mitral valvular regurgitation occurs when the mitral valve in the heart does not close tightly allowing some of the blood that was pumped out of the heart to leak back into it. Mitral valvular regurgitation is evaluated by echocardiography over time. It is assessed on a scale from 0 to 4, where 0 represents no regurgitation and 4 represents severe regurgitation.","3 Months, 1 Year, and 2 Years Post Implant",0,Participants,25,COUNT_OF_PARTICIPANTS,+3 Moderate,True,2026-09-16T12:17:58Z
NCT01757665,"ProspeCtive, nOn-randoMized, MulticENter Clinical Evaluation of Edwards Pericardial Bioprostheses With a New Tissue Treatment Platform (COMMENCE)","Edwards Pericardial Mitral Bioprosthesis, Model 11000M - 31mm",COMMENCE (Inspiris RESILIA),Subject's Amount of Total Valvular Regurgitation Over Time - 11000M,"Mitral valvular regurgitation occurs when the mitral valve in the heart does not close tightly allowing some of the blood that was pumped out of the heart to leak back into it. Mitral valvular regurgitation is evaluated by echocardiography over time. It is assessed on a scale from 0 to 4, where 0 represents no regurgitation and 4 represents severe regurgitation.","3 Months, 1 Year, and 2 Years Post Implant",0,Participants,16,COUNT_OF_PARTICIPANTS,+3 Moderate,True,2026-09-16T12:17:58Z
NCT01757665,"ProspeCtive, nOn-randoMized, MulticENter Clinical Evaluation of Edwards Pericardial Bioprostheses With a New Tissue Treatment Platform (COMMENCE)","Edwards Pericardial Mitral Bioprosthesis, Model 11000M - 33mm",COMMENCE (Inspiris RESILIA),Subject's Amount of Total Valvular Regurgitation Over Time - 11000M,"Mitral valvular regurgitation occurs when the mitral valve in the heart does not close tightly allowing some of the blood that was pumped out of the heart to leak back into it. Mitral valvular regurgitation is evaluated by echocardiography over time. It is assessed on a scale from 0 to 4, where 0 represents no regurgitation and 4 represents severe regurgitation.","3 Months, 1 Year, and 2 Years Post Implant",0,Participants,6,COUNT_OF_PARTICIPANTS,+3 Moderate,True,2026-09-16T12:17:58Z
NCT01757665,"ProspeCtive, nOn-randoMized, MulticENter Clinical Evaluation of Edwards Pericardial Bioprostheses With a New Tissue Treatment Platform (COMMENCE)","Edwards Pericardial Mitral Bioprosthesis, Model 11000M - Total",COMMENCE (Inspiris RESILIA),Subject's Amount of Total Valvular Regurgitation Over Time - 11000M,"Mitral valvular regurgitation occurs when the mitral valve in the heart does not close tightly allowing some of the blood that was pumped out of the heart to leak back into it. Mitral valvular regurgitation is evaluated by echocardiography over time. It is assessed on a scale from 0 to 4, where 0 represents no regurgitation and 4 represents severe regurgitation.","3 Months, 1 Year, and 2 Years Post Implant",1,Participants,82,COUNT_OF_PARTICIPANTS,+3 Moderate,True,2026-09-16T12:17:58Z
NCT01757665,"ProspeCtive, nOn-randoMized, MulticENter Clinical Evaluation of Edwards Pericardial Bioprostheses With a New Tissue Treatment Platform (COMMENCE)","Edwards Pericardial Mitral Bioprosthesis, Model 11000M - 27mm",COMMENCE (Inspiris RESILIA),Subject's Amount of Total Valvular Regurgitation Over Time - 11000M,"Mitral valvular regurgitation occurs when the mitral valve in the heart does not close tightly allowing some of the blood that was pumped out of the heart to leak back into it. Mitral valvular regurgitation is evaluated by echocardiography over time. It is assessed on a scale from 0 to 4, where 0 represents no regurgitation and 4 represents severe regurgitation.","3 Months, 1 Year, and 2 Years Post Implant",0,Participants,29,COUNT_OF_PARTICIPANTS,+4 Severe,True,2026-09-16T12:17:58Z
NCT01757665,"ProspeCtive, nOn-randoMized, MulticENter Clinical Evaluation of Edwards Pericardial Bioprostheses With a New Tissue Treatment Platform (COMMENCE)","Edwards Pericardial Mitral Bioprosthesis, Model 11000M - 29mm",COMMENCE (Inspiris RESILIA),Subject's Amount of Total Valvular Regurgitation Over Time - 11000M,"Mitral valvular regurgitation occurs when the mitral valve in the heart does not close tightly allowing some of the blood that was pumped out of the heart to leak back into it. Mitral valvular regurgitation is evaluated by echocardiography over time. It is assessed on a scale from 0 to 4, where 0 represents no regurgitation and 4 represents severe regurgitation.","3 Months, 1 Year, and 2 Years Post Implant",0,Participants,25,COUNT_OF_PARTICIPANTS,+4 Severe,True,2026-09-16T12:17:58Z
NCT01757665,"ProspeCtive, nOn-randoMized, MulticENter Clinical Evaluation of Edwards Pericardial Bioprostheses With a New Tissue Treatment Platform (COMMENCE)","Edwards Pericardial Mitral Bioprosthesis, Model 11000M - 31mm",COMMENCE (Inspiris RESILIA),Subject's Amount of Total Valvular Regurgitation Over Time - 11000M,"Mitral valvular regurgitation occurs when the mitral valve in the heart does not close tightly allowing some of the blood that was pumped out of the heart to leak back into it. Mitral valvular regurgitation is evaluated by echocardiography over time. It is assessed on a scale from 0 to 4, where 0 represents no regurgitation and 4 represents severe regurgitation.","3 Months, 1 Year, and 2 Years Post Implant",0,Participants,16,COUNT_OF_PARTICIPANTS,+4 Severe,True,2026-09-16T12:17:58Z
NCT01757665,"ProspeCtive, nOn-randoMized, MulticENter Clinical Evaluation of Edwards Pericardial Bioprostheses With a New Tissue Treatment Platform (COMMENCE)","Edwards Pericardial Mitral Bioprosthesis, Model 11000M - 33mm",COMMENCE (Inspiris RESILIA),Subject's Amount of Total Valvular Regurgitation Over Time - 11000M,"Mitral valvular regurgitation occurs when the mitral valve in the heart does not close tightly allowing some of the blood that was pumped out of the heart to leak back into it. Mitral valvular regurgitation is evaluated by echocardiography over time. It is assessed on a scale from 0 to 4, where 0 represents no regurgitation and 4 represents severe regurgitation.","3 Months, 1 Year, and 2 Years Post Implant",0,Participants,6,COUNT_OF_PARTICIPANTS,+4 Severe,True,2026-09-16T12:17:58Z
NCT01757665,"ProspeCtive, nOn-randoMized, MulticENter Clinical Evaluation of Edwards Pericardial Bioprostheses With a New Tissue Treatment Platform (COMMENCE)","Edwards Pericardial Mitral Bioprosthesis, Model 11000M - Total",COMMENCE (Inspiris RESILIA),Subject's Amount of Total Valvular Regurgitation Over Time - 11000M,"Mitral valvular regurgitation occurs when the mitral valve in the heart does not close tightly allowing some of the blood that was pumped out of the heart to leak back into it. Mitral valvular regurgitation is evaluated by echocardiography over time. It is assessed on a scale from 0 to 4, where 0 represents no regurgitation and 4 represents severe regurgitation.","3 Months, 1 Year, and 2 Years Post Implant",0,Participants,82,COUNT_OF_PARTICIPANTS,+4 Severe,True,2026-09-16T12:17:58Z
NCT01256710,Trifecta™ Durability Study,Trifecta Valve™ Group,Trifecta Durability Study,Actuarial Freedom From Reintervention Due to Structural Valve Deterioration,"Percentage of participants free from surgical explant or valve-in-valve transcatheter aortic valve intervention for treatment of structural deterioration of the Trifecta™ valve through 10 years post-implant. This percentage is estimated from time-to-event data using the Kaplan-Meier estimator. Structural valve deterioration is deterioration intrinsic to the bioprosthetic valve, due to leaflet calcification, leaflet tears, or other causes, that results in prosthetic valve stenosis or regurgitatio",10 years,85.0,percentage of participants,1151,NUMBER,,True,2026-09-16T12:17:58Z
NCT01256710,Trifecta™ Durability Study,Trifecta™ Valve Group,Trifecta Durability Study,Freedom From Valve Related Mortality,"Percentage of participants free from death related to the Trifecta™ valve through 10 years after implant, estimated from time-to-event data using the Kaplan-Meier estimator. Valve-related mortality includes deaths due to any of the following events involving the study valve: structural valvular deterioration, nonstructural valve dysfunction, valve thrombosis, embolism, bleeding events, endocarditis, or reoperation. Sudden, unexplained deaths of participants implanted with the Trifecta™ valve are",10 years,81.6,percentage of participants,1151,NUMBER,,True,2026-09-16T12:17:58Z
NCT01256710,Trifecta™ Durability Study,Trifecta™ Valve Group,Trifecta Durability Study,Freedom From Structural Valve Deterioration,"Percentage of participants free of structural deterioration of the Trifecta valve through 10 years after implant, estimated from time-to-event data using the Kaplan-Meier estimator. Structural valve deterioration is deterioration intrinsic to the bioprosthetic valve, due to leaflet calcification, leaflet tears, or other causes, that results in prosthetic valve stenosis or regurgitation. The presence of structural valve deterioration is determined by direct visualization of the valve at explant o",10 years,76.0,percentage of participants,1151,NUMBER,,True,2026-09-16T12:17:58Z
NCT03016169,Trifecta™ GT Post Market Clinical Follow-up,Treatment,Trifecta GT Post Market Clinical Follow-up,Freedom From Surgical Valve Replacement or Transcatheter Valve-in-Valve Implantation,"Estimated percentage of participants free from undergoing an additional aortic valve replacement within 5 years, using a Kaplan-Meier estimate.",5 years post implant,95.8,percentage of participants,358,NUMBER,,False,2026-09-16T12:17:58Z
NCT03016169,Trifecta™ GT Post Market Clinical Follow-up,Treatment,Trifecta GT Post Market Clinical Follow-up,Freedom From Structural Valve Deterioration,"Estimated percentage of participants free from structural valve deterioration at 5 years, as using a Kaplan-Meier estimate. Structural valve deterioration is any change in function of the valve resulting in an intrinsic abnormality of the valve that causes stenosis or regurgitation.",5 years post implant,96.2,percentage of participants,358,NUMBER,,True,2026-09-16T12:17:58Z
NCT03016169,Trifecta™ GT Post Market Clinical Follow-up,Treatment,Trifecta GT Post Market Clinical Follow-up,Freedom From Surgical Valve Replacement or Transcatheter Valve Implantation Due to Structural Valve Deterioration,"Estimated percentage of participants who do not require surgery due to structural valve deterioration, using a Kaplan-Meier estimate.",5 years post implant,98.2,percentage of participants,358,NUMBER,,True,2026-09-16T12:17:58Z
NCT03016169,Trifecta™ GT Post Market Clinical Follow-up,Treatment,Trifecta GT Post Market Clinical Follow-up,Valve Hemodynamic Performance for Left Ventricular Ejection Fraction (LVEF) at Six Months,LVEF is a measurement of the percentage of blood leaving the heart each time it contracts.,6 Months,60.4,percentage,234,MEAN,,False,2026-09-16T12:17:58Z
NCT03016169,Trifecta™ GT Post Market Clinical Follow-up,Treatment,Trifecta GT Post Market Clinical Follow-up,Valve Hemodynamic Performance for Effective Orifice Area (EOA) at Six Months,EOA measures the functional valve opening for blood flow through the valve.,6 Months,2.0,cm^2,285,MEAN,,True,2026-09-16T12:17:58Z
NCT03016169,Trifecta™ GT Post Market Clinical Follow-up,Treatment,Trifecta GT Post Market Clinical Follow-up,Valve Hemodynamic Performance for Indexed Effective Orifice Area (iEOA) at Six Months,iEOA adjusts the EOA measurement to the patient's body size.,6 Months,1.0,cm^2/m^2,265,MEAN,,True,2026-09-16T12:17:58Z
NCT03016169,Trifecta™ GT Post Market Clinical Follow-up,Treatment,Trifecta GT Post Market Clinical Follow-up,Valve Hemodynamic Performance for Mean Gradient at Six Months,Mean Gradient measures the average pressure difference across the valve during blood flow.,6 Months,8.7,mmHg,303,MEAN,,True,2026-09-16T12:17:58Z
NCT03016169,Trifecta™ GT Post Market Clinical Follow-up,Treatment,Trifecta GT Post Market Clinical Follow-up,Valve Hemodynamic Performance for Peak Gradient at Six Months,Peak Gradient measures the maximum pressure difference across the valve during blood flow.,6 Months,16.6,mmHg,302,MEAN,,False,2026-09-16T12:17:58Z
NCT01240902,Safety and Efficacy Study of the Medtronic CoreValve® System in the Treatment of Symptomatic Severe Aortic Stenosis in High Risk and Very High Risk Subjects Who Need Aortic Valve Replacement,Extreme Risk: TAVI Iliofemoral,CoreValve US Pivotal (High/Very High Risk),Major Adverse Cardiovascular and Cerebrovascular Event (MACCE),"MACCE is defined as a composite of:

* All Cause Mortality
* Myocardial infarction (MI)
* All Stroke
* Reintervention (defined as any cardiac surgery or percutaneous reintervention catheter procedure that repairs, otherwise alters or adjusts, or replaces a previously implanted valve)","30 day, 6 month, 1 year, 2 year",12.3,"percentage of participants, Kaplan-Meier",489,NUMBER,,True,2026-09-16T12:17:58Z
NCT01240902,Safety and Efficacy Study of the Medtronic CoreValve® System in the Treatment of Symptomatic Severe Aortic Stenosis in High Risk and Very High Risk Subjects Who Need Aortic Valve Replacement,Extreme Risk: TAVI Non-Iliofemoral,CoreValve US Pivotal (High/Very High Risk),Major Adverse Cardiovascular and Cerebrovascular Event (MACCE),"MACCE is defined as a composite of:

* All Cause Mortality
* Myocardial infarction (MI)
* All Stroke
* Reintervention (defined as any cardiac surgery or percutaneous reintervention catheter procedure that repairs, otherwise alters or adjusts, or replaces a previously implanted valve)","30 day, 6 month, 1 year, 2 year",17.3,"percentage of participants, Kaplan-Meier",150,NUMBER,,True,2026-09-16T12:17:58Z
NCT01240902,Safety and Efficacy Study of the Medtronic CoreValve® System in the Treatment of Symptomatic Severe Aortic Stenosis in High Risk and Very High Risk Subjects Who Need Aortic Valve Replacement,High Risk: TAVI,CoreValve US Pivotal (High/Very High Risk),Major Adverse Cardiovascular and Cerebrovascular Event (MACCE),"MACCE is defined as a composite of:

* All Cause Mortality
* Myocardial infarction (MI)
* All Stroke
* Reintervention (defined as any cardiac surgery or percutaneous reintervention catheter procedure that repairs, otherwise alters or adjusts, or replaces a previously implanted valve)","30 day, 6 month, 1 year, 2 year",7.7,"percentage of participants, Kaplan-Meier",391,NUMBER,,True,2026-09-16T12:17:58Z
NCT01240902,Safety and Efficacy Study of the Medtronic CoreValve® System in the Treatment of Symptomatic Severe Aortic Stenosis in High Risk and Very High Risk Subjects Who Need Aortic Valve Replacement,High Risk: SAVR,CoreValve US Pivotal (High/Very High Risk),Major Adverse Cardiovascular and Cerebrovascular Event (MACCE),"MACCE is defined as a composite of:

* All Cause Mortality
* Myocardial infarction (MI)
* All Stroke
* Reintervention (defined as any cardiac surgery or percutaneous reintervention catheter procedure that repairs, otherwise alters or adjusts, or replaces a previously implanted valve)","30 day, 6 month, 1 year, 2 year",10.3,"percentage of participants, Kaplan-Meier",359,NUMBER,,True,2026-09-16T12:17:58Z
NCT01240902,Safety and Efficacy Study of the Medtronic CoreValve® System in the Treatment of Symptomatic Severe Aortic Stenosis in High Risk and Very High Risk Subjects Who Need Aortic Valve Replacement,Extreme Risk: TAVI Iliofemoral,CoreValve US Pivotal (High/Very High Risk),Major Adverse Cardiovascular and Cerebrovascular Event (MACCE),"MACCE is defined as a composite of:

* All Cause Mortality
* Myocardial infarction (MI)
* All Stroke
* Reintervention (defined as any cardiac surgery or percutaneous reintervention catheter procedure that repairs, otherwise alters or adjusts, or replaces a previously implanted valve)","30 day, 6 month, 1 year, 2 year",22.5,"percentage of participants, Kaplan-Meier",489,NUMBER,,True,2026-09-16T12:17:58Z
NCT01240902,Safety and Efficacy Study of the Medtronic CoreValve® System in the Treatment of Symptomatic Severe Aortic Stenosis in High Risk and Very High Risk Subjects Who Need Aortic Valve Replacement,Extreme Risk: TAVI Non-Iliofemoral,CoreValve US Pivotal (High/Very High Risk),Major Adverse Cardiovascular and Cerebrovascular Event (MACCE),"MACCE is defined as a composite of:

* All Cause Mortality
* Myocardial infarction (MI)
* All Stroke
* Reintervention (defined as any cardiac surgery or percutaneous reintervention catheter procedure that repairs, otherwise alters or adjusts, or replaces a previously implanted valve)","30 day, 6 month, 1 year, 2 year",34.7,"percentage of participants, Kaplan-Meier",150,NUMBER,,True,2026-09-16T12:17:58Z
NCT01240902,Safety and Efficacy Study of the Medtronic CoreValve® System in the Treatment of Symptomatic Severe Aortic Stenosis in High Risk and Very High Risk Subjects Who Need Aortic Valve Replacement,High Risk: TAVI,CoreValve US Pivotal (High/Very High Risk),Major Adverse Cardiovascular and Cerebrovascular Event (MACCE),"MACCE is defined as a composite of:

* All Cause Mortality
* Myocardial infarction (MI)
* All Stroke
* Reintervention (defined as any cardiac surgery or percutaneous reintervention catheter procedure that repairs, otherwise alters or adjusts, or replaces a previously implanted valve)","30 day, 6 month, 1 year, 2 year",15.4,"percentage of participants, Kaplan-Meier",391,NUMBER,,True,2026-09-16T12:17:58Z
NCT01240902,Safety and Efficacy Study of the Medtronic CoreValve® System in the Treatment of Symptomatic Severe Aortic Stenosis in High Risk and Very High Risk Subjects Who Need Aortic Valve Replacement,High Risk: SAVR,CoreValve US Pivotal (High/Very High Risk),Major Adverse Cardiovascular and Cerebrovascular Event (MACCE),"MACCE is defined as a composite of:

* All Cause Mortality
* Myocardial infarction (MI)
* All Stroke
* Reintervention (defined as any cardiac surgery or percutaneous reintervention catheter procedure that repairs, otherwise alters or adjusts, or replaces a previously implanted valve)","30 day, 6 month, 1 year, 2 year",21.0,"percentage of participants, Kaplan-Meier",359,NUMBER,,True,2026-09-16T12:17:58Z
NCT01240902,Safety and Efficacy Study of the Medtronic CoreValve® System in the Treatment of Symptomatic Severe Aortic Stenosis in High Risk and Very High Risk Subjects Who Need Aortic Valve Replacement,Extreme Risk: TAVI Iliofemoral,CoreValve US Pivotal (High/Very High Risk),Major Adverse Cardiovascular and Cerebrovascular Event (MACCE),"MACCE is defined as a composite of:

* All Cause Mortality
* Myocardial infarction (MI)
* All Stroke
* Reintervention (defined as any cardiac surgery or percutaneous reintervention catheter procedure that repairs, otherwise alters or adjusts, or replaces a previously implanted valve)","30 day, 6 month, 1 year, 2 year",29.2,"percentage of participants, Kaplan-Meier",489,NUMBER,,True,2026-09-16T12:17:58Z
NCT01240902,Safety and Efficacy Study of the Medtronic CoreValve® System in the Treatment of Symptomatic Severe Aortic Stenosis in High Risk and Very High Risk Subjects Who Need Aortic Valve Replacement,Extreme Risk: TAVI Non-Iliofemoral,CoreValve US Pivotal (High/Very High Risk),Major Adverse Cardiovascular and Cerebrovascular Event (MACCE),"MACCE is defined as a composite of:

* All Cause Mortality
* Myocardial infarction (MI)
* All Stroke
* Reintervention (defined as any cardiac surgery or percutaneous reintervention catheter procedure that repairs, otherwise alters or adjusts, or replaces a previously implanted valve)","30 day, 6 month, 1 year, 2 year",41.4,"percentage of participants, Kaplan-Meier",150,NUMBER,,True,2026-09-16T12:17:58Z
NCT01240902,Safety and Efficacy Study of the Medtronic CoreValve® System in the Treatment of Symptomatic Severe Aortic Stenosis in High Risk and Very High Risk Subjects Who Need Aortic Valve Replacement,High Risk: TAVI,CoreValve US Pivotal (High/Very High Risk),Major Adverse Cardiovascular and Cerebrovascular Event (MACCE),"MACCE is defined as a composite of:

* All Cause Mortality
* Myocardial infarction (MI)
* All Stroke
* Reintervention (defined as any cardiac surgery or percutaneous reintervention catheter procedure that repairs, otherwise alters or adjusts, or replaces a previously implanted valve)","30 day, 6 month, 1 year, 2 year",20.5,"percentage of participants, Kaplan-Meier",391,NUMBER,,True,2026-09-16T12:17:58Z
NCT01240902,Safety and Efficacy Study of the Medtronic CoreValve® System in the Treatment of Symptomatic Severe Aortic Stenosis in High Risk and Very High Risk Subjects Who Need Aortic Valve Replacement,High Risk: SAVR,CoreValve US Pivotal (High/Very High Risk),Major Adverse Cardiovascular and Cerebrovascular Event (MACCE),"MACCE is defined as a composite of:

* All Cause Mortality
* Myocardial infarction (MI)
* All Stroke
* Reintervention (defined as any cardiac surgery or percutaneous reintervention catheter procedure that repairs, otherwise alters or adjusts, or replaces a previously implanted valve)","30 day, 6 month, 1 year, 2 year",27.0,"percentage of participants, Kaplan-Meier",359,NUMBER,,True,2026-09-16T12:17:58Z
NCT01240902,Safety and Efficacy Study of the Medtronic CoreValve® System in the Treatment of Symptomatic Severe Aortic Stenosis in High Risk and Very High Risk Subjects Who Need Aortic Valve Replacement,Extreme Risk: TAVI Iliofemoral,CoreValve US Pivotal (High/Very High Risk),Major Adverse Cardiovascular and Cerebrovascular Event (MACCE),"MACCE is defined as a composite of:

* All Cause Mortality
* Myocardial infarction (MI)
* All Stroke
* Reintervention (defined as any cardiac surgery or percutaneous reintervention catheter procedure that repairs, otherwise alters or adjusts, or replaces a previously implanted valve)","30 day, 6 month, 1 year, 2 year",42.3,"percentage of participants, Kaplan-Meier",489,NUMBER,,True,2026-09-16T12:17:58Z
NCT01240902,Safety and Efficacy Study of the Medtronic CoreValve® System in the Treatment of Symptomatic Severe Aortic Stenosis in High Risk and Very High Risk Subjects Who Need Aortic Valve Replacement,Extreme Risk: TAVI Non-Iliofemoral,CoreValve US Pivotal (High/Very High Risk),Major Adverse Cardiovascular and Cerebrovascular Event (MACCE),"MACCE is defined as a composite of:

* All Cause Mortality
* Myocardial infarction (MI)
* All Stroke
* Reintervention (defined as any cardiac surgery or percutaneous reintervention catheter procedure that repairs, otherwise alters or adjusts, or replaces a previously implanted valve)","30 day, 6 month, 1 year, 2 year",51.0,"percentage of participants, Kaplan-Meier",150,NUMBER,,True,2026-09-16T12:17:58Z
NCT01240902,Safety and Efficacy Study of the Medtronic CoreValve® System in the Treatment of Symptomatic Severe Aortic Stenosis in High Risk and Very High Risk Subjects Who Need Aortic Valve Replacement,High Risk: TAVI,CoreValve US Pivotal (High/Very High Risk),Major Adverse Cardiovascular and Cerebrovascular Event (MACCE),"MACCE is defined as a composite of:

* All Cause Mortality
* Myocardial infarction (MI)
* All Stroke
* Reintervention (defined as any cardiac surgery or percutaneous reintervention catheter procedure that repairs, otherwise alters or adjusts, or replaces a previously implanted valve)","30 day, 6 month, 1 year, 2 year",29.7,"percentage of participants, Kaplan-Meier",391,NUMBER,,True,2026-09-16T12:17:58Z
NCT01240902,Safety and Efficacy Study of the Medtronic CoreValve® System in the Treatment of Symptomatic Severe Aortic Stenosis in High Risk and Very High Risk Subjects Who Need Aortic Valve Replacement,High Risk: SAVR,CoreValve US Pivotal (High/Very High Risk),Major Adverse Cardiovascular and Cerebrovascular Event (MACCE),"MACCE is defined as a composite of:

* All Cause Mortality
* Myocardial infarction (MI)
* All Stroke
* Reintervention (defined as any cardiac surgery or percutaneous reintervention catheter procedure that repairs, otherwise alters or adjusts, or replaces a previously implanted valve)","30 day, 6 month, 1 year, 2 year",38.6,"percentage of participants, Kaplan-Meier",359,NUMBER,,True,2026-09-16T12:17:58Z
NCT01240902,Safety and Efficacy Study of the Medtronic CoreValve® System in the Treatment of Symptomatic Severe Aortic Stenosis in High Risk and Very High Risk Subjects Who Need Aortic Valve Replacement,Extreme Risk: TAVI Iliofemoral,CoreValve US Pivotal (High/Very High Risk),The Occurrence of Individual MACCE Components,"Individual MACCE Components Include:

* All Cause Mortality
* MI
* All stroke
* Reintervention (defined as any cardiac surgery or percutaneous reintervention catheter procedure that repairs, otherwise alters or adjusts, or replaces a previously implanted valve)","30 day, 6 month, 1 year, 2 year",8.4,"percentage of participants, Kaplan-Meier",489,NUMBER,,True,2026-09-16T12:17:58Z
NCT01240902,Safety and Efficacy Study of the Medtronic CoreValve® System in the Treatment of Symptomatic Severe Aortic Stenosis in High Risk and Very High Risk Subjects Who Need Aortic Valve Replacement,Extreme Risk: TAVI Non-Iliofemoral,CoreValve US Pivotal (High/Very High Risk),The Occurrence of Individual MACCE Components,"Individual MACCE Components Include:

* All Cause Mortality
* MI
* All stroke
* Reintervention (defined as any cardiac surgery or percutaneous reintervention catheter procedure that repairs, otherwise alters or adjusts, or replaces a previously implanted valve)","30 day, 6 month, 1 year, 2 year",11.3,"percentage of participants, Kaplan-Meier",150,NUMBER,,True,2026-09-16T12:17:58Z
NCT01240902,Safety and Efficacy Study of the Medtronic CoreValve® System in the Treatment of Symptomatic Severe Aortic Stenosis in High Risk and Very High Risk Subjects Who Need Aortic Valve Replacement,High Risk: TAVI,CoreValve US Pivotal (High/Very High Risk),The Occurrence of Individual MACCE Components,"Individual MACCE Components Include:

* All Cause Mortality
* MI
* All stroke
* Reintervention (defined as any cardiac surgery or percutaneous reintervention catheter procedure that repairs, otherwise alters or adjusts, or replaces a previously implanted valve)","30 day, 6 month, 1 year, 2 year",3.3,"percentage of participants, Kaplan-Meier",391,NUMBER,,True,2026-09-16T12:17:58Z
NCT01240902,Safety and Efficacy Study of the Medtronic CoreValve® System in the Treatment of Symptomatic Severe Aortic Stenosis in High Risk and Very High Risk Subjects Who Need Aortic Valve Replacement,High Risk: SAVR,CoreValve US Pivotal (High/Very High Risk),The Occurrence of Individual MACCE Components,"Individual MACCE Components Include:

* All Cause Mortality
* MI
* All stroke
* Reintervention (defined as any cardiac surgery or percutaneous reintervention catheter procedure that repairs, otherwise alters or adjusts, or replaces a previously implanted valve)","30 day, 6 month, 1 year, 2 year",4.5,"percentage of participants, Kaplan-Meier",359,NUMBER,,True,2026-09-16T12:17:58Z
NCT01240902,Safety and Efficacy Study of the Medtronic CoreValve® System in the Treatment of Symptomatic Severe Aortic Stenosis in High Risk and Very High Risk Subjects Who Need Aortic Valve Replacement,Extreme Risk: TAVI Iliofemoral,CoreValve US Pivotal (High/Very High Risk),The Occurrence of Individual MACCE Components,"Individual MACCE Components Include:

* All Cause Mortality
* MI
* All stroke
* Reintervention (defined as any cardiac surgery or percutaneous reintervention catheter procedure that repairs, otherwise alters or adjusts, or replaces a previously implanted valve)","30 day, 6 month, 1 year, 2 year",1.2,"percentage of participants, Kaplan-Meier",489,NUMBER,,True,2026-09-16T12:17:58Z
NCT01240902,Safety and Efficacy Study of the Medtronic CoreValve® System in the Treatment of Symptomatic Severe Aortic Stenosis in High Risk and Very High Risk Subjects Who Need Aortic Valve Replacement,Extreme Risk: TAVI Non-Iliofemoral,CoreValve US Pivotal (High/Very High Risk),The Occurrence of Individual MACCE Components,"Individual MACCE Components Include:

* All Cause Mortality
* MI
* All stroke
* Reintervention (defined as any cardiac surgery or percutaneous reintervention catheter procedure that repairs, otherwise alters or adjusts, or replaces a previously implanted valve)","30 day, 6 month, 1 year, 2 year",2.1,"percentage of participants, Kaplan-Meier",150,NUMBER,,True,2026-09-16T12:17:58Z
NCT01240902,Safety and Efficacy Study of the Medtronic CoreValve® System in the Treatment of Symptomatic Severe Aortic Stenosis in High Risk and Very High Risk Subjects Who Need Aortic Valve Replacement,High Risk: TAVI,CoreValve US Pivotal (High/Very High Risk),The Occurrence of Individual MACCE Components,"Individual MACCE Components Include:

* All Cause Mortality
* MI
* All stroke
* Reintervention (defined as any cardiac surgery or percutaneous reintervention catheter procedure that repairs, otherwise alters or adjusts, or replaces a previously implanted valve)","30 day, 6 month, 1 year, 2 year",0.8,"percentage of participants, Kaplan-Meier",391,NUMBER,,True,2026-09-16T12:17:58Z
NCT01240902,Safety and Efficacy Study of the Medtronic CoreValve® System in the Treatment of Symptomatic Severe Aortic Stenosis in High Risk and Very High Risk Subjects Who Need Aortic Valve Replacement,High Risk: SAVR,CoreValve US Pivotal (High/Very High Risk),The Occurrence of Individual MACCE Components,"Individual MACCE Components Include:

* All Cause Mortality
* MI
* All stroke
* Reintervention (defined as any cardiac surgery or percutaneous reintervention catheter procedure that repairs, otherwise alters or adjusts, or replaces a previously implanted valve)","30 day, 6 month, 1 year, 2 year",0.8,"percentage of participants, Kaplan-Meier",359,NUMBER,,True,2026-09-16T12:17:58Z
NCT01240902,Safety and Efficacy Study of the Medtronic CoreValve® System in the Treatment of Symptomatic Severe Aortic Stenosis in High Risk and Very High Risk Subjects Who Need Aortic Valve Replacement,Extreme Risk: TAVI Iliofemoral,CoreValve US Pivotal (High/Very High Risk),The Occurrence of Individual MACCE Components,"Individual MACCE Components Include:

* All Cause Mortality
* MI
* All stroke
* Reintervention (defined as any cardiac surgery or percutaneous reintervention catheter procedure that repairs, otherwise alters or adjusts, or replaces a previously implanted valve)","30 day, 6 month, 1 year, 2 year",4.0,"percentage of participants, Kaplan-Meier",489,NUMBER,,True,2026-09-16T12:17:58Z
NCT01240902,Safety and Efficacy Study of the Medtronic CoreValve® System in the Treatment of Symptomatic Severe Aortic Stenosis in High Risk and Very High Risk Subjects Who Need Aortic Valve Replacement,Extreme Risk: TAVI Non-Iliofemoral,CoreValve US Pivotal (High/Very High Risk),The Occurrence of Individual MACCE Components,"Individual MACCE Components Include:

* All Cause Mortality
* MI
* All stroke
* Reintervention (defined as any cardiac surgery or percutaneous reintervention catheter procedure that repairs, otherwise alters or adjusts, or replaces a previously implanted valve)","30 day, 6 month, 1 year, 2 year",8.8,"percentage of participants, Kaplan-Meier",150,NUMBER,,True,2026-09-16T12:17:58Z
NCT01240902,Safety and Efficacy Study of the Medtronic CoreValve® System in the Treatment of Symptomatic Severe Aortic Stenosis in High Risk and Very High Risk Subjects Who Need Aortic Valve Replacement,High Risk: TAVI,CoreValve US Pivotal (High/Very High Risk),The Occurrence of Individual MACCE Components,"Individual MACCE Components Include:

* All Cause Mortality
* MI
* All stroke
* Reintervention (defined as any cardiac surgery or percutaneous reintervention catheter procedure that repairs, otherwise alters or adjusts, or replaces a previously implanted valve)","30 day, 6 month, 1 year, 2 year",4.9,"percentage of participants, Kaplan-Meier",391,NUMBER,,True,2026-09-16T12:17:58Z
NCT01240902,Safety and Efficacy Study of the Medtronic CoreValve® System in the Treatment of Symptomatic Severe Aortic Stenosis in High Risk and Very High Risk Subjects Who Need Aortic Valve Replacement,High Risk: SAVR,CoreValve US Pivotal (High/Very High Risk),The Occurrence of Individual MACCE Components,"Individual MACCE Components Include:

* All Cause Mortality
* MI
* All stroke
* Reintervention (defined as any cardiac surgery or percutaneous reintervention catheter procedure that repairs, otherwise alters or adjusts, or replaces a previously implanted valve)","30 day, 6 month, 1 year, 2 year",6.2,"percentage of participants, Kaplan-Meier",359,NUMBER,,True,2026-09-16T12:17:58Z
NCT01240902,Safety and Efficacy Study of the Medtronic CoreValve® System in the Treatment of Symptomatic Severe Aortic Stenosis in High Risk and Very High Risk Subjects Who Need Aortic Valve Replacement,Extreme Risk: TAVI Iliofemoral,CoreValve US Pivotal (High/Very High Risk),The Occurrence of Individual MACCE Components,"Individual MACCE Components Include:

* All Cause Mortality
* MI
* All stroke
* Reintervention (defined as any cardiac surgery or percutaneous reintervention catheter procedure that repairs, otherwise alters or adjusts, or replaces a previously implanted valve)","30 day, 6 month, 1 year, 2 year",1.1,"percentage of participants, Kaplan-Meier",489,NUMBER,,True,2026-09-16T12:17:58Z
NCT01240902,Safety and Efficacy Study of the Medtronic CoreValve® System in the Treatment of Symptomatic Severe Aortic Stenosis in High Risk and Very High Risk Subjects Who Need Aortic Valve Replacement,Extreme Risk: TAVI Non-Iliofemoral,CoreValve US Pivotal (High/Very High Risk),The Occurrence of Individual MACCE Components,"Individual MACCE Components Include:

* All Cause Mortality
* MI
* All stroke
* Reintervention (defined as any cardiac surgery or percutaneous reintervention catheter procedure that repairs, otherwise alters or adjusts, or replaces a previously implanted valve)","30 day, 6 month, 1 year, 2 year",0.0,"percentage of participants, Kaplan-Meier",150,NUMBER,,True,2026-09-16T12:17:58Z
NCT01240902,Safety and Efficacy Study of the Medtronic CoreValve® System in the Treatment of Symptomatic Severe Aortic Stenosis in High Risk and Very High Risk Subjects Who Need Aortic Valve Replacement,High Risk: TAVI,CoreValve US Pivotal (High/Very High Risk),The Occurrence of Individual MACCE Components,"Individual MACCE Components Include:

* All Cause Mortality
* MI
* All stroke
* Reintervention (defined as any cardiac surgery or percutaneous reintervention catheter procedure that repairs, otherwise alters or adjusts, or replaces a previously implanted valve)","30 day, 6 month, 1 year, 2 year",0.8,"percentage of participants, Kaplan-Meier",391,NUMBER,,True,2026-09-16T12:17:58Z
NCT01240902,Safety and Efficacy Study of the Medtronic CoreValve® System in the Treatment of Symptomatic Severe Aortic Stenosis in High Risk and Very High Risk Subjects Who Need Aortic Valve Replacement,High Risk: SAVR,CoreValve US Pivotal (High/Very High Risk),The Occurrence of Individual MACCE Components,"Individual MACCE Components Include:

* All Cause Mortality
* MI
* All stroke
* Reintervention (defined as any cardiac surgery or percutaneous reintervention catheter procedure that repairs, otherwise alters or adjusts, or replaces a previously implanted valve)","30 day, 6 month, 1 year, 2 year",0.0,"percentage of participants, Kaplan-Meier",359,NUMBER,,True,2026-09-16T12:17:58Z
NCT01240902,Safety and Efficacy Study of the Medtronic CoreValve® System in the Treatment of Symptomatic Severe Aortic Stenosis in High Risk and Very High Risk Subjects Who Need Aortic Valve Replacement,Extreme Risk: TAVI Iliofemoral,CoreValve US Pivotal (High/Very High Risk),The Occurrence of Individual MACCE Components,"Individual MACCE Components Include:

* All Cause Mortality
* MI
* All stroke
* Reintervention (defined as any cardiac surgery or percutaneous reintervention catheter procedure that repairs, otherwise alters or adjusts, or replaces a previously implanted valve)","30 day, 6 month, 1 year, 2 year",18.6,"percentage of participants, Kaplan-Meier",489,NUMBER,,True,2026-09-16T12:17:58Z
NCT01240902,Safety and Efficacy Study of the Medtronic CoreValve® System in the Treatment of Symptomatic Severe Aortic Stenosis in High Risk and Very High Risk Subjects Who Need Aortic Valve Replacement,Extreme Risk: TAVI Non-Iliofemoral,CoreValve US Pivotal (High/Very High Risk),The Occurrence of Individual MACCE Components,"Individual MACCE Components Include:

* All Cause Mortality
* MI
* All stroke
* Reintervention (defined as any cardiac surgery or percutaneous reintervention catheter procedure that repairs, otherwise alters or adjusts, or replaces a previously implanted valve)","30 day, 6 month, 1 year, 2 year",28.7,"percentage of participants, Kaplan-Meier",150,NUMBER,,True,2026-09-16T12:17:58Z
NCT01240902,Safety and Efficacy Study of the Medtronic CoreValve® System in the Treatment of Symptomatic Severe Aortic Stenosis in High Risk and Very High Risk Subjects Who Need Aortic Valve Replacement,High Risk: TAVI,CoreValve US Pivotal (High/Very High Risk),The Occurrence of Individual MACCE Components,"Individual MACCE Components Include:

* All Cause Mortality
* MI
* All stroke
* Reintervention (defined as any cardiac surgery or percutaneous reintervention catheter procedure that repairs, otherwise alters or adjusts, or replaces a previously implanted valve)","30 day, 6 month, 1 year, 2 year",9.0,"percentage of participants, Kaplan-Meier",391,NUMBER,,True,2026-09-16T12:17:58Z
NCT01240902,Safety and Efficacy Study of the Medtronic CoreValve® System in the Treatment of Symptomatic Severe Aortic Stenosis in High Risk and Very High Risk Subjects Who Need Aortic Valve Replacement,High Risk: SAVR,CoreValve US Pivotal (High/Very High Risk),The Occurrence of Individual MACCE Components,"Individual MACCE Components Include:

* All Cause Mortality
* MI
* All stroke
* Reintervention (defined as any cardiac surgery or percutaneous reintervention catheter procedure that repairs, otherwise alters or adjusts, or replaces a previously implanted valve)","30 day, 6 month, 1 year, 2 year",14.0,"percentage of participants, Kaplan-Meier",359,NUMBER,,True,2026-09-16T12:17:58Z
NCT01240902,Safety and Efficacy Study of the Medtronic CoreValve® System in the Treatment of Symptomatic Severe Aortic Stenosis in High Risk and Very High Risk Subjects Who Need Aortic Valve Replacement,Extreme Risk: TAVI Iliofemoral,CoreValve US Pivotal (High/Very High Risk),The Occurrence of Individual MACCE Components,"Individual MACCE Components Include:

* All Cause Mortality
* MI
* All stroke
* Reintervention (defined as any cardiac surgery or percutaneous reintervention catheter procedure that repairs, otherwise alters or adjusts, or replaces a previously implanted valve)","30 day, 6 month, 1 year, 2 year",1.5,"percentage of participants, Kaplan-Meier",489,NUMBER,,True,2026-09-16T12:17:58Z
NCT01240902,Safety and Efficacy Study of the Medtronic CoreValve® System in the Treatment of Symptomatic Severe Aortic Stenosis in High Risk and Very High Risk Subjects Who Need Aortic Valve Replacement,Extreme Risk: TAVI Non-Iliofemoral,CoreValve US Pivotal (High/Very High Risk),The Occurrence of Individual MACCE Components,"Individual MACCE Components Include:

* All Cause Mortality
* MI
* All stroke
* Reintervention (defined as any cardiac surgery or percutaneous reintervention catheter procedure that repairs, otherwise alters or adjusts, or replaces a previously implanted valve)","30 day, 6 month, 1 year, 2 year",2.1,"percentage of participants, Kaplan-Meier",150,NUMBER,,True,2026-09-16T12:17:58Z
NCT01240902,Safety and Efficacy Study of the Medtronic CoreValve® System in the Treatment of Symptomatic Severe Aortic Stenosis in High Risk and Very High Risk Subjects Who Need Aortic Valve Replacement,High Risk: TAVI,CoreValve US Pivotal (High/Very High Risk),The Occurrence of Individual MACCE Components,"Individual MACCE Components Include:

* All Cause Mortality
* MI
* All stroke
* Reintervention (defined as any cardiac surgery or percutaneous reintervention catheter procedure that repairs, otherwise alters or adjusts, or replaces a previously implanted valve)","30 day, 6 month, 1 year, 2 year",1.6,"percentage of participants, Kaplan-Meier",391,NUMBER,,True,2026-09-16T12:17:58Z
NCT01240902,Safety and Efficacy Study of the Medtronic CoreValve® System in the Treatment of Symptomatic Severe Aortic Stenosis in High Risk and Very High Risk Subjects Who Need Aortic Valve Replacement,High Risk: SAVR,CoreValve US Pivotal (High/Very High Risk),The Occurrence of Individual MACCE Components,"Individual MACCE Components Include:

* All Cause Mortality
* MI
* All stroke
* Reintervention (defined as any cardiac surgery or percutaneous reintervention catheter procedure that repairs, otherwise alters or adjusts, or replaces a previously implanted valve)","30 day, 6 month, 1 year, 2 year",1.1,"percentage of participants, Kaplan-Meier",359,NUMBER,,True,2026-09-16T12:17:58Z
NCT01240902,Safety and Efficacy Study of the Medtronic CoreValve® System in the Treatment of Symptomatic Severe Aortic Stenosis in High Risk and Very High Risk Subjects Who Need Aortic Valve Replacement,Extreme Risk: TAVI Iliofemoral,CoreValve US Pivotal (High/Very High Risk),The Occurrence of Individual MACCE Components,"Individual MACCE Components Include:

* All Cause Mortality
* MI
* All stroke
* Reintervention (defined as any cardiac surgery or percutaneous reintervention catheter procedure that repairs, otherwise alters or adjusts, or replaces a previously implanted valve)","30 day, 6 month, 1 year, 2 year",5.2,"percentage of participants, Kaplan-Meier",489,NUMBER,,True,2026-09-16T12:17:58Z
NCT01240902,Safety and Efficacy Study of the Medtronic CoreValve® System in the Treatment of Symptomatic Severe Aortic Stenosis in High Risk and Very High Risk Subjects Who Need Aortic Valve Replacement,Extreme Risk: TAVI Non-Iliofemoral,CoreValve US Pivotal (High/Very High Risk),The Occurrence of Individual MACCE Components,"Individual MACCE Components Include:

* All Cause Mortality
* MI
* All stroke
* Reintervention (defined as any cardiac surgery or percutaneous reintervention catheter procedure that repairs, otherwise alters or adjusts, or replaces a previously implanted valve)","30 day, 6 month, 1 year, 2 year",12.0,"percentage of participants, Kaplan-Meier",150,NUMBER,,True,2026-09-16T12:17:58Z
NCT01240902,Safety and Efficacy Study of the Medtronic CoreValve® System in the Treatment of Symptomatic Severe Aortic Stenosis in High Risk and Very High Risk Subjects Who Need Aortic Valve Replacement,High Risk: TAVI,CoreValve US Pivotal (High/Very High Risk),The Occurrence of Individual MACCE Components,"Individual MACCE Components Include:

* All Cause Mortality
* MI
* All stroke
* Reintervention (defined as any cardiac surgery or percutaneous reintervention catheter procedure that repairs, otherwise alters or adjusts, or replaces a previously implanted valve)","30 day, 6 month, 1 year, 2 year",7.3,"percentage of participants, Kaplan-Meier",391,NUMBER,,True,2026-09-16T12:17:58Z
NCT01240902,Safety and Efficacy Study of the Medtronic CoreValve® System in the Treatment of Symptomatic Severe Aortic Stenosis in High Risk and Very High Risk Subjects Who Need Aortic Valve Replacement,High Risk: SAVR,CoreValve US Pivotal (High/Very High Risk),The Occurrence of Individual MACCE Components,"Individual MACCE Components Include:

* All Cause Mortality
* MI
* All stroke
* Reintervention (defined as any cardiac surgery or percutaneous reintervention catheter procedure that repairs, otherwise alters or adjusts, or replaces a previously implanted valve)","30 day, 6 month, 1 year, 2 year",9.9,"percentage of participants, Kaplan-Meier",359,NUMBER,,True,2026-09-16T12:17:58Z
NCT01240902,Safety and Efficacy Study of the Medtronic CoreValve® System in the Treatment of Symptomatic Severe Aortic Stenosis in High Risk and Very High Risk Subjects Who Need Aortic Valve Replacement,Extreme Risk: TAVI Iliofemoral,CoreValve US Pivotal (High/Very High Risk),The Occurrence of Individual MACCE Components,"Individual MACCE Components Include:

* All Cause Mortality
* MI
* All stroke
* Reintervention (defined as any cardiac surgery or percutaneous reintervention catheter procedure that repairs, otherwise alters or adjusts, or replaces a previously implanted valve)","30 day, 6 month, 1 year, 2 year",1.5,"percentage of participants, Kaplan-Meier",489,NUMBER,,True,2026-09-16T12:17:58Z
NCT01240902,Safety and Efficacy Study of the Medtronic CoreValve® System in the Treatment of Symptomatic Severe Aortic Stenosis in High Risk and Very High Risk Subjects Who Need Aortic Valve Replacement,Extreme Risk: TAVI Non-Iliofemoral,CoreValve US Pivotal (High/Very High Risk),The Occurrence of Individual MACCE Components,"Individual MACCE Components Include:

* All Cause Mortality
* MI
* All stroke
* Reintervention (defined as any cardiac surgery or percutaneous reintervention catheter procedure that repairs, otherwise alters or adjusts, or replaces a previously implanted valve)","30 day, 6 month, 1 year, 2 year",0.0,"percentage of participants, Kaplan-Meier",150,NUMBER,,True,2026-09-16T12:17:58Z
NCT01240902,Safety and Efficacy Study of the Medtronic CoreValve® System in the Treatment of Symptomatic Severe Aortic Stenosis in High Risk and Very High Risk Subjects Who Need Aortic Valve Replacement,High Risk: TAVI,CoreValve US Pivotal (High/Very High Risk),The Occurrence of Individual MACCE Components,"Individual MACCE Components Include:

* All Cause Mortality
* MI
* All stroke
* Reintervention (defined as any cardiac surgery or percutaneous reintervention catheter procedure that repairs, otherwise alters or adjusts, or replaces a previously implanted valve)","30 day, 6 month, 1 year, 2 year",1.0,"percentage of participants, Kaplan-Meier",391,NUMBER,,True,2026-09-16T12:17:58Z
NCT01240902,Safety and Efficacy Study of the Medtronic CoreValve® System in the Treatment of Symptomatic Severe Aortic Stenosis in High Risk and Very High Risk Subjects Who Need Aortic Valve Replacement,High Risk: SAVR,CoreValve US Pivotal (High/Very High Risk),The Occurrence of Individual MACCE Components,"Individual MACCE Components Include:

* All Cause Mortality
* MI
* All stroke
* Reintervention (defined as any cardiac surgery or percutaneous reintervention catheter procedure that repairs, otherwise alters or adjusts, or replaces a previously implanted valve)","30 day, 6 month, 1 year, 2 year",0.0,"percentage of participants, Kaplan-Meier",359,NUMBER,,True,2026-09-16T12:17:58Z
NCT01240902,Safety and Efficacy Study of the Medtronic CoreValve® System in the Treatment of Symptomatic Severe Aortic Stenosis in High Risk and Very High Risk Subjects Who Need Aortic Valve Replacement,Extreme Risk: TAVI Iliofemoral,CoreValve US Pivotal (High/Very High Risk),The Occurrence of Individual MACCE Components,"Individual MACCE Components Include:

* All Cause Mortality
* MI
* All stroke
* Reintervention (defined as any cardiac surgery or percutaneous reintervention catheter procedure that repairs, otherwise alters or adjusts, or replaces a previously implanted valve)","30 day, 6 month, 1 year, 2 year",24.3,"percentage of participants, Kaplan-Meier",489,NUMBER,,True,2026-09-16T12:17:58Z
NCT01240902,Safety and Efficacy Study of the Medtronic CoreValve® System in the Treatment of Symptomatic Severe Aortic Stenosis in High Risk and Very High Risk Subjects Who Need Aortic Valve Replacement,Extreme Risk: TAVI Non-Iliofemoral,CoreValve US Pivotal (High/Very High Risk),The Occurrence of Individual MACCE Components,"Individual MACCE Components Include:

* All Cause Mortality
* MI
* All stroke
* Reintervention (defined as any cardiac surgery or percutaneous reintervention catheter procedure that repairs, otherwise alters or adjusts, or replaces a previously implanted valve)","30 day, 6 month, 1 year, 2 year",36.0,"percentage of participants, Kaplan-Meier",150,NUMBER,,True,2026-09-16T12:17:58Z
NCT01240902,Safety and Efficacy Study of the Medtronic CoreValve® System in the Treatment of Symptomatic Severe Aortic Stenosis in High Risk and Very High Risk Subjects Who Need Aortic Valve Replacement,High Risk: TAVI,CoreValve US Pivotal (High/Very High Risk),The Occurrence of Individual MACCE Components,"Individual MACCE Components Include:

* All Cause Mortality
* MI
* All stroke
* Reintervention (defined as any cardiac surgery or percutaneous reintervention catheter procedure that repairs, otherwise alters or adjusts, or replaces a previously implanted valve)","30 day, 6 month, 1 year, 2 year",14.1,"percentage of participants, Kaplan-Meier",391,NUMBER,,True,2026-09-16T12:17:58Z
NCT01240902,Safety and Efficacy Study of the Medtronic CoreValve® System in the Treatment of Symptomatic Severe Aortic Stenosis in High Risk and Very High Risk Subjects Who Need Aortic Valve Replacement,High Risk: SAVR,CoreValve US Pivotal (High/Very High Risk),The Occurrence of Individual MACCE Components,"Individual MACCE Components Include:

* All Cause Mortality
* MI
* All stroke
* Reintervention (defined as any cardiac surgery or percutaneous reintervention catheter procedure that repairs, otherwise alters or adjusts, or replaces a previously implanted valve)","30 day, 6 month, 1 year, 2 year",18.9,"percentage of participants, Kaplan-Meier",359,NUMBER,,True,2026-09-16T12:17:58Z
NCT01240902,Safety and Efficacy Study of the Medtronic CoreValve® System in the Treatment of Symptomatic Severe Aortic Stenosis in High Risk and Very High Risk Subjects Who Need Aortic Valve Replacement,Extreme Risk: TAVI Iliofemoral,CoreValve US Pivotal (High/Very High Risk),The Occurrence of Individual MACCE Components,"Individual MACCE Components Include:

* All Cause Mortality
* MI
* All stroke
* Reintervention (defined as any cardiac surgery or percutaneous reintervention catheter procedure that repairs, otherwise alters or adjusts, or replaces a previously implanted valve)","30 day, 6 month, 1 year, 2 year",2.0,"percentage of participants, Kaplan-Meier",489,NUMBER,,True,2026-09-16T12:17:58Z
NCT01240902,Safety and Efficacy Study of the Medtronic CoreValve® System in the Treatment of Symptomatic Severe Aortic Stenosis in High Risk and Very High Risk Subjects Who Need Aortic Valve Replacement,Extreme Risk: TAVI Non-Iliofemoral,CoreValve US Pivotal (High/Very High Risk),The Occurrence of Individual MACCE Components,"Individual MACCE Components Include:

* All Cause Mortality
* MI
* All stroke
* Reintervention (defined as any cardiac surgery or percutaneous reintervention catheter procedure that repairs, otherwise alters or adjusts, or replaces a previously implanted valve)","30 day, 6 month, 1 year, 2 year",2.1,"percentage of participants, Kaplan-Meier",150,NUMBER,,True,2026-09-16T12:17:58Z
NCT01240902,Safety and Efficacy Study of the Medtronic CoreValve® System in the Treatment of Symptomatic Severe Aortic Stenosis in High Risk and Very High Risk Subjects Who Need Aortic Valve Replacement,High Risk: TAVI,CoreValve US Pivotal (High/Very High Risk),The Occurrence of Individual MACCE Components,"Individual MACCE Components Include:

* All Cause Mortality
* MI
* All stroke
* Reintervention (defined as any cardiac surgery or percutaneous reintervention catheter procedure that repairs, otherwise alters or adjusts, or replaces a previously implanted valve)","30 day, 6 month, 1 year, 2 year",1.9,"percentage of participants, Kaplan-Meier",391,NUMBER,,True,2026-09-16T12:17:58Z
NCT01240902,Safety and Efficacy Study of the Medtronic CoreValve® System in the Treatment of Symptomatic Severe Aortic Stenosis in High Risk and Very High Risk Subjects Who Need Aortic Valve Replacement,High Risk: SAVR,CoreValve US Pivotal (High/Very High Risk),The Occurrence of Individual MACCE Components,"Individual MACCE Components Include:

* All Cause Mortality
* MI
* All stroke
* Reintervention (defined as any cardiac surgery or percutaneous reintervention catheter procedure that repairs, otherwise alters or adjusts, or replaces a previously implanted valve)","30 day, 6 month, 1 year, 2 year",1.5,"percentage of participants, Kaplan-Meier",359,NUMBER,,True,2026-09-16T12:17:58Z
NCT01240902,Safety and Efficacy Study of the Medtronic CoreValve® System in the Treatment of Symptomatic Severe Aortic Stenosis in High Risk and Very High Risk Subjects Who Need Aortic Valve Replacement,Extreme Risk: TAVI Iliofemoral,CoreValve US Pivotal (High/Very High Risk),The Occurrence of Individual MACCE Components,"Individual MACCE Components Include:

* All Cause Mortality
* MI
* All stroke
* Reintervention (defined as any cardiac surgery or percutaneous reintervention catheter procedure that repairs, otherwise alters or adjusts, or replaces a previously implanted valve)","30 day, 6 month, 1 year, 2 year",7.0,"percentage of participants, Kaplan-Meier",489,NUMBER,,True,2026-09-16T12:17:58Z
NCT01240902,Safety and Efficacy Study of the Medtronic CoreValve® System in the Treatment of Symptomatic Severe Aortic Stenosis in High Risk and Very High Risk Subjects Who Need Aortic Valve Replacement,Extreme Risk: TAVI Non-Iliofemoral,CoreValve US Pivotal (High/Very High Risk),The Occurrence of Individual MACCE Components,"Individual MACCE Components Include:

* All Cause Mortality
* MI
* All stroke
* Reintervention (defined as any cardiac surgery or percutaneous reintervention catheter procedure that repairs, otherwise alters or adjusts, or replaces a previously implanted valve)","30 day, 6 month, 1 year, 2 year",13.0,"percentage of participants, Kaplan-Meier",150,NUMBER,,True,2026-09-16T12:17:58Z
NCT01240902,Safety and Efficacy Study of the Medtronic CoreValve® System in the Treatment of Symptomatic Severe Aortic Stenosis in High Risk and Very High Risk Subjects Who Need Aortic Valve Replacement,High Risk: TAVI,CoreValve US Pivotal (High/Very High Risk),The Occurrence of Individual MACCE Components,"Individual MACCE Components Include:

* All Cause Mortality
* MI
* All stroke
* Reintervention (defined as any cardiac surgery or percutaneous reintervention catheter procedure that repairs, otherwise alters or adjusts, or replaces a previously implanted valve)","30 day, 6 month, 1 year, 2 year",8.7,"percentage of participants, Kaplan-Meier",391,NUMBER,,True,2026-09-16T12:17:58Z
NCT01240902,Safety and Efficacy Study of the Medtronic CoreValve® System in the Treatment of Symptomatic Severe Aortic Stenosis in High Risk and Very High Risk Subjects Who Need Aortic Valve Replacement,High Risk: SAVR,CoreValve US Pivotal (High/Very High Risk),The Occurrence of Individual MACCE Components,"Individual MACCE Components Include:

* All Cause Mortality
* MI
* All stroke
* Reintervention (defined as any cardiac surgery or percutaneous reintervention catheter procedure that repairs, otherwise alters or adjusts, or replaces a previously implanted valve)","30 day, 6 month, 1 year, 2 year",12.5,"percentage of participants, Kaplan-Meier",359,NUMBER,,True,2026-09-16T12:17:58Z
NCT01240902,Safety and Efficacy Study of the Medtronic CoreValve® System in the Treatment of Symptomatic Severe Aortic Stenosis in High Risk and Very High Risk Subjects Who Need Aortic Valve Replacement,Extreme Risk: TAVI Iliofemoral,CoreValve US Pivotal (High/Very High Risk),The Occurrence of Individual MACCE Components,"Individual MACCE Components Include:

* All Cause Mortality
* MI
* All stroke
* Reintervention (defined as any cardiac surgery or percutaneous reintervention catheter procedure that repairs, otherwise alters or adjusts, or replaces a previously implanted valve)","30 day, 6 month, 1 year, 2 year",1.8,"percentage of participants, Kaplan-Meier",489,NUMBER,,True,2026-09-16T12:17:58Z
NCT01240902,Safety and Efficacy Study of the Medtronic CoreValve® System in the Treatment of Symptomatic Severe Aortic Stenosis in High Risk and Very High Risk Subjects Who Need Aortic Valve Replacement,Extreme Risk: TAVI Non-Iliofemoral,CoreValve US Pivotal (High/Very High Risk),The Occurrence of Individual MACCE Components,"Individual MACCE Components Include:

* All Cause Mortality
* MI
* All stroke
* Reintervention (defined as any cardiac surgery or percutaneous reintervention catheter procedure that repairs, otherwise alters or adjusts, or replaces a previously implanted valve)","30 day, 6 month, 1 year, 2 year",1.0,"percentage of participants, Kaplan-Meier",150,NUMBER,,True,2026-09-16T12:17:58Z
NCT01240902,Safety and Efficacy Study of the Medtronic CoreValve® System in the Treatment of Symptomatic Severe Aortic Stenosis in High Risk and Very High Risk Subjects Who Need Aortic Valve Replacement,High Risk: TAVI,CoreValve US Pivotal (High/Very High Risk),The Occurrence of Individual MACCE Components,"Individual MACCE Components Include:

* All Cause Mortality
* MI
* All stroke
* Reintervention (defined as any cardiac surgery or percutaneous reintervention catheter procedure that repairs, otherwise alters or adjusts, or replaces a previously implanted valve)","30 day, 6 month, 1 year, 2 year",2.2,"percentage of participants, Kaplan-Meier",391,NUMBER,,True,2026-09-16T12:17:58Z
NCT01240902,Safety and Efficacy Study of the Medtronic CoreValve® System in the Treatment of Symptomatic Severe Aortic Stenosis in High Risk and Very High Risk Subjects Who Need Aortic Valve Replacement,High Risk: SAVR,CoreValve US Pivotal (High/Very High Risk),The Occurrence of Individual MACCE Components,"Individual MACCE Components Include:

* All Cause Mortality
* MI
* All stroke
* Reintervention (defined as any cardiac surgery or percutaneous reintervention catheter procedure that repairs, otherwise alters or adjusts, or replaces a previously implanted valve)","30 day, 6 month, 1 year, 2 year",0.0,"percentage of participants, Kaplan-Meier",359,NUMBER,,True,2026-09-16T12:17:58Z
NCT01240902,Safety and Efficacy Study of the Medtronic CoreValve® System in the Treatment of Symptomatic Severe Aortic Stenosis in High Risk and Very High Risk Subjects Who Need Aortic Valve Replacement,Extreme Risk: TAVI Iliofemoral,CoreValve US Pivotal (High/Very High Risk),The Occurrence of Individual MACCE Components,"Individual MACCE Components Include:

* All Cause Mortality
* MI
* All stroke
* Reintervention (defined as any cardiac surgery or percutaneous reintervention catheter procedure that repairs, otherwise alters or adjusts, or replaces a previously implanted valve)","30 day, 6 month, 1 year, 2 year",36.6,"percentage of participants, Kaplan-Meier",489,NUMBER,,True,2026-09-16T12:17:58Z
NCT01240902,Safety and Efficacy Study of the Medtronic CoreValve® System in the Treatment of Symptomatic Severe Aortic Stenosis in High Risk and Very High Risk Subjects Who Need Aortic Valve Replacement,Extreme Risk: TAVI Non-Iliofemoral,CoreValve US Pivotal (High/Very High Risk),The Occurrence of Individual MACCE Components,"Individual MACCE Components Include:

* All Cause Mortality
* MI
* All stroke
* Reintervention (defined as any cardiac surgery or percutaneous reintervention catheter procedure that repairs, otherwise alters or adjusts, or replaces a previously implanted valve)","30 day, 6 month, 1 year, 2 year",44.9,"percentage of participants, Kaplan-Meier",150,NUMBER,,True,2026-09-16T12:17:58Z
NCT01240902,Safety and Efficacy Study of the Medtronic CoreValve® System in the Treatment of Symptomatic Severe Aortic Stenosis in High Risk and Very High Risk Subjects Who Need Aortic Valve Replacement,High Risk: TAVI,CoreValve US Pivotal (High/Very High Risk),The Occurrence of Individual MACCE Components,"Individual MACCE Components Include:

* All Cause Mortality
* MI
* All stroke
* Reintervention (defined as any cardiac surgery or percutaneous reintervention catheter procedure that repairs, otherwise alters or adjusts, or replaces a previously implanted valve)","30 day, 6 month, 1 year, 2 year",22.2,"percentage of participants, Kaplan-Meier",391,NUMBER,,True,2026-09-16T12:17:58Z
NCT01240902,Safety and Efficacy Study of the Medtronic CoreValve® System in the Treatment of Symptomatic Severe Aortic Stenosis in High Risk and Very High Risk Subjects Who Need Aortic Valve Replacement,High Risk: SAVR,CoreValve US Pivotal (High/Very High Risk),The Occurrence of Individual MACCE Components,"Individual MACCE Components Include:

* All Cause Mortality
* MI
* All stroke
* Reintervention (defined as any cardiac surgery or percutaneous reintervention catheter procedure that repairs, otherwise alters or adjusts, or replaces a previously implanted valve)","30 day, 6 month, 1 year, 2 year",28.6,"percentage of participants, Kaplan-Meier",359,NUMBER,,True,2026-09-16T12:17:58Z
NCT01240902,Safety and Efficacy Study of the Medtronic CoreValve® System in the Treatment of Symptomatic Severe Aortic Stenosis in High Risk and Very High Risk Subjects Who Need Aortic Valve Replacement,Extreme Risk: TAVI Iliofemoral,CoreValve US Pivotal (High/Very High Risk),The Occurrence of Individual MACCE Components,"Individual MACCE Components Include:

* All Cause Mortality
* MI
* All stroke
* Reintervention (defined as any cardiac surgery or percutaneous reintervention catheter procedure that repairs, otherwise alters or adjusts, or replaces a previously implanted valve)","30 day, 6 month, 1 year, 2 year",2.8,"percentage of participants, Kaplan-Meier",489,NUMBER,,True,2026-09-16T12:17:58Z
NCT01240902,Safety and Efficacy Study of the Medtronic CoreValve® System in the Treatment of Symptomatic Severe Aortic Stenosis in High Risk and Very High Risk Subjects Who Need Aortic Valve Replacement,Extreme Risk: TAVI Non-Iliofemoral,CoreValve US Pivotal (High/Very High Risk),The Occurrence of Individual MACCE Components,"Individual MACCE Components Include:

* All Cause Mortality
* MI
* All stroke
* Reintervention (defined as any cardiac surgery or percutaneous reintervention catheter procedure that repairs, otherwise alters or adjusts, or replaces a previously implanted valve)","30 day, 6 month, 1 year, 2 year",3.2,"percentage of participants, Kaplan-Meier",150,NUMBER,,True,2026-09-16T12:17:58Z
NCT01240902,Safety and Efficacy Study of the Medtronic CoreValve® System in the Treatment of Symptomatic Severe Aortic Stenosis in High Risk and Very High Risk Subjects Who Need Aortic Valve Replacement,High Risk: TAVI,CoreValve US Pivotal (High/Very High Risk),The Occurrence of Individual MACCE Components,"Individual MACCE Components Include:

* All Cause Mortality
* MI
* All stroke
* Reintervention (defined as any cardiac surgery or percutaneous reintervention catheter procedure that repairs, otherwise alters or adjusts, or replaces a previously implanted valve)","30 day, 6 month, 1 year, 2 year",1.9,"percentage of participants, Kaplan-Meier",391,NUMBER,,True,2026-09-16T12:17:58Z
NCT01240902,Safety and Efficacy Study of the Medtronic CoreValve® System in the Treatment of Symptomatic Severe Aortic Stenosis in High Risk and Very High Risk Subjects Who Need Aortic Valve Replacement,High Risk: SAVR,CoreValve US Pivotal (High/Very High Risk),The Occurrence of Individual MACCE Components,"Individual MACCE Components Include:

* All Cause Mortality
* MI
* All stroke
* Reintervention (defined as any cardiac surgery or percutaneous reintervention catheter procedure that repairs, otherwise alters or adjusts, or replaces a previously implanted valve)","30 day, 6 month, 1 year, 2 year",2.3,"percentage of participants, Kaplan-Meier",359,NUMBER,,True,2026-09-16T12:17:58Z
NCT01240902,Safety and Efficacy Study of the Medtronic CoreValve® System in the Treatment of Symptomatic Severe Aortic Stenosis in High Risk and Very High Risk Subjects Who Need Aortic Valve Replacement,Extreme Risk: TAVI Iliofemoral,CoreValve US Pivotal (High/Very High Risk),The Occurrence of Individual MACCE Components,"Individual MACCE Components Include:

* All Cause Mortality
* MI
* All stroke
* Reintervention (defined as any cardiac surgery or percutaneous reintervention catheter procedure that repairs, otherwise alters or adjusts, or replaces a previously implanted valve)","30 day, 6 month, 1 year, 2 year",8.6,"percentage of participants, Kaplan-Meier",489,NUMBER,,True,2026-09-16T12:17:58Z
NCT01240902,Safety and Efficacy Study of the Medtronic CoreValve® System in the Treatment of Symptomatic Severe Aortic Stenosis in High Risk and Very High Risk Subjects Who Need Aortic Valve Replacement,Extreme Risk: TAVI Non-Iliofemoral,CoreValve US Pivotal (High/Very High Risk),The Occurrence of Individual MACCE Components,"Individual MACCE Components Include:

* All Cause Mortality
* MI
* All stroke
* Reintervention (defined as any cardiac surgery or percutaneous reintervention catheter procedure that repairs, otherwise alters or adjusts, or replaces a previously implanted valve)","30 day, 6 month, 1 year, 2 year",16.1,"percentage of participants, Kaplan-Meier",150,NUMBER,,True,2026-09-16T12:17:58Z
NCT01240902,Safety and Efficacy Study of the Medtronic CoreValve® System in the Treatment of Symptomatic Severe Aortic Stenosis in High Risk and Very High Risk Subjects Who Need Aortic Valve Replacement,High Risk: TAVI,CoreValve US Pivotal (High/Very High Risk),The Occurrence of Individual MACCE Components,"Individual MACCE Components Include:

* All Cause Mortality
* MI
* All stroke
* Reintervention (defined as any cardiac surgery or percutaneous reintervention catheter procedure that repairs, otherwise alters or adjusts, or replaces a previously implanted valve)","30 day, 6 month, 1 year, 2 year",10.9,"percentage of participants, Kaplan-Meier",391,NUMBER,,True,2026-09-16T12:17:58Z
NCT01240902,Safety and Efficacy Study of the Medtronic CoreValve® System in the Treatment of Symptomatic Severe Aortic Stenosis in High Risk and Very High Risk Subjects Who Need Aortic Valve Replacement,High Risk: SAVR,CoreValve US Pivotal (High/Very High Risk),The Occurrence of Individual MACCE Components,"Individual MACCE Components Include:

* All Cause Mortality
* MI
* All stroke
* Reintervention (defined as any cardiac surgery or percutaneous reintervention catheter procedure that repairs, otherwise alters or adjusts, or replaces a previously implanted valve)","30 day, 6 month, 1 year, 2 year",16.6,"percentage of participants, Kaplan-Meier",359,NUMBER,,True,2026-09-16T12:17:58Z
NCT01240902,Safety and Efficacy Study of the Medtronic CoreValve® System in the Treatment of Symptomatic Severe Aortic Stenosis in High Risk and Very High Risk Subjects Who Need Aortic Valve Replacement,Extreme Risk: TAVI Iliofemoral,CoreValve US Pivotal (High/Very High Risk),The Occurrence of Individual MACCE Components,"Individual MACCE Components Include:

* All Cause Mortality
* MI
* All stroke
* Reintervention (defined as any cardiac surgery or percutaneous reintervention catheter procedure that repairs, otherwise alters or adjusts, or replaces a previously implanted valve)","30 day, 6 month, 1 year, 2 year",1.8,"percentage of participants, Kaplan-Meier",489,NUMBER,,True,2026-09-16T12:17:58Z
NCT01240902,Safety and Efficacy Study of the Medtronic CoreValve® System in the Treatment of Symptomatic Severe Aortic Stenosis in High Risk and Very High Risk Subjects Who Need Aortic Valve Replacement,Extreme Risk: TAVI Non-Iliofemoral,CoreValve US Pivotal (High/Very High Risk),The Occurrence of Individual MACCE Components,"Individual MACCE Components Include:

* All Cause Mortality
* MI
* All stroke
* Reintervention (defined as any cardiac surgery or percutaneous reintervention catheter procedure that repairs, otherwise alters or adjusts, or replaces a previously implanted valve)","30 day, 6 month, 1 year, 2 year",1.0,"percentage of participants, Kaplan-Meier",150,NUMBER,,True,2026-09-16T12:17:58Z
NCT01240902,Safety and Efficacy Study of the Medtronic CoreValve® System in the Treatment of Symptomatic Severe Aortic Stenosis in High Risk and Very High Risk Subjects Who Need Aortic Valve Replacement,High Risk: TAVI,CoreValve US Pivotal (High/Very High Risk),The Occurrence of Individual MACCE Components,"Individual MACCE Components Include:

* All Cause Mortality
* MI
* All stroke
* Reintervention (defined as any cardiac surgery or percutaneous reintervention catheter procedure that repairs, otherwise alters or adjusts, or replaces a previously implanted valve)","30 day, 6 month, 1 year, 2 year",2.5,"percentage of participants, Kaplan-Meier",391,NUMBER,,True,2026-09-16T12:17:58Z
NCT01240902,Safety and Efficacy Study of the Medtronic CoreValve® System in the Treatment of Symptomatic Severe Aortic Stenosis in High Risk and Very High Risk Subjects Who Need Aortic Valve Replacement,High Risk: SAVR,CoreValve US Pivotal (High/Very High Risk),The Occurrence of Individual MACCE Components,"Individual MACCE Components Include:

* All Cause Mortality
* MI
* All stroke
* Reintervention (defined as any cardiac surgery or percutaneous reintervention catheter procedure that repairs, otherwise alters or adjusts, or replaces a previously implanted valve)","30 day, 6 month, 1 year, 2 year",0.4,"percentage of participants, Kaplan-Meier",359,NUMBER,,True,2026-09-16T12:17:58Z
NCT01240902,Safety and Efficacy Study of the Medtronic CoreValve® System in the Treatment of Symptomatic Severe Aortic Stenosis in High Risk and Very High Risk Subjects Who Need Aortic Valve Replacement,Extreme Risk: TAVI Iliofemoral,CoreValve US Pivotal (High/Very High Risk),Echocardiographic Assessment of Valve Performance,"Using the following measures:

\- Effective Orifice Area (EOA)","30 day, 6 month, 1 year, 2 year",1.86,cm^2,486,MEAN,,True,2026-09-16T12:17:58Z
NCT01240902,Safety and Efficacy Study of the Medtronic CoreValve® System in the Treatment of Symptomatic Severe Aortic Stenosis in High Risk and Very High Risk Subjects Who Need Aortic Valve Replacement,Extreme Risk: TAVI Non-Iliofemoral,CoreValve US Pivotal (High/Very High Risk),Echocardiographic Assessment of Valve Performance,"Using the following measures:

\- Effective Orifice Area (EOA)","30 day, 6 month, 1 year, 2 year",1.82,cm^2,148,MEAN,,True,2026-09-16T12:17:58Z
NCT01240902,Safety and Efficacy Study of the Medtronic CoreValve® System in the Treatment of Symptomatic Severe Aortic Stenosis in High Risk and Very High Risk Subjects Who Need Aortic Valve Replacement,High Risk: TAVI,CoreValve US Pivotal (High/Very High Risk),Echocardiographic Assessment of Valve Performance,"Using the following measures:

\- Effective Orifice Area (EOA)","30 day, 6 month, 1 year, 2 year",1.94,cm^2,390,MEAN,,True,2026-09-16T12:17:58Z
NCT01240902,Safety and Efficacy Study of the Medtronic CoreValve® System in the Treatment of Symptomatic Severe Aortic Stenosis in High Risk and Very High Risk Subjects Who Need Aortic Valve Replacement,High Risk: SAVR,CoreValve US Pivotal (High/Very High Risk),Echocardiographic Assessment of Valve Performance,"Using the following measures:

\- Effective Orifice Area (EOA)","30 day, 6 month, 1 year, 2 year",1.60,cm^2,354,MEAN,,True,2026-09-16T12:17:58Z
NCT01240902,Safety and Efficacy Study of the Medtronic CoreValve® System in the Treatment of Symptomatic Severe Aortic Stenosis in High Risk and Very High Risk Subjects Who Need Aortic Valve Replacement,Extreme Risk: TAVI Iliofemoral,CoreValve US Pivotal (High/Very High Risk),Echocardiographic Assessment of Valve Performance,"Using the following measures:

\- Effective Orifice Area (EOA)","30 day, 6 month, 1 year, 2 year",1.88,cm^2,486,MEAN,,True,2026-09-16T12:17:58Z
NCT01240902,Safety and Efficacy Study of the Medtronic CoreValve® System in the Treatment of Symptomatic Severe Aortic Stenosis in High Risk and Very High Risk Subjects Who Need Aortic Valve Replacement,Extreme Risk: TAVI Non-Iliofemoral,CoreValve US Pivotal (High/Very High Risk),Echocardiographic Assessment of Valve Performance,"Using the following measures:

\- Effective Orifice Area (EOA)","30 day, 6 month, 1 year, 2 year",1.85,cm^2,148,MEAN,,True,2026-09-16T12:17:58Z
NCT01240902,Safety and Efficacy Study of the Medtronic CoreValve® System in the Treatment of Symptomatic Severe Aortic Stenosis in High Risk and Very High Risk Subjects Who Need Aortic Valve Replacement,High Risk: TAVI,CoreValve US Pivotal (High/Very High Risk),Echocardiographic Assessment of Valve Performance,"Using the following measures:

\- Effective Orifice Area (EOA)","30 day, 6 month, 1 year, 2 year",1.91,cm^2,390,MEAN,,True,2026-09-16T12:17:58Z
NCT01240902,Safety and Efficacy Study of the Medtronic CoreValve® System in the Treatment of Symptomatic Severe Aortic Stenosis in High Risk and Very High Risk Subjects Who Need Aortic Valve Replacement,High Risk: SAVR,CoreValve US Pivotal (High/Very High Risk),Echocardiographic Assessment of Valve Performance,"Using the following measures:

\- Effective Orifice Area (EOA)","30 day, 6 month, 1 year, 2 year",1.56,cm^2,354,MEAN,,True,2026-09-16T12:17:58Z
NCT01240902,Safety and Efficacy Study of the Medtronic CoreValve® System in the Treatment of Symptomatic Severe Aortic Stenosis in High Risk and Very High Risk Subjects Who Need Aortic Valve Replacement,Extreme Risk: TAVI Iliofemoral,CoreValve US Pivotal (High/Very High Risk),Echocardiographic Assessment of Valve Performance,"Using the following measures:

\- Effective Orifice Area (EOA)","30 day, 6 month, 1 year, 2 year",1.88,cm^2,486,MEAN,,True,2026-09-16T12:17:58Z
NCT01240902,Safety and Efficacy Study of the Medtronic CoreValve® System in the Treatment of Symptomatic Severe Aortic Stenosis in High Risk and Very High Risk Subjects Who Need Aortic Valve Replacement,Extreme Risk: TAVI Non-Iliofemoral,CoreValve US Pivotal (High/Very High Risk),Echocardiographic Assessment of Valve Performance,"Using the following measures:

\- Effective Orifice Area (EOA)","30 day, 6 month, 1 year, 2 year",1.85,cm^2,148,MEAN,,True,2026-09-16T12:17:58Z
NCT01240902,Safety and Efficacy Study of the Medtronic CoreValve® System in the Treatment of Symptomatic Severe Aortic Stenosis in High Risk and Very High Risk Subjects Who Need Aortic Valve Replacement,High Risk: TAVI,CoreValve US Pivotal (High/Very High Risk),Echocardiographic Assessment of Valve Performance,"Using the following measures:

\- Effective Orifice Area (EOA)","30 day, 6 month, 1 year, 2 year",1.91,cm^2,390,MEAN,,True,2026-09-16T12:17:58Z
NCT01240902,Safety and Efficacy Study of the Medtronic CoreValve® System in the Treatment of Symptomatic Severe Aortic Stenosis in High Risk and Very High Risk Subjects Who Need Aortic Valve Replacement,High Risk: SAVR,CoreValve US Pivotal (High/Very High Risk),Echocardiographic Assessment of Valve Performance,"Using the following measures:

\- Effective Orifice Area (EOA)","30 day, 6 month, 1 year, 2 year",1.57,cm^2,354,MEAN,,True,2026-09-16T12:17:58Z
NCT01240902,Safety and Efficacy Study of the Medtronic CoreValve® System in the Treatment of Symptomatic Severe Aortic Stenosis in High Risk and Very High Risk Subjects Who Need Aortic Valve Replacement,Extreme Risk: TAVI Iliofemoral,CoreValve US Pivotal (High/Very High Risk),Echocardiographic Assessment of Valve Performance,"Using the following measures:

\- Effective Orifice Area (EOA)","30 day, 6 month, 1 year, 2 year",1.86,cm^2,486,MEAN,,True,2026-09-16T12:17:58Z
NCT01240902,Safety and Efficacy Study of the Medtronic CoreValve® System in the Treatment of Symptomatic Severe Aortic Stenosis in High Risk and Very High Risk Subjects Who Need Aortic Valve Replacement,Extreme Risk: TAVI Non-Iliofemoral,CoreValve US Pivotal (High/Very High Risk),Echocardiographic Assessment of Valve Performance,"Using the following measures:

\- Effective Orifice Area (EOA)","30 day, 6 month, 1 year, 2 year",1.83,cm^2,148,MEAN,,True,2026-09-16T12:17:58Z
NCT01240902,Safety and Efficacy Study of the Medtronic CoreValve® System in the Treatment of Symptomatic Severe Aortic Stenosis in High Risk and Very High Risk Subjects Who Need Aortic Valve Replacement,High Risk: TAVI,CoreValve US Pivotal (High/Very High Risk),Echocardiographic Assessment of Valve Performance,"Using the following measures:

\- Effective Orifice Area (EOA)","30 day, 6 month, 1 year, 2 year",1.87,cm^2,390,MEAN,,True,2026-09-16T12:17:58Z
NCT01240902,Safety and Efficacy Study of the Medtronic CoreValve® System in the Treatment of Symptomatic Severe Aortic Stenosis in High Risk and Very High Risk Subjects Who Need Aortic Valve Replacement,High Risk: SAVR,CoreValve US Pivotal (High/Very High Risk),Echocardiographic Assessment of Valve Performance,"Using the following measures:

\- Effective Orifice Area (EOA)","30 day, 6 month, 1 year, 2 year",1.51,cm^2,354,MEAN,,True,2026-09-16T12:17:58Z
NCT01240902,Safety and Efficacy Study of the Medtronic CoreValve® System in the Treatment of Symptomatic Severe Aortic Stenosis in High Risk and Very High Risk Subjects Who Need Aortic Valve Replacement,Extreme Risk: TAVI Iliofemoral,CoreValve US Pivotal (High/Very High Risk),Echocardiographic Assessment of Valve Performance,"Using the following measures:

\- Transvalvular Mean Gradient","30 day, 6 month, 1 year, 2 year",8.68,mmHg,486,MEAN,,True,2026-09-16T12:17:58Z
NCT01240902,Safety and Efficacy Study of the Medtronic CoreValve® System in the Treatment of Symptomatic Severe Aortic Stenosis in High Risk and Very High Risk Subjects Who Need Aortic Valve Replacement,Extreme Risk: TAVI Non-Iliofemoral,CoreValve US Pivotal (High/Very High Risk),Echocardiographic Assessment of Valve Performance,"Using the following measures:

\- Transvalvular Mean Gradient","30 day, 6 month, 1 year, 2 year",9.74,mmHg,148,MEAN,,True,2026-09-16T12:17:58Z
NCT01240902,Safety and Efficacy Study of the Medtronic CoreValve® System in the Treatment of Symptomatic Severe Aortic Stenosis in High Risk and Very High Risk Subjects Who Need Aortic Valve Replacement,High Risk: TAVI,CoreValve US Pivotal (High/Very High Risk),Echocardiographic Assessment of Valve Performance,"Using the following measures:

\- Transvalvular Mean Gradient","30 day, 6 month, 1 year, 2 year",8.88,mmHg,390,MEAN,,True,2026-09-16T12:17:58Z
NCT01240902,Safety and Efficacy Study of the Medtronic CoreValve® System in the Treatment of Symptomatic Severe Aortic Stenosis in High Risk and Very High Risk Subjects Who Need Aortic Valve Replacement,High Risk: SAVR,CoreValve US Pivotal (High/Very High Risk),Echocardiographic Assessment of Valve Performance,"Using the following measures:

\- Transvalvular Mean Gradient","30 day, 6 month, 1 year, 2 year",11.72,mmHg,354,MEAN,,True,2026-09-16T12:17:58Z
NCT01240902,Safety and Efficacy Study of the Medtronic CoreValve® System in the Treatment of Symptomatic Severe Aortic Stenosis in High Risk and Very High Risk Subjects Who Need Aortic Valve Replacement,Extreme Risk: TAVI Iliofemoral,CoreValve US Pivotal (High/Very High Risk),Echocardiographic Assessment of Valve Performance,"Using the following measures:

\- Transvalvular Mean Gradient","30 day, 6 month, 1 year, 2 year",9.10,mmHg,486,MEAN,,True,2026-09-16T12:17:58Z
NCT01240902,Safety and Efficacy Study of the Medtronic CoreValve® System in the Treatment of Symptomatic Severe Aortic Stenosis in High Risk and Very High Risk Subjects Who Need Aortic Valve Replacement,Extreme Risk: TAVI Non-Iliofemoral,CoreValve US Pivotal (High/Very High Risk),Echocardiographic Assessment of Valve Performance,"Using the following measures:

\- Transvalvular Mean Gradient","30 day, 6 month, 1 year, 2 year",9.42,mmHg,148,MEAN,,True,2026-09-16T12:17:58Z
NCT01240902,Safety and Efficacy Study of the Medtronic CoreValve® System in the Treatment of Symptomatic Severe Aortic Stenosis in High Risk and Very High Risk Subjects Who Need Aortic Valve Replacement,High Risk: TAVI,CoreValve US Pivotal (High/Very High Risk),Echocardiographic Assessment of Valve Performance,"Using the following measures:

\- Transvalvular Mean Gradient","30 day, 6 month, 1 year, 2 year",9.08,mmHg,390,MEAN,,True,2026-09-16T12:17:58Z
NCT01240902,Safety and Efficacy Study of the Medtronic CoreValve® System in the Treatment of Symptomatic Severe Aortic Stenosis in High Risk and Very High Risk Subjects Who Need Aortic Valve Replacement,High Risk: SAVR,CoreValve US Pivotal (High/Very High Risk),Echocardiographic Assessment of Valve Performance,"Using the following measures:

\- Transvalvular Mean Gradient","30 day, 6 month, 1 year, 2 year",12.12,mmHg,354,MEAN,,True,2026-09-16T12:17:58Z
NCT01240902,Safety and Efficacy Study of the Medtronic CoreValve® System in the Treatment of Symptomatic Severe Aortic Stenosis in High Risk and Very High Risk Subjects Who Need Aortic Valve Replacement,Extreme Risk: TAVI Iliofemoral,CoreValve US Pivotal (High/Very High Risk),Echocardiographic Assessment of Valve Performance,"Using the following measures:

\- Transvalvular Mean Gradient","30 day, 6 month, 1 year, 2 year",8.86,mmHg,486,MEAN,,True,2026-09-16T12:17:58Z
NCT01240902,Safety and Efficacy Study of the Medtronic CoreValve® System in the Treatment of Symptomatic Severe Aortic Stenosis in High Risk and Very High Risk Subjects Who Need Aortic Valve Replacement,Extreme Risk: TAVI Non-Iliofemoral,CoreValve US Pivotal (High/Very High Risk),Echocardiographic Assessment of Valve Performance,"Using the following measures:

\- Transvalvular Mean Gradient","30 day, 6 month, 1 year, 2 year",9.46,mmHg,148,MEAN,,True,2026-09-16T12:17:58Z
NCT01240902,Safety and Efficacy Study of the Medtronic CoreValve® System in the Treatment of Symptomatic Severe Aortic Stenosis in High Risk and Very High Risk Subjects Who Need Aortic Valve Replacement,High Risk: TAVI,CoreValve US Pivotal (High/Very High Risk),Echocardiographic Assessment of Valve Performance,"Using the following measures:

\- Transvalvular Mean Gradient","30 day, 6 month, 1 year, 2 year",9.09,mmHg,390,MEAN,,True,2026-09-16T12:17:58Z
NCT01240902,Safety and Efficacy Study of the Medtronic CoreValve® System in the Treatment of Symptomatic Severe Aortic Stenosis in High Risk and Very High Risk Subjects Who Need Aortic Valve Replacement,High Risk: SAVR,CoreValve US Pivotal (High/Very High Risk),Echocardiographic Assessment of Valve Performance,"Using the following measures:

\- Transvalvular Mean Gradient","30 day, 6 month, 1 year, 2 year",12.44,mmHg,354,MEAN,,True,2026-09-16T12:17:58Z
NCT01240902,Safety and Efficacy Study of the Medtronic CoreValve® System in the Treatment of Symptomatic Severe Aortic Stenosis in High Risk and Very High Risk Subjects Who Need Aortic Valve Replacement,Extreme Risk: TAVI Iliofemoral,CoreValve US Pivotal (High/Very High Risk),Echocardiographic Assessment of Valve Performance,"Using the following measures:

\- Transvalvular Mean Gradient","30 day, 6 month, 1 year, 2 year",8.70,mmHg,486,MEAN,,True,2026-09-16T12:17:58Z
NCT01240902,Safety and Efficacy Study of the Medtronic CoreValve® System in the Treatment of Symptomatic Severe Aortic Stenosis in High Risk and Very High Risk Subjects Who Need Aortic Valve Replacement,Extreme Risk: TAVI Non-Iliofemoral,CoreValve US Pivotal (High/Very High Risk),Echocardiographic Assessment of Valve Performance,"Using the following measures:

\- Transvalvular Mean Gradient","30 day, 6 month, 1 year, 2 year",9.24,mmHg,148,MEAN,,True,2026-09-16T12:17:58Z
NCT01240902,Safety and Efficacy Study of the Medtronic CoreValve® System in the Treatment of Symptomatic Severe Aortic Stenosis in High Risk and Very High Risk Subjects Who Need Aortic Valve Replacement,High Risk: TAVI,CoreValve US Pivotal (High/Very High Risk),Echocardiographic Assessment of Valve Performance,"Using the following measures:

\- Transvalvular Mean Gradient","30 day, 6 month, 1 year, 2 year",8.47,mmHg,390,MEAN,,True,2026-09-16T12:17:58Z
NCT01240902,Safety and Efficacy Study of the Medtronic CoreValve® System in the Treatment of Symptomatic Severe Aortic Stenosis in High Risk and Very High Risk Subjects Who Need Aortic Valve Replacement,High Risk: SAVR,CoreValve US Pivotal (High/Very High Risk),Echocardiographic Assessment of Valve Performance,"Using the following measures:

\- Transvalvular Mean Gradient","30 day, 6 month, 1 year, 2 year",12.05,mmHg,354,MEAN,,True,2026-09-16T12:17:58Z
NCT01240902,Safety and Efficacy Study of the Medtronic CoreValve® System in the Treatment of Symptomatic Severe Aortic Stenosis in High Risk and Very High Risk Subjects Who Need Aortic Valve Replacement,Extreme Risk: TAVI Iliofemoral,CoreValve US Pivotal (High/Very High Risk),Echocardiographic Assessment of Valve Performance,"Using the following measure:

\- Degree of Aortic Valve Regurgitation (Transvalvular and Paravalvular)","30 day, 6 month, 1 year, 2 year",9.1,percentage of participants,486,NUMBER,,True,2026-09-16T12:17:58Z
NCT01240902,Safety and Efficacy Study of the Medtronic CoreValve® System in the Treatment of Symptomatic Severe Aortic Stenosis in High Risk and Very High Risk Subjects Who Need Aortic Valve Replacement,Extreme Risk: TAVI Non-Iliofemoral,CoreValve US Pivotal (High/Very High Risk),Echocardiographic Assessment of Valve Performance,"Using the following measure:

\- Degree of Aortic Valve Regurgitation (Transvalvular and Paravalvular)","30 day, 6 month, 1 year, 2 year",19.0,percentage of participants,148,NUMBER,,True,2026-09-16T12:17:58Z
NCT01240902,Safety and Efficacy Study of the Medtronic CoreValve® System in the Treatment of Symptomatic Severe Aortic Stenosis in High Risk and Very High Risk Subjects Who Need Aortic Valve Replacement,High Risk: TAVI,CoreValve US Pivotal (High/Very High Risk),Echocardiographic Assessment of Valve Performance,"Using the following measure:

\- Degree of Aortic Valve Regurgitation (Transvalvular and Paravalvular)","30 day, 6 month, 1 year, 2 year",12.2,percentage of participants,390,NUMBER,,True,2026-09-16T12:17:58Z
NCT01240902,Safety and Efficacy Study of the Medtronic CoreValve® System in the Treatment of Symptomatic Severe Aortic Stenosis in High Risk and Very High Risk Subjects Who Need Aortic Valve Replacement,High Risk: SAVR,CoreValve US Pivotal (High/Very High Risk),Echocardiographic Assessment of Valve Performance,"Using the following measure:

\- Degree of Aortic Valve Regurgitation (Transvalvular and Paravalvular)","30 day, 6 month, 1 year, 2 year",65.0,percentage of participants,354,NUMBER,,True,2026-09-16T12:17:58Z
NCT01240902,Safety and Efficacy Study of the Medtronic CoreValve® System in the Treatment of Symptomatic Severe Aortic Stenosis in High Risk and Very High Risk Subjects Who Need Aortic Valve Replacement,Extreme Risk: TAVI Iliofemoral,CoreValve US Pivotal (High/Very High Risk),Echocardiographic Assessment of Valve Performance,"Using the following measure:

\- Degree of Aortic Valve Regurgitation (Transvalvular and Paravalvular)","30 day, 6 month, 1 year, 2 year",32.7,percentage of participants,486,NUMBER,,True,2026-09-16T12:17:58Z
NCT01240902,Safety and Efficacy Study of the Medtronic CoreValve® System in the Treatment of Symptomatic Severe Aortic Stenosis in High Risk and Very High Risk Subjects Who Need Aortic Valve Replacement,Extreme Risk: TAVI Non-Iliofemoral,CoreValve US Pivotal (High/Very High Risk),Echocardiographic Assessment of Valve Performance,"Using the following measure:

\- Degree of Aortic Valve Regurgitation (Transvalvular and Paravalvular)","30 day, 6 month, 1 year, 2 year",33.9,percentage of participants,148,NUMBER,,True,2026-09-16T12:17:58Z
NCT01240902,Safety and Efficacy Study of the Medtronic CoreValve® System in the Treatment of Symptomatic Severe Aortic Stenosis in High Risk and Very High Risk Subjects Who Need Aortic Valve Replacement,High Risk: TAVI,CoreValve US Pivotal (High/Very High Risk),Echocardiographic Assessment of Valve Performance,"Using the following measure:

\- Degree of Aortic Valve Regurgitation (Transvalvular and Paravalvular)","30 day, 6 month, 1 year, 2 year",41.4,percentage of participants,390,NUMBER,,True,2026-09-16T12:17:58Z
NCT01240902,Safety and Efficacy Study of the Medtronic CoreValve® System in the Treatment of Symptomatic Severe Aortic Stenosis in High Risk and Very High Risk Subjects Who Need Aortic Valve Replacement,High Risk: SAVR,CoreValve US Pivotal (High/Very High Risk),Echocardiographic Assessment of Valve Performance,"Using the following measure:

\- Degree of Aortic Valve Regurgitation (Transvalvular and Paravalvular)","30 day, 6 month, 1 year, 2 year",23.0,percentage of participants,354,NUMBER,,True,2026-09-16T12:17:58Z
NCT01240902,Safety and Efficacy Study of the Medtronic CoreValve® System in the Treatment of Symptomatic Severe Aortic Stenosis in High Risk and Very High Risk Subjects Who Need Aortic Valve Replacement,Extreme Risk: TAVI Iliofemoral,CoreValve US Pivotal (High/Very High Risk),Echocardiographic Assessment of Valve Performance,"Using the following measure:

\- Degree of Aortic Valve Regurgitation (Transvalvular and Paravalvular)","30 day, 6 month, 1 year, 2 year",43.0,percentage of participants,486,NUMBER,,True,2026-09-16T12:17:58Z
NCT01240902,Safety and Efficacy Study of the Medtronic CoreValve® System in the Treatment of Symptomatic Severe Aortic Stenosis in High Risk and Very High Risk Subjects Who Need Aortic Valve Replacement,Extreme Risk: TAVI Non-Iliofemoral,CoreValve US Pivotal (High/Very High Risk),Echocardiographic Assessment of Valve Performance,"Using the following measure:

\- Degree of Aortic Valve Regurgitation (Transvalvular and Paravalvular)","30 day, 6 month, 1 year, 2 year",34.7,percentage of participants,148,NUMBER,,True,2026-09-16T12:17:58Z
NCT01240902,Safety and Efficacy Study of the Medtronic CoreValve® System in the Treatment of Symptomatic Severe Aortic Stenosis in High Risk and Very High Risk Subjects Who Need Aortic Valve Replacement,High Risk: TAVI,CoreValve US Pivotal (High/Very High Risk),Echocardiographic Assessment of Valve Performance,"Using the following measure:

\- Degree of Aortic Valve Regurgitation (Transvalvular and Paravalvular)","30 day, 6 month, 1 year, 2 year",36.4,percentage of participants,390,NUMBER,,True,2026-09-16T12:17:58Z
NCT01240902,Safety and Efficacy Study of the Medtronic CoreValve® System in the Treatment of Symptomatic Severe Aortic Stenosis in High Risk and Very High Risk Subjects Who Need Aortic Valve Replacement,High Risk: SAVR,CoreValve US Pivotal (High/Very High Risk),Echocardiographic Assessment of Valve Performance,"Using the following measure:

\- Degree of Aortic Valve Regurgitation (Transvalvular and Paravalvular)","30 day, 6 month, 1 year, 2 year",10.7,percentage of participants,354,NUMBER,,True,2026-09-16T12:17:58Z
NCT01240902,Safety and Efficacy Study of the Medtronic CoreValve® System in the Treatment of Symptomatic Severe Aortic Stenosis in High Risk and Very High Risk Subjects Who Need Aortic Valve Replacement,Extreme Risk: TAVI Iliofemoral,CoreValve US Pivotal (High/Very High Risk),Echocardiographic Assessment of Valve Performance,"Using the following measure:

\- Degree of Aortic Valve Regurgitation (Transvalvular and Paravalvular)","30 day, 6 month, 1 year, 2 year",14.1,percentage of participants,486,NUMBER,,True,2026-09-16T12:17:58Z
NCT01240902,Safety and Efficacy Study of the Medtronic CoreValve® System in the Treatment of Symptomatic Severe Aortic Stenosis in High Risk and Very High Risk Subjects Who Need Aortic Valve Replacement,Extreme Risk: TAVI Non-Iliofemoral,CoreValve US Pivotal (High/Very High Risk),Echocardiographic Assessment of Valve Performance,"Using the following measure:

\- Degree of Aortic Valve Regurgitation (Transvalvular and Paravalvular)","30 day, 6 month, 1 year, 2 year",10.7,percentage of participants,148,NUMBER,,True,2026-09-16T12:17:58Z
NCT01240902,Safety and Efficacy Study of the Medtronic CoreValve® System in the Treatment of Symptomatic Severe Aortic Stenosis in High Risk and Very High Risk Subjects Who Need Aortic Valve Replacement,High Risk: TAVI,CoreValve US Pivotal (High/Very High Risk),Echocardiographic Assessment of Valve Performance,"Using the following measure:

\- Degree of Aortic Valve Regurgitation (Transvalvular and Paravalvular)","30 day, 6 month, 1 year, 2 year",8.1,percentage of participants,390,NUMBER,,True,2026-09-16T12:17:58Z
NCT01240902,Safety and Efficacy Study of the Medtronic CoreValve® System in the Treatment of Symptomatic Severe Aortic Stenosis in High Risk and Very High Risk Subjects Who Need Aortic Valve Replacement,High Risk: SAVR,CoreValve US Pivotal (High/Very High Risk),Echocardiographic Assessment of Valve Performance,"Using the following measure:

\- Degree of Aortic Valve Regurgitation (Transvalvular and Paravalvular)","30 day, 6 month, 1 year, 2 year",1.3,percentage of participants,354,NUMBER,,True,2026-09-16T12:17:58Z
NCT01240902,Safety and Efficacy Study of the Medtronic CoreValve® System in the Treatment of Symptomatic Severe Aortic Stenosis in High Risk and Very High Risk Subjects Who Need Aortic Valve Replacement,Extreme Risk: TAVI Iliofemoral,CoreValve US Pivotal (High/Very High Risk),Echocardiographic Assessment of Valve Performance,"Using the following measure:

\- Degree of Aortic Valve Regurgitation (Transvalvular and Paravalvular)","30 day, 6 month, 1 year, 2 year",1.2,percentage of participants,486,NUMBER,,True,2026-09-16T12:17:58Z
NCT01240902,Safety and Efficacy Study of the Medtronic CoreValve® System in the Treatment of Symptomatic Severe Aortic Stenosis in High Risk and Very High Risk Subjects Who Need Aortic Valve Replacement,Extreme Risk: TAVI Non-Iliofemoral,CoreValve US Pivotal (High/Very High Risk),Echocardiographic Assessment of Valve Performance,"Using the following measure:

\- Degree of Aortic Valve Regurgitation (Transvalvular and Paravalvular)","30 day, 6 month, 1 year, 2 year",1.7,percentage of participants,148,NUMBER,,True,2026-09-16T12:17:58Z
NCT01240902,Safety and Efficacy Study of the Medtronic CoreValve® System in the Treatment of Symptomatic Severe Aortic Stenosis in High Risk and Very High Risk Subjects Who Need Aortic Valve Replacement,High Risk: TAVI,CoreValve US Pivotal (High/Very High Risk),Echocardiographic Assessment of Valve Performance,"Using the following measure:

\- Degree of Aortic Valve Regurgitation (Transvalvular and Paravalvular)","30 day, 6 month, 1 year, 2 year",1.9,percentage of participants,390,NUMBER,,True,2026-09-16T12:17:58Z
NCT01240902,Safety and Efficacy Study of the Medtronic CoreValve® System in the Treatment of Symptomatic Severe Aortic Stenosis in High Risk and Very High Risk Subjects Who Need Aortic Valve Replacement,High Risk: SAVR,CoreValve US Pivotal (High/Very High Risk),Echocardiographic Assessment of Valve Performance,"Using the following measure:

\- Degree of Aortic Valve Regurgitation (Transvalvular and Paravalvular)","30 day, 6 month, 1 year, 2 year",0.0,percentage of participants,354,NUMBER,,True,2026-09-16T12:17:58Z
NCT01240902,Safety and Efficacy Study of the Medtronic CoreValve® System in the Treatment of Symptomatic Severe Aortic Stenosis in High Risk and Very High Risk Subjects Who Need Aortic Valve Replacement,Extreme Risk: TAVI Iliofemoral,CoreValve US Pivotal (High/Very High Risk),Echocardiographic Assessment of Valve Performance,"Using the following measure:

\- Degree of Aortic Valve Regurgitation (Transvalvular and Paravalvular)","30 day, 6 month, 1 year, 2 year",19.9,percentage of participants,486,NUMBER,,True,2026-09-16T12:17:58Z
NCT01240902,Safety and Efficacy Study of the Medtronic CoreValve® System in the Treatment of Symptomatic Severe Aortic Stenosis in High Risk and Very High Risk Subjects Who Need Aortic Valve Replacement,Extreme Risk: TAVI Non-Iliofemoral,CoreValve US Pivotal (High/Very High Risk),Echocardiographic Assessment of Valve Performance,"Using the following measure:

\- Degree of Aortic Valve Regurgitation (Transvalvular and Paravalvular)","30 day, 6 month, 1 year, 2 year",33.3,percentage of participants,148,NUMBER,,True,2026-09-16T12:17:58Z
NCT01240902,Safety and Efficacy Study of the Medtronic CoreValve® System in the Treatment of Symptomatic Severe Aortic Stenosis in High Risk and Very High Risk Subjects Who Need Aortic Valve Replacement,High Risk: TAVI,CoreValve US Pivotal (High/Very High Risk),Echocardiographic Assessment of Valve Performance,"Using the following measure:

\- Degree of Aortic Valve Regurgitation (Transvalvular and Paravalvular)","30 day, 6 month, 1 year, 2 year",21.6,percentage of participants,390,NUMBER,,True,2026-09-16T12:17:58Z
NCT01240902,Safety and Efficacy Study of the Medtronic CoreValve® System in the Treatment of Symptomatic Severe Aortic Stenosis in High Risk and Very High Risk Subjects Who Need Aortic Valve Replacement,High Risk: SAVR,CoreValve US Pivotal (High/Very High Risk),Echocardiographic Assessment of Valve Performance,"Using the following measure:

\- Degree of Aortic Valve Regurgitation (Transvalvular and Paravalvular)","30 day, 6 month, 1 year, 2 year",60.6,percentage of participants,354,NUMBER,,True,2026-09-16T12:17:58Z
NCT01240902,Safety and Efficacy Study of the Medtronic CoreValve® System in the Treatment of Symptomatic Severe Aortic Stenosis in High Risk and Very High Risk Subjects Who Need Aortic Valve Replacement,Extreme Risk: TAVI Iliofemoral,CoreValve US Pivotal (High/Very High Risk),Echocardiographic Assessment of Valve Performance,"Using the following measure:

\- Degree of Aortic Valve Regurgitation (Transvalvular and Paravalvular)","30 day, 6 month, 1 year, 2 year",33.5,percentage of participants,486,NUMBER,,True,2026-09-16T12:17:58Z
NCT01240902,Safety and Efficacy Study of the Medtronic CoreValve® System in the Treatment of Symptomatic Severe Aortic Stenosis in High Risk and Very High Risk Subjects Who Need Aortic Valve Replacement,Extreme Risk: TAVI Non-Iliofemoral,CoreValve US Pivotal (High/Very High Risk),Echocardiographic Assessment of Valve Performance,"Using the following measure:

\- Degree of Aortic Valve Regurgitation (Transvalvular and Paravalvular)","30 day, 6 month, 1 year, 2 year",27.1,percentage of participants,148,NUMBER,,True,2026-09-16T12:17:58Z
NCT01240902,Safety and Efficacy Study of the Medtronic CoreValve® System in the Treatment of Symptomatic Severe Aortic Stenosis in High Risk and Very High Risk Subjects Who Need Aortic Valve Replacement,High Risk: TAVI,CoreValve US Pivotal (High/Very High Risk),Echocardiographic Assessment of Valve Performance,"Using the following measure:

\- Degree of Aortic Valve Regurgitation (Transvalvular and Paravalvular)","30 day, 6 month, 1 year, 2 year",37.2,percentage of participants,390,NUMBER,,True,2026-09-16T12:17:58Z
NCT01240902,Safety and Efficacy Study of the Medtronic CoreValve® System in the Treatment of Symptomatic Severe Aortic Stenosis in High Risk and Very High Risk Subjects Who Need Aortic Valve Replacement,High Risk: SAVR,CoreValve US Pivotal (High/Very High Risk),Echocardiographic Assessment of Valve Performance,"Using the following measure:

\- Degree of Aortic Valve Regurgitation (Transvalvular and Paravalvular)","30 day, 6 month, 1 year, 2 year",28.0,percentage of participants,354,NUMBER,,True,2026-09-16T12:17:58Z
NCT01240902,Safety and Efficacy Study of the Medtronic CoreValve® System in the Treatment of Symptomatic Severe Aortic Stenosis in High Risk and Very High Risk Subjects Who Need Aortic Valve Replacement,Extreme Risk: TAVI Iliofemoral,CoreValve US Pivotal (High/Very High Risk),Echocardiographic Assessment of Valve Performance,"Using the following measure:

\- Degree of Aortic Valve Regurgitation (Transvalvular and Paravalvular)","30 day, 6 month, 1 year, 2 year",36.5,percentage of participants,486,NUMBER,,True,2026-09-16T12:17:58Z
NCT01240902,Safety and Efficacy Study of the Medtronic CoreValve® System in the Treatment of Symptomatic Severe Aortic Stenosis in High Risk and Very High Risk Subjects Who Need Aortic Valve Replacement,Extreme Risk: TAVI Non-Iliofemoral,CoreValve US Pivotal (High/Very High Risk),Echocardiographic Assessment of Valve Performance,"Using the following measure:

\- Degree of Aortic Valve Regurgitation (Transvalvular and Paravalvular)","30 day, 6 month, 1 year, 2 year",35.4,percentage of participants,148,NUMBER,,True,2026-09-16T12:17:58Z
NCT01240902,Safety and Efficacy Study of the Medtronic CoreValve® System in the Treatment of Symptomatic Severe Aortic Stenosis in High Risk and Very High Risk Subjects Who Need Aortic Valve Replacement,High Risk: TAVI,CoreValve US Pivotal (High/Very High Risk),Echocardiographic Assessment of Valve Performance,"Using the following measure:

\- Degree of Aortic Valve Regurgitation (Transvalvular and Paravalvular)","30 day, 6 month, 1 year, 2 year",29.7,percentage of participants,390,NUMBER,,True,2026-09-16T12:17:58Z
NCT01240902,Safety and Efficacy Study of the Medtronic CoreValve® System in the Treatment of Symptomatic Severe Aortic Stenosis in High Risk and Very High Risk Subjects Who Need Aortic Valve Replacement,High Risk: SAVR,CoreValve US Pivotal (High/Very High Risk),Echocardiographic Assessment of Valve Performance,"Using the following measure:

\- Degree of Aortic Valve Regurgitation (Transvalvular and Paravalvular)","30 day, 6 month, 1 year, 2 year",9.8,percentage of participants,354,NUMBER,,True,2026-09-16T12:17:58Z
NCT01240902,Safety and Efficacy Study of the Medtronic CoreValve® System in the Treatment of Symptomatic Severe Aortic Stenosis in High Risk and Very High Risk Subjects Who Need Aortic Valve Replacement,Extreme Risk: TAVI Iliofemoral,CoreValve US Pivotal (High/Very High Risk),Echocardiographic Assessment of Valve Performance,"Using the following measure:

\- Degree of Aortic Valve Regurgitation (Transvalvular and Paravalvular)","30 day, 6 month, 1 year, 2 year",9.8,percentage of participants,486,NUMBER,,True,2026-09-16T12:17:58Z
NCT01240902,Safety and Efficacy Study of the Medtronic CoreValve® System in the Treatment of Symptomatic Severe Aortic Stenosis in High Risk and Very High Risk Subjects Who Need Aortic Valve Replacement,Extreme Risk: TAVI Non-Iliofemoral,CoreValve US Pivotal (High/Very High Risk),Echocardiographic Assessment of Valve Performance,"Using the following measure:

\- Degree of Aortic Valve Regurgitation (Transvalvular and Paravalvular)","30 day, 6 month, 1 year, 2 year",4.2,percentage of participants,148,NUMBER,,True,2026-09-16T12:17:58Z
NCT01240902,Safety and Efficacy Study of the Medtronic CoreValve® System in the Treatment of Symptomatic Severe Aortic Stenosis in High Risk and Very High Risk Subjects Who Need Aortic Valve Replacement,High Risk: TAVI,CoreValve US Pivotal (High/Very High Risk),Echocardiographic Assessment of Valve Performance,"Using the following measure:

\- Degree of Aortic Valve Regurgitation (Transvalvular and Paravalvular)","30 day, 6 month, 1 year, 2 year",10.0,percentage of participants,390,NUMBER,,True,2026-09-16T12:17:58Z
NCT01240902,Safety and Efficacy Study of the Medtronic CoreValve® System in the Treatment of Symptomatic Severe Aortic Stenosis in High Risk and Very High Risk Subjects Who Need Aortic Valve Replacement,High Risk: SAVR,CoreValve US Pivotal (High/Very High Risk),Echocardiographic Assessment of Valve Performance,"Using the following measure:

\- Degree of Aortic Valve Regurgitation (Transvalvular and Paravalvular)","30 day, 6 month, 1 year, 2 year",1.6,percentage of participants,354,NUMBER,,True,2026-09-16T12:17:58Z
NCT01240902,Safety and Efficacy Study of the Medtronic CoreValve® System in the Treatment of Symptomatic Severe Aortic Stenosis in High Risk and Very High Risk Subjects Who Need Aortic Valve Replacement,Extreme Risk: TAVI Iliofemoral,CoreValve US Pivotal (High/Very High Risk),Echocardiographic Assessment of Valve Performance,"Using the following measure:

\- Degree of Aortic Valve Regurgitation (Transvalvular and Paravalvular)","30 day, 6 month, 1 year, 2 year",0.3,percentage of participants,486,NUMBER,,True,2026-09-16T12:17:58Z
NCT01240902,Safety and Efficacy Study of the Medtronic CoreValve® System in the Treatment of Symptomatic Severe Aortic Stenosis in High Risk and Very High Risk Subjects Who Need Aortic Valve Replacement,Extreme Risk: TAVI Non-Iliofemoral,CoreValve US Pivotal (High/Very High Risk),Echocardiographic Assessment of Valve Performance,"Using the following measure:

\- Degree of Aortic Valve Regurgitation (Transvalvular and Paravalvular)","30 day, 6 month, 1 year, 2 year",0.0,percentage of participants,148,NUMBER,,True,2026-09-16T12:17:58Z
NCT01240902,Safety and Efficacy Study of the Medtronic CoreValve® System in the Treatment of Symptomatic Severe Aortic Stenosis in High Risk and Very High Risk Subjects Who Need Aortic Valve Replacement,High Risk: TAVI,CoreValve US Pivotal (High/Very High Risk),Echocardiographic Assessment of Valve Performance,"Using the following measure:

\- Degree of Aortic Valve Regurgitation (Transvalvular and Paravalvular)","30 day, 6 month, 1 year, 2 year",1.6,percentage of participants,390,NUMBER,,True,2026-09-16T12:17:58Z
NCT01240902,Safety and Efficacy Study of the Medtronic CoreValve® System in the Treatment of Symptomatic Severe Aortic Stenosis in High Risk and Very High Risk Subjects Who Need Aortic Valve Replacement,High Risk: SAVR,CoreValve US Pivotal (High/Very High Risk),Echocardiographic Assessment of Valve Performance,"Using the following measure:

\- Degree of Aortic Valve Regurgitation (Transvalvular and Paravalvular)","30 day, 6 month, 1 year, 2 year",0.0,percentage of participants,354,NUMBER,,True,2026-09-16T12:17:58Z
NCT01240902,Safety and Efficacy Study of the Medtronic CoreValve® System in the Treatment of Symptomatic Severe Aortic Stenosis in High Risk and Very High Risk Subjects Who Need Aortic Valve Replacement,Extreme Risk: TAVI Iliofemoral,CoreValve US Pivotal (High/Very High Risk),Echocardiographic Assessment of Valve Performance,"Using the following measure:

\- Degree of Aortic Valve Regurgitation (Transvalvular and Paravalvular)","30 day, 6 month, 1 year, 2 year",21.5,percentage of participants,486,NUMBER,,True,2026-09-16T12:17:58Z
NCT01240902,Safety and Efficacy Study of the Medtronic CoreValve® System in the Treatment of Symptomatic Severe Aortic Stenosis in High Risk and Very High Risk Subjects Who Need Aortic Valve Replacement,Extreme Risk: TAVI Non-Iliofemoral,CoreValve US Pivotal (High/Very High Risk),Echocardiographic Assessment of Valve Performance,"Using the following measure:

\- Degree of Aortic Valve Regurgitation (Transvalvular and Paravalvular)","30 day, 6 month, 1 year, 2 year",39.0,percentage of participants,148,NUMBER,,True,2026-09-16T12:17:58Z
NCT01240902,Safety and Efficacy Study of the Medtronic CoreValve® System in the Treatment of Symptomatic Severe Aortic Stenosis in High Risk and Very High Risk Subjects Who Need Aortic Valve Replacement,High Risk: TAVI,CoreValve US Pivotal (High/Very High Risk),Echocardiographic Assessment of Valve Performance,"Using the following measure:

\- Degree of Aortic Valve Regurgitation (Transvalvular and Paravalvular)","30 day, 6 month, 1 year, 2 year",28.3,percentage of participants,390,NUMBER,,True,2026-09-16T12:17:58Z
NCT01240902,Safety and Efficacy Study of the Medtronic CoreValve® System in the Treatment of Symptomatic Severe Aortic Stenosis in High Risk and Very High Risk Subjects Who Need Aortic Valve Replacement,High Risk: SAVR,CoreValve US Pivotal (High/Very High Risk),Echocardiographic Assessment of Valve Performance,"Using the following measure:

\- Degree of Aortic Valve Regurgitation (Transvalvular and Paravalvular)","30 day, 6 month, 1 year, 2 year",68.1,percentage of participants,354,NUMBER,,True,2026-09-16T12:17:58Z
NCT01240902,Safety and Efficacy Study of the Medtronic CoreValve® System in the Treatment of Symptomatic Severe Aortic Stenosis in High Risk and Very High Risk Subjects Who Need Aortic Valve Replacement,Extreme Risk: TAVI Iliofemoral,CoreValve US Pivotal (High/Very High Risk),Echocardiographic Assessment of Valve Performance,"Using the following measure:

\- Degree of Aortic Valve Regurgitation (Transvalvular and Paravalvular)","30 day, 6 month, 1 year, 2 year",40.6,percentage of participants,486,NUMBER,,True,2026-09-16T12:17:58Z
NCT01240902,Safety and Efficacy Study of the Medtronic CoreValve® System in the Treatment of Symptomatic Severe Aortic Stenosis in High Risk and Very High Risk Subjects Who Need Aortic Valve Replacement,Extreme Risk: TAVI Non-Iliofemoral,CoreValve US Pivotal (High/Very High Risk),Echocardiographic Assessment of Valve Performance,"Using the following measure:

\- Degree of Aortic Valve Regurgitation (Transvalvular and Paravalvular)","30 day, 6 month, 1 year, 2 year",36.6,percentage of participants,148,NUMBER,,True,2026-09-16T12:17:58Z
NCT01240902,Safety and Efficacy Study of the Medtronic CoreValve® System in the Treatment of Symptomatic Severe Aortic Stenosis in High Risk and Very High Risk Subjects Who Need Aortic Valve Replacement,High Risk: TAVI,CoreValve US Pivotal (High/Very High Risk),Echocardiographic Assessment of Valve Performance,"Using the following measure:

\- Degree of Aortic Valve Regurgitation (Transvalvular and Paravalvular)","30 day, 6 month, 1 year, 2 year",35.7,percentage of participants,390,NUMBER,,True,2026-09-16T12:17:58Z
NCT01240902,Safety and Efficacy Study of the Medtronic CoreValve® System in the Treatment of Symptomatic Severe Aortic Stenosis in High Risk and Very High Risk Subjects Who Need Aortic Valve Replacement,High Risk: SAVR,CoreValve US Pivotal (High/Very High Risk),Echocardiographic Assessment of Valve Performance,"Using the following measure:

\- Degree of Aortic Valve Regurgitation (Transvalvular and Paravalvular)","30 day, 6 month, 1 year, 2 year",21.7,percentage of participants,354,NUMBER,,True,2026-09-16T12:17:58Z
NCT01240902,Safety and Efficacy Study of the Medtronic CoreValve® System in the Treatment of Symptomatic Severe Aortic Stenosis in High Risk and Very High Risk Subjects Who Need Aortic Valve Replacement,Extreme Risk: TAVI Iliofemoral,CoreValve US Pivotal (High/Very High Risk),Echocardiographic Assessment of Valve Performance,"Using the following measure:

\- Degree of Aortic Valve Regurgitation (Transvalvular and Paravalvular)","30 day, 6 month, 1 year, 2 year",31.5,percentage of participants,486,NUMBER,,True,2026-09-16T12:17:58Z
NCT01240902,Safety and Efficacy Study of the Medtronic CoreValve® System in the Treatment of Symptomatic Severe Aortic Stenosis in High Risk and Very High Risk Subjects Who Need Aortic Valve Replacement,Extreme Risk: TAVI Non-Iliofemoral,CoreValve US Pivotal (High/Very High Risk),Echocardiographic Assessment of Valve Performance,"Using the following measure:

\- Degree of Aortic Valve Regurgitation (Transvalvular and Paravalvular)","30 day, 6 month, 1 year, 2 year",20.7,percentage of participants,148,NUMBER,,True,2026-09-16T12:17:58Z
NCT01240902,Safety and Efficacy Study of the Medtronic CoreValve® System in the Treatment of Symptomatic Severe Aortic Stenosis in High Risk and Very High Risk Subjects Who Need Aortic Valve Replacement,High Risk: TAVI,CoreValve US Pivotal (High/Very High Risk),Echocardiographic Assessment of Valve Performance,"Using the following measure:

\- Degree of Aortic Valve Regurgitation (Transvalvular and Paravalvular)","30 day, 6 month, 1 year, 2 year",29.0,percentage of participants,390,NUMBER,,True,2026-09-16T12:17:58Z
NCT01240902,Safety and Efficacy Study of the Medtronic CoreValve® System in the Treatment of Symptomatic Severe Aortic Stenosis in High Risk and Very High Risk Subjects Who Need Aortic Valve Replacement,High Risk: SAVR,CoreValve US Pivotal (High/Very High Risk),Echocardiographic Assessment of Valve Performance,"Using the following measure:

\- Degree of Aortic Valve Regurgitation (Transvalvular and Paravalvular)","30 day, 6 month, 1 year, 2 year",8.8,percentage of participants,354,NUMBER,,True,2026-09-16T12:17:58Z
NCT01240902,Safety and Efficacy Study of the Medtronic CoreValve® System in the Treatment of Symptomatic Severe Aortic Stenosis in High Risk and Very High Risk Subjects Who Need Aortic Valve Replacement,Extreme Risk: TAVI Iliofemoral,CoreValve US Pivotal (High/Very High Risk),Echocardiographic Assessment of Valve Performance,"Using the following measure:

\- Degree of Aortic Valve Regurgitation (Transvalvular and Paravalvular)","30 day, 6 month, 1 year, 2 year",6.4,percentage of participants,486,NUMBER,,True,2026-09-16T12:17:58Z
NCT01240902,Safety and Efficacy Study of the Medtronic CoreValve® System in the Treatment of Symptomatic Severe Aortic Stenosis in High Risk and Very High Risk Subjects Who Need Aortic Valve Replacement,Extreme Risk: TAVI Non-Iliofemoral,CoreValve US Pivotal (High/Very High Risk),Echocardiographic Assessment of Valve Performance,"Using the following measure:

\- Degree of Aortic Valve Regurgitation (Transvalvular and Paravalvular)","30 day, 6 month, 1 year, 2 year",2.4,percentage of participants,148,NUMBER,,True,2026-09-16T12:17:58Z
NCT01240902,Safety and Efficacy Study of the Medtronic CoreValve® System in the Treatment of Symptomatic Severe Aortic Stenosis in High Risk and Very High Risk Subjects Who Need Aortic Valve Replacement,High Risk: TAVI,CoreValve US Pivotal (High/Very High Risk),Echocardiographic Assessment of Valve Performance,"Using the following measure:

\- Degree of Aortic Valve Regurgitation (Transvalvular and Paravalvular)","30 day, 6 month, 1 year, 2 year",6.7,percentage of participants,390,NUMBER,,True,2026-09-16T12:17:58Z
NCT01240902,Safety and Efficacy Study of the Medtronic CoreValve® System in the Treatment of Symptomatic Severe Aortic Stenosis in High Risk and Very High Risk Subjects Who Need Aortic Valve Replacement,High Risk: SAVR,CoreValve US Pivotal (High/Very High Risk),Echocardiographic Assessment of Valve Performance,"Using the following measure:

\- Degree of Aortic Valve Regurgitation (Transvalvular and Paravalvular)","30 day, 6 month, 1 year, 2 year",0.9,percentage of participants,354,NUMBER,,True,2026-09-16T12:17:58Z
NCT01240902,Safety and Efficacy Study of the Medtronic CoreValve® System in the Treatment of Symptomatic Severe Aortic Stenosis in High Risk and Very High Risk Subjects Who Need Aortic Valve Replacement,Extreme Risk: TAVI Iliofemoral,CoreValve US Pivotal (High/Very High Risk),Echocardiographic Assessment of Valve Performance,"Using the following measure:

\- Degree of Aortic Valve Regurgitation (Transvalvular and Paravalvular)","30 day, 6 month, 1 year, 2 year",0.0,percentage of participants,486,NUMBER,,True,2026-09-16T12:17:58Z
NCT01240902,Safety and Efficacy Study of the Medtronic CoreValve® System in the Treatment of Symptomatic Severe Aortic Stenosis in High Risk and Very High Risk Subjects Who Need Aortic Valve Replacement,Extreme Risk: TAVI Non-Iliofemoral,CoreValve US Pivotal (High/Very High Risk),Echocardiographic Assessment of Valve Performance,"Using the following measure:

\- Degree of Aortic Valve Regurgitation (Transvalvular and Paravalvular)","30 day, 6 month, 1 year, 2 year",1.2,percentage of participants,148,NUMBER,,True,2026-09-16T12:17:58Z
NCT01240902,Safety and Efficacy Study of the Medtronic CoreValve® System in the Treatment of Symptomatic Severe Aortic Stenosis in High Risk and Very High Risk Subjects Who Need Aortic Valve Replacement,High Risk: TAVI,CoreValve US Pivotal (High/Very High Risk),Echocardiographic Assessment of Valve Performance,"Using the following measure:

\- Degree of Aortic Valve Regurgitation (Transvalvular and Paravalvular)","30 day, 6 month, 1 year, 2 year",0.3,percentage of participants,390,NUMBER,,True,2026-09-16T12:17:58Z
NCT01240902,Safety and Efficacy Study of the Medtronic CoreValve® System in the Treatment of Symptomatic Severe Aortic Stenosis in High Risk and Very High Risk Subjects Who Need Aortic Valve Replacement,High Risk: SAVR,CoreValve US Pivotal (High/Very High Risk),Echocardiographic Assessment of Valve Performance,"Using the following measure:

\- Degree of Aortic Valve Regurgitation (Transvalvular and Paravalvular)","30 day, 6 month, 1 year, 2 year",0.4,percentage of participants,354,NUMBER,,True,2026-09-16T12:17:58Z
NCT01240902,Safety and Efficacy Study of the Medtronic CoreValve® System in the Treatment of Symptomatic Severe Aortic Stenosis in High Risk and Very High Risk Subjects Who Need Aortic Valve Replacement,Extreme Risk: TAVI Iliofemoral,CoreValve US Pivotal (High/Very High Risk),Echocardiographic Assessment of Valve Performance,"Using the following measure:

\- Degree of Aortic Valve Regurgitation (Transvalvular and Paravalvular)","30 day, 6 month, 1 year, 2 year",31.0,percentage of participants,486,NUMBER,,True,2026-09-16T12:17:58Z
NCT01240902,Safety and Efficacy Study of the Medtronic CoreValve® System in the Treatment of Symptomatic Severe Aortic Stenosis in High Risk and Very High Risk Subjects Who Need Aortic Valve Replacement,Extreme Risk: TAVI Non-Iliofemoral,CoreValve US Pivotal (High/Very High Risk),Echocardiographic Assessment of Valve Performance,"Using the following measure:

\- Degree of Aortic Valve Regurgitation (Transvalvular and Paravalvular)","30 day, 6 month, 1 year, 2 year",35.3,percentage of participants,148,NUMBER,,True,2026-09-16T12:17:58Z
NCT01240902,Safety and Efficacy Study of the Medtronic CoreValve® System in the Treatment of Symptomatic Severe Aortic Stenosis in High Risk and Very High Risk Subjects Who Need Aortic Valve Replacement,High Risk: TAVI,CoreValve US Pivotal (High/Very High Risk),Echocardiographic Assessment of Valve Performance,"Using the following measure:

\- Degree of Aortic Valve Regurgitation (Transvalvular and Paravalvular)","30 day, 6 month, 1 year, 2 year",32.8,percentage of participants,390,NUMBER,,True,2026-09-16T12:17:58Z
NCT01240902,Safety and Efficacy Study of the Medtronic CoreValve® System in the Treatment of Symptomatic Severe Aortic Stenosis in High Risk and Very High Risk Subjects Who Need Aortic Valve Replacement,High Risk: SAVR,CoreValve US Pivotal (High/Very High Risk),Echocardiographic Assessment of Valve Performance,"Using the following measure:

\- Degree of Aortic Valve Regurgitation (Transvalvular and Paravalvular)","30 day, 6 month, 1 year, 2 year",58.5,percentage of participants,354,NUMBER,,True,2026-09-16T12:17:58Z
NCT01240902,Safety and Efficacy Study of the Medtronic CoreValve® System in the Treatment of Symptomatic Severe Aortic Stenosis in High Risk and Very High Risk Subjects Who Need Aortic Valve Replacement,Extreme Risk: TAVI Iliofemoral,CoreValve US Pivotal (High/Very High Risk),Echocardiographic Assessment of Valve Performance,"Using the following measure:

\- Degree of Aortic Valve Regurgitation (Transvalvular and Paravalvular)","30 day, 6 month, 1 year, 2 year",26.3,percentage of participants,486,NUMBER,,True,2026-09-16T12:17:58Z
NCT01240902,Safety and Efficacy Study of the Medtronic CoreValve® System in the Treatment of Symptomatic Severe Aortic Stenosis in High Risk and Very High Risk Subjects Who Need Aortic Valve Replacement,Extreme Risk: TAVI Non-Iliofemoral,CoreValve US Pivotal (High/Very High Risk),Echocardiographic Assessment of Valve Performance,"Using the following measure:

\- Degree of Aortic Valve Regurgitation (Transvalvular and Paravalvular)","30 day, 6 month, 1 year, 2 year",36.8,percentage of participants,148,NUMBER,,True,2026-09-16T12:17:58Z
NCT01240902,Safety and Efficacy Study of the Medtronic CoreValve® System in the Treatment of Symptomatic Severe Aortic Stenosis in High Risk and Very High Risk Subjects Who Need Aortic Valve Replacement,High Risk: TAVI,CoreValve US Pivotal (High/Very High Risk),Echocardiographic Assessment of Valve Performance,"Using the following measure:

\- Degree of Aortic Valve Regurgitation (Transvalvular and Paravalvular)","30 day, 6 month, 1 year, 2 year",27.0,percentage of participants,390,NUMBER,,True,2026-09-16T12:17:58Z
NCT01240902,Safety and Efficacy Study of the Medtronic CoreValve® System in the Treatment of Symptomatic Severe Aortic Stenosis in High Risk and Very High Risk Subjects Who Need Aortic Valve Replacement,High Risk: SAVR,CoreValve US Pivotal (High/Very High Risk),Echocardiographic Assessment of Valve Performance,"Using the following measure:

\- Degree of Aortic Valve Regurgitation (Transvalvular and Paravalvular)","30 day, 6 month, 1 year, 2 year",27.3,percentage of participants,354,NUMBER,,True,2026-09-16T12:17:58Z
NCT01240902,Safety and Efficacy Study of the Medtronic CoreValve® System in the Treatment of Symptomatic Severe Aortic Stenosis in High Risk and Very High Risk Subjects Who Need Aortic Valve Replacement,Extreme Risk: TAVI Iliofemoral,CoreValve US Pivotal (High/Very High Risk),Echocardiographic Assessment of Valve Performance,"Using the following measure:

\- Degree of Aortic Valve Regurgitation (Transvalvular and Paravalvular)","30 day, 6 month, 1 year, 2 year",36.1,percentage of participants,486,NUMBER,,True,2026-09-16T12:17:58Z
NCT01240902,Safety and Efficacy Study of the Medtronic CoreValve® System in the Treatment of Symptomatic Severe Aortic Stenosis in High Risk and Very High Risk Subjects Who Need Aortic Valve Replacement,Extreme Risk: TAVI Non-Iliofemoral,CoreValve US Pivotal (High/Very High Risk),Echocardiographic Assessment of Valve Performance,"Using the following measure:

\- Degree of Aortic Valve Regurgitation (Transvalvular and Paravalvular)","30 day, 6 month, 1 year, 2 year",23.5,percentage of participants,148,NUMBER,,True,2026-09-16T12:17:58Z
NCT01240902,Safety and Efficacy Study of the Medtronic CoreValve® System in the Treatment of Symptomatic Severe Aortic Stenosis in High Risk and Very High Risk Subjects Who Need Aortic Valve Replacement,High Risk: TAVI,CoreValve US Pivotal (High/Very High Risk),Echocardiographic Assessment of Valve Performance,"Using the following measure:

\- Degree of Aortic Valve Regurgitation (Transvalvular and Paravalvular)","30 day, 6 month, 1 year, 2 year",32.0,percentage of participants,390,NUMBER,,True,2026-09-16T12:17:58Z
NCT01240902,Safety and Efficacy Study of the Medtronic CoreValve® System in the Treatment of Symptomatic Severe Aortic Stenosis in High Risk and Very High Risk Subjects Who Need Aortic Valve Replacement,High Risk: SAVR,CoreValve US Pivotal (High/Very High Risk),Echocardiographic Assessment of Valve Performance,"Using the following measure:

\- Degree of Aortic Valve Regurgitation (Transvalvular and Paravalvular)","30 day, 6 month, 1 year, 2 year",13.1,percentage of participants,354,NUMBER,,True,2026-09-16T12:17:58Z
NCT01240902,Safety and Efficacy Study of the Medtronic CoreValve® System in the Treatment of Symptomatic Severe Aortic Stenosis in High Risk and Very High Risk Subjects Who Need Aortic Valve Replacement,Extreme Risk: TAVI Iliofemoral,CoreValve US Pivotal (High/Very High Risk),Echocardiographic Assessment of Valve Performance,"Using the following measure:

\- Degree of Aortic Valve Regurgitation (Transvalvular and Paravalvular)","30 day, 6 month, 1 year, 2 year",6.7,percentage of participants,486,NUMBER,,True,2026-09-16T12:17:58Z
NCT01240902,Safety and Efficacy Study of the Medtronic CoreValve® System in the Treatment of Symptomatic Severe Aortic Stenosis in High Risk and Very High Risk Subjects Who Need Aortic Valve Replacement,Extreme Risk: TAVI Non-Iliofemoral,CoreValve US Pivotal (High/Very High Risk),Echocardiographic Assessment of Valve Performance,"Using the following measure:

\- Degree of Aortic Valve Regurgitation (Transvalvular and Paravalvular)","30 day, 6 month, 1 year, 2 year",4.4,percentage of participants,148,NUMBER,,True,2026-09-16T12:17:58Z
NCT01240902,Safety and Efficacy Study of the Medtronic CoreValve® System in the Treatment of Symptomatic Severe Aortic Stenosis in High Risk and Very High Risk Subjects Who Need Aortic Valve Replacement,High Risk: TAVI,CoreValve US Pivotal (High/Very High Risk),Echocardiographic Assessment of Valve Performance,"Using the following measure:

\- Degree of Aortic Valve Regurgitation (Transvalvular and Paravalvular)","30 day, 6 month, 1 year, 2 year",6.6,percentage of participants,390,NUMBER,,True,2026-09-16T12:17:58Z
NCT01240902,Safety and Efficacy Study of the Medtronic CoreValve® System in the Treatment of Symptomatic Severe Aortic Stenosis in High Risk and Very High Risk Subjects Who Need Aortic Valve Replacement,High Risk: SAVR,CoreValve US Pivotal (High/Very High Risk),Echocardiographic Assessment of Valve Performance,"Using the following measure:

\- Degree of Aortic Valve Regurgitation (Transvalvular and Paravalvular)","30 day, 6 month, 1 year, 2 year",1.1,percentage of participants,354,NUMBER,,True,2026-09-16T12:17:58Z
NCT01240902,Safety and Efficacy Study of the Medtronic CoreValve® System in the Treatment of Symptomatic Severe Aortic Stenosis in High Risk and Very High Risk Subjects Who Need Aortic Valve Replacement,Extreme Risk: TAVI Iliofemoral,CoreValve US Pivotal (High/Very High Risk),Echocardiographic Assessment of Valve Performance,"Using the following measure:

\- Degree of Aortic Valve Regurgitation (Transvalvular and Paravalvular)","30 day, 6 month, 1 year, 2 year",0.0,percentage of participants,486,NUMBER,,True,2026-09-16T12:17:58Z
NCT01240902,Safety and Efficacy Study of the Medtronic CoreValve® System in the Treatment of Symptomatic Severe Aortic Stenosis in High Risk and Very High Risk Subjects Who Need Aortic Valve Replacement,Extreme Risk: TAVI Non-Iliofemoral,CoreValve US Pivotal (High/Very High Risk),Echocardiographic Assessment of Valve Performance,"Using the following measure:

\- Degree of Aortic Valve Regurgitation (Transvalvular and Paravalvular)","30 day, 6 month, 1 year, 2 year",0.0,percentage of participants,148,NUMBER,,True,2026-09-16T12:17:58Z
NCT01240902,Safety and Efficacy Study of the Medtronic CoreValve® System in the Treatment of Symptomatic Severe Aortic Stenosis in High Risk and Very High Risk Subjects Who Need Aortic Valve Replacement,High Risk: TAVI,CoreValve US Pivotal (High/Very High Risk),Echocardiographic Assessment of Valve Performance,"Using the following measure:

\- Degree of Aortic Valve Regurgitation (Transvalvular and Paravalvular)","30 day, 6 month, 1 year, 2 year",1.6,percentage of participants,390,NUMBER,,True,2026-09-16T12:17:58Z
NCT01240902,Safety and Efficacy Study of the Medtronic CoreValve® System in the Treatment of Symptomatic Severe Aortic Stenosis in High Risk and Very High Risk Subjects Who Need Aortic Valve Replacement,High Risk: SAVR,CoreValve US Pivotal (High/Very High Risk),Echocardiographic Assessment of Valve Performance,"Using the following measure:

\- Degree of Aortic Valve Regurgitation (Transvalvular and Paravalvular)","30 day, 6 month, 1 year, 2 year",0.0,percentage of participants,354,NUMBER,,True,2026-09-16T12:17:58Z
NCT01240902,Safety and Efficacy Study of the Medtronic CoreValve® System in the Treatment of Symptomatic Severe Aortic Stenosis in High Risk and Very High Risk Subjects Who Need Aortic Valve Replacement,Extreme Risk: TAVI Iliofemoral,CoreValve US Pivotal (High/Very High Risk),Device Success,"Medtronic CoreValve® System subjects only.

Defined as:

* Successful vascular access, delivery and deployment of the device, and successful retrieval of the delivery system,
* Correct position of the device in the proper anatomical location (placement in the annulus with no impedance on device function),
* Intended performance of the prosthetic valve (aortic valve area \> 1.2 cm2 for 26, 29 and 31mm valves, ≥ 0.9 cm2 for 23mm valve (by echocardiography using the continuity equation) and mean ao",Number of days from admission to discharge,84.6,percentage of participants,468,NUMBER,,True,2026-09-16T12:17:58Z
NCT01240902,Safety and Efficacy Study of the Medtronic CoreValve® System in the Treatment of Symptomatic Severe Aortic Stenosis in High Risk and Very High Risk Subjects Who Need Aortic Valve Replacement,Extreme Risk: TAVI Non-Iliofemoral,CoreValve US Pivotal (High/Very High Risk),Device Success,"Medtronic CoreValve® System subjects only.

Defined as:

* Successful vascular access, delivery and deployment of the device, and successful retrieval of the delivery system,
* Correct position of the device in the proper anatomical location (placement in the annulus with no impedance on device function),
* Intended performance of the prosthetic valve (aortic valve area \> 1.2 cm2 for 26, 29 and 31mm valves, ≥ 0.9 cm2 for 23mm valve (by echocardiography using the continuity equation) and mean ao",Number of days from admission to discharge,88.7,percentage of participants,141,NUMBER,,True,2026-09-16T12:17:58Z
NCT01240902,Safety and Efficacy Study of the Medtronic CoreValve® System in the Treatment of Symptomatic Severe Aortic Stenosis in High Risk and Very High Risk Subjects Who Need Aortic Valve Replacement,High Risk: TAVI,CoreValve US Pivotal (High/Very High Risk),Device Success,"Medtronic CoreValve® System subjects only.

Defined as:

* Successful vascular access, delivery and deployment of the device, and successful retrieval of the delivery system,
* Correct position of the device in the proper anatomical location (placement in the annulus with no impedance on device function),
* Intended performance of the prosthetic valve (aortic valve area \> 1.2 cm2 for 26, 29 and 31mm valves, ≥ 0.9 cm2 for 23mm valve (by echocardiography using the continuity equation) and mean ao",Number of days from admission to discharge,86.8,percentage of participants,378,NUMBER,,True,2026-09-16T12:17:58Z
NCT01240902,Safety and Efficacy Study of the Medtronic CoreValve® System in the Treatment of Symptomatic Severe Aortic Stenosis in High Risk and Very High Risk Subjects Who Need Aortic Valve Replacement,Extreme Risk: TAVI Iliofemoral,CoreValve US Pivotal (High/Very High Risk),Prosthetic Valve Dysfunction (PVD),"PVD was defined according to VARC I using the Core Lab Echocardiography assessments including aortic regurgitation (AR) and aortic stenosis (AS) evaluations. Total AR reported as moderate or severe was considered PVD. AS was defined as significant stenosis and considered PVD if one of the following was met:

* Peak velocity \>4 m/s
* Mean gradient \>35 mmHg
* EOA \< 0.8 cm2
* TVIV1 / TVIV2 \< 0.25","30 day, 6 month, 1 year, 2 year",2.3,percentage of participants,486,NUMBER,,True,2026-09-16T12:17:58Z
NCT01240902,Safety and Efficacy Study of the Medtronic CoreValve® System in the Treatment of Symptomatic Severe Aortic Stenosis in High Risk and Very High Risk Subjects Who Need Aortic Valve Replacement,Extreme Risk: TAVI Non-Iliofemoral,CoreValve US Pivotal (High/Very High Risk),Prosthetic Valve Dysfunction (PVD),"PVD was defined according to VARC I using the Core Lab Echocardiography assessments including aortic regurgitation (AR) and aortic stenosis (AS) evaluations. Total AR reported as moderate or severe was considered PVD. AS was defined as significant stenosis and considered PVD if one of the following was met:

* Peak velocity \>4 m/s
* Mean gradient \>35 mmHg
* EOA \< 0.8 cm2
* TVIV1 / TVIV2 \< 0.25","30 day, 6 month, 1 year, 2 year",6.1,percentage of participants,148,NUMBER,,True,2026-09-16T12:17:58Z
NCT01240902,Safety and Efficacy Study of the Medtronic CoreValve® System in the Treatment of Symptomatic Severe Aortic Stenosis in High Risk and Very High Risk Subjects Who Need Aortic Valve Replacement,High Risk: TAVI,CoreValve US Pivotal (High/Very High Risk),Prosthetic Valve Dysfunction (PVD),"PVD was defined according to VARC I using the Core Lab Echocardiography assessments including aortic regurgitation (AR) and aortic stenosis (AS) evaluations. Total AR reported as moderate or severe was considered PVD. AS was defined as significant stenosis and considered PVD if one of the following was met:

* Peak velocity \>4 m/s
* Mean gradient \>35 mmHg
* EOA \< 0.8 cm2
* TVIV1 / TVIV2 \< 0.25","30 day, 6 month, 1 year, 2 year",3.1,percentage of participants,390,NUMBER,,True,2026-09-16T12:17:58Z
NCT01240902,Safety and Efficacy Study of the Medtronic CoreValve® System in the Treatment of Symptomatic Severe Aortic Stenosis in High Risk and Very High Risk Subjects Who Need Aortic Valve Replacement,High Risk: SAVR,CoreValve US Pivotal (High/Very High Risk),Prosthetic Valve Dysfunction (PVD),"PVD was defined according to VARC I using the Core Lab Echocardiography assessments including aortic regurgitation (AR) and aortic stenosis (AS) evaluations. Total AR reported as moderate or severe was considered PVD. AS was defined as significant stenosis and considered PVD if one of the following was met:

* Peak velocity \>4 m/s
* Mean gradient \>35 mmHg
* EOA \< 0.8 cm2
* TVIV1 / TVIV2 \< 0.25","30 day, 6 month, 1 year, 2 year",4.8,percentage of participants,354,NUMBER,,True,2026-09-16T12:17:58Z
NCT01240902,Safety and Efficacy Study of the Medtronic CoreValve® System in the Treatment of Symptomatic Severe Aortic Stenosis in High Risk and Very High Risk Subjects Who Need Aortic Valve Replacement,Extreme Risk: TAVI Iliofemoral,CoreValve US Pivotal (High/Very High Risk),Prosthetic Valve Dysfunction (PVD),"PVD was defined according to VARC I using the Core Lab Echocardiography assessments including aortic regurgitation (AR) and aortic stenosis (AS) evaluations. Total AR reported as moderate or severe was considered PVD. AS was defined as significant stenosis and considered PVD if one of the following was met:

* Peak velocity \>4 m/s
* Mean gradient \>35 mmHg
* EOA \< 0.8 cm2
* TVIV1 / TVIV2 \< 0.25","30 day, 6 month, 1 year, 2 year",23.5,percentage of participants,486,NUMBER,,True,2026-09-16T12:17:58Z
NCT01240902,Safety and Efficacy Study of the Medtronic CoreValve® System in the Treatment of Symptomatic Severe Aortic Stenosis in High Risk and Very High Risk Subjects Who Need Aortic Valve Replacement,Extreme Risk: TAVI Non-Iliofemoral,CoreValve US Pivotal (High/Very High Risk),Prosthetic Valve Dysfunction (PVD),"PVD was defined according to VARC I using the Core Lab Echocardiography assessments including aortic regurgitation (AR) and aortic stenosis (AS) evaluations. Total AR reported as moderate or severe was considered PVD. AS was defined as significant stenosis and considered PVD if one of the following was met:

* Peak velocity \>4 m/s
* Mean gradient \>35 mmHg
* EOA \< 0.8 cm2
* TVIV1 / TVIV2 \< 0.25","30 day, 6 month, 1 year, 2 year",16.9,percentage of participants,148,NUMBER,,True,2026-09-16T12:17:58Z
NCT01240902,Safety and Efficacy Study of the Medtronic CoreValve® System in the Treatment of Symptomatic Severe Aortic Stenosis in High Risk and Very High Risk Subjects Who Need Aortic Valve Replacement,High Risk: TAVI,CoreValve US Pivotal (High/Very High Risk),Prosthetic Valve Dysfunction (PVD),"PVD was defined according to VARC I using the Core Lab Echocardiography assessments including aortic regurgitation (AR) and aortic stenosis (AS) evaluations. Total AR reported as moderate or severe was considered PVD. AS was defined as significant stenosis and considered PVD if one of the following was met:

* Peak velocity \>4 m/s
* Mean gradient \>35 mmHg
* EOA \< 0.8 cm2
* TVIV1 / TVIV2 \< 0.25","30 day, 6 month, 1 year, 2 year",13.6,percentage of participants,390,NUMBER,,True,2026-09-16T12:17:58Z
NCT01240902,Safety and Efficacy Study of the Medtronic CoreValve® System in the Treatment of Symptomatic Severe Aortic Stenosis in High Risk and Very High Risk Subjects Who Need Aortic Valve Replacement,High Risk: SAVR,CoreValve US Pivotal (High/Very High Risk),Prosthetic Valve Dysfunction (PVD),"PVD was defined according to VARC I using the Core Lab Echocardiography assessments including aortic regurgitation (AR) and aortic stenosis (AS) evaluations. Total AR reported as moderate or severe was considered PVD. AS was defined as significant stenosis and considered PVD if one of the following was met:

* Peak velocity \>4 m/s
* Mean gradient \>35 mmHg
* EOA \< 0.8 cm2
* TVIV1 / TVIV2 \< 0.25","30 day, 6 month, 1 year, 2 year",1.7,percentage of participants,354,NUMBER,,True,2026-09-16T12:17:58Z
NCT01240902,Safety and Efficacy Study of the Medtronic CoreValve® System in the Treatment of Symptomatic Severe Aortic Stenosis in High Risk and Very High Risk Subjects Who Need Aortic Valve Replacement,Extreme Risk: TAVI Iliofemoral,CoreValve US Pivotal (High/Very High Risk),Prosthetic Valve Dysfunction (PVD),"PVD was defined according to VARC I using the Core Lab Echocardiography assessments including aortic regurgitation (AR) and aortic stenosis (AS) evaluations. Total AR reported as moderate or severe was considered PVD. AS was defined as significant stenosis and considered PVD if one of the following was met:

* Peak velocity \>4 m/s
* Mean gradient \>35 mmHg
* EOA \< 0.8 cm2
* TVIV1 / TVIV2 \< 0.25","30 day, 6 month, 1 year, 2 year",3.1,percentage of participants,486,NUMBER,,True,2026-09-16T12:17:58Z
NCT01240902,Safety and Efficacy Study of the Medtronic CoreValve® System in the Treatment of Symptomatic Severe Aortic Stenosis in High Risk and Very High Risk Subjects Who Need Aortic Valve Replacement,Extreme Risk: TAVI Non-Iliofemoral,CoreValve US Pivotal (High/Very High Risk),Prosthetic Valve Dysfunction (PVD),"PVD was defined according to VARC I using the Core Lab Echocardiography assessments including aortic regurgitation (AR) and aortic stenosis (AS) evaluations. Total AR reported as moderate or severe was considered PVD. AS was defined as significant stenosis and considered PVD if one of the following was met:

* Peak velocity \>4 m/s
* Mean gradient \>35 mmHg
* EOA \< 0.8 cm2
* TVIV1 / TVIV2 \< 0.25","30 day, 6 month, 1 year, 2 year",6.1,percentage of participants,148,NUMBER,,True,2026-09-16T12:17:58Z
NCT01240902,Safety and Efficacy Study of the Medtronic CoreValve® System in the Treatment of Symptomatic Severe Aortic Stenosis in High Risk and Very High Risk Subjects Who Need Aortic Valve Replacement,High Risk: TAVI,CoreValve US Pivotal (High/Very High Risk),Prosthetic Valve Dysfunction (PVD),"PVD was defined according to VARC I using the Core Lab Echocardiography assessments including aortic regurgitation (AR) and aortic stenosis (AS) evaluations. Total AR reported as moderate or severe was considered PVD. AS was defined as significant stenosis and considered PVD if one of the following was met:

* Peak velocity \>4 m/s
* Mean gradient \>35 mmHg
* EOA \< 0.8 cm2
* TVIV1 / TVIV2 \< 0.25","30 day, 6 month, 1 year, 2 year",3.8,percentage of participants,390,NUMBER,,True,2026-09-16T12:17:58Z
NCT01240902,Safety and Efficacy Study of the Medtronic CoreValve® System in the Treatment of Symptomatic Severe Aortic Stenosis in High Risk and Very High Risk Subjects Who Need Aortic Valve Replacement,High Risk: SAVR,CoreValve US Pivotal (High/Very High Risk),Prosthetic Valve Dysfunction (PVD),"PVD was defined according to VARC I using the Core Lab Echocardiography assessments including aortic regurgitation (AR) and aortic stenosis (AS) evaluations. Total AR reported as moderate or severe was considered PVD. AS was defined as significant stenosis and considered PVD if one of the following was met:

* Peak velocity \>4 m/s
* Mean gradient \>35 mmHg
* EOA \< 0.8 cm2
* TVIV1 / TVIV2 \< 0.25","30 day, 6 month, 1 year, 2 year",6.5,percentage of participants,354,NUMBER,,True,2026-09-16T12:17:58Z
NCT01240902,Safety and Efficacy Study of the Medtronic CoreValve® System in the Treatment of Symptomatic Severe Aortic Stenosis in High Risk and Very High Risk Subjects Who Need Aortic Valve Replacement,Extreme Risk: TAVI Iliofemoral,CoreValve US Pivotal (High/Very High Risk),Prosthetic Valve Dysfunction (PVD),"PVD was defined according to VARC I using the Core Lab Echocardiography assessments including aortic regurgitation (AR) and aortic stenosis (AS) evaluations. Total AR reported as moderate or severe was considered PVD. AS was defined as significant stenosis and considered PVD if one of the following was met:

* Peak velocity \>4 m/s
* Mean gradient \>35 mmHg
* EOA \< 0.8 cm2
* TVIV1 / TVIV2 \< 0.25","30 day, 6 month, 1 year, 2 year",26.1,percentage of participants,486,NUMBER,,True,2026-09-16T12:17:58Z
NCT01240902,Safety and Efficacy Study of the Medtronic CoreValve® System in the Treatment of Symptomatic Severe Aortic Stenosis in High Risk and Very High Risk Subjects Who Need Aortic Valve Replacement,Extreme Risk: TAVI Non-Iliofemoral,CoreValve US Pivotal (High/Very High Risk),Prosthetic Valve Dysfunction (PVD),"PVD was defined according to VARC I using the Core Lab Echocardiography assessments including aortic regurgitation (AR) and aortic stenosis (AS) evaluations. Total AR reported as moderate or severe was considered PVD. AS was defined as significant stenosis and considered PVD if one of the following was met:

* Peak velocity \>4 m/s
* Mean gradient \>35 mmHg
* EOA \< 0.8 cm2
* TVIV1 / TVIV2 \< 0.25","30 day, 6 month, 1 year, 2 year",18.2,percentage of participants,148,NUMBER,,True,2026-09-16T12:17:58Z
NCT01240902,Safety and Efficacy Study of the Medtronic CoreValve® System in the Treatment of Symptomatic Severe Aortic Stenosis in High Risk and Very High Risk Subjects Who Need Aortic Valve Replacement,High Risk: TAVI,CoreValve US Pivotal (High/Very High Risk),Prosthetic Valve Dysfunction (PVD),"PVD was defined according to VARC I using the Core Lab Echocardiography assessments including aortic regurgitation (AR) and aortic stenosis (AS) evaluations. Total AR reported as moderate or severe was considered PVD. AS was defined as significant stenosis and considered PVD if one of the following was met:

* Peak velocity \>4 m/s
* Mean gradient \>35 mmHg
* EOA \< 0.8 cm2
* TVIV1 / TVIV2 \< 0.25","30 day, 6 month, 1 year, 2 year",17.2,percentage of participants,390,NUMBER,,True,2026-09-16T12:17:58Z
NCT01240902,Safety and Efficacy Study of the Medtronic CoreValve® System in the Treatment of Symptomatic Severe Aortic Stenosis in High Risk and Very High Risk Subjects Who Need Aortic Valve Replacement,High Risk: SAVR,CoreValve US Pivotal (High/Very High Risk),Prosthetic Valve Dysfunction (PVD),"PVD was defined according to VARC I using the Core Lab Echocardiography assessments including aortic regurgitation (AR) and aortic stenosis (AS) evaluations. Total AR reported as moderate or severe was considered PVD. AS was defined as significant stenosis and considered PVD if one of the following was met:

* Peak velocity \>4 m/s
* Mean gradient \>35 mmHg
* EOA \< 0.8 cm2
* TVIV1 / TVIV2 \< 0.25","30 day, 6 month, 1 year, 2 year",2.3,percentage of participants,354,NUMBER,,True,2026-09-16T12:17:58Z
NCT01240902,Safety and Efficacy Study of the Medtronic CoreValve® System in the Treatment of Symptomatic Severe Aortic Stenosis in High Risk and Very High Risk Subjects Who Need Aortic Valve Replacement,Extreme Risk: TAVI Iliofemoral,CoreValve US Pivotal (High/Very High Risk),Prosthetic Valve Dysfunction (PVD),"PVD was defined according to VARC I using the Core Lab Echocardiography assessments including aortic regurgitation (AR) and aortic stenosis (AS) evaluations. Total AR reported as moderate or severe was considered PVD. AS was defined as significant stenosis and considered PVD if one of the following was met:

* Peak velocity \>4 m/s
* Mean gradient \>35 mmHg
* EOA \< 0.8 cm2
* TVIV1 / TVIV2 \< 0.25","30 day, 6 month, 1 year, 2 year",3.5,percentage of participants,486,NUMBER,,True,2026-09-16T12:17:58Z
NCT01240902,Safety and Efficacy Study of the Medtronic CoreValve® System in the Treatment of Symptomatic Severe Aortic Stenosis in High Risk and Very High Risk Subjects Who Need Aortic Valve Replacement,Extreme Risk: TAVI Non-Iliofemoral,CoreValve US Pivotal (High/Very High Risk),Prosthetic Valve Dysfunction (PVD),"PVD was defined according to VARC I using the Core Lab Echocardiography assessments including aortic regurgitation (AR) and aortic stenosis (AS) evaluations. Total AR reported as moderate or severe was considered PVD. AS was defined as significant stenosis and considered PVD if one of the following was met:

* Peak velocity \>4 m/s
* Mean gradient \>35 mmHg
* EOA \< 0.8 cm2
* TVIV1 / TVIV2 \< 0.25","30 day, 6 month, 1 year, 2 year",6.1,percentage of participants,148,NUMBER,,True,2026-09-16T12:17:58Z
NCT01240902,Safety and Efficacy Study of the Medtronic CoreValve® System in the Treatment of Symptomatic Severe Aortic Stenosis in High Risk and Very High Risk Subjects Who Need Aortic Valve Replacement,High Risk: TAVI,CoreValve US Pivotal (High/Very High Risk),Prosthetic Valve Dysfunction (PVD),"PVD was defined according to VARC I using the Core Lab Echocardiography assessments including aortic regurgitation (AR) and aortic stenosis (AS) evaluations. Total AR reported as moderate or severe was considered PVD. AS was defined as significant stenosis and considered PVD if one of the following was met:

* Peak velocity \>4 m/s
* Mean gradient \>35 mmHg
* EOA \< 0.8 cm2
* TVIV1 / TVIV2 \< 0.25","30 day, 6 month, 1 year, 2 year",4.9,percentage of participants,390,NUMBER,,True,2026-09-16T12:17:58Z
NCT01240902,Safety and Efficacy Study of the Medtronic CoreValve® System in the Treatment of Symptomatic Severe Aortic Stenosis in High Risk and Very High Risk Subjects Who Need Aortic Valve Replacement,High Risk: SAVR,CoreValve US Pivotal (High/Very High Risk),Prosthetic Valve Dysfunction (PVD),"PVD was defined according to VARC I using the Core Lab Echocardiography assessments including aortic regurgitation (AR) and aortic stenosis (AS) evaluations. Total AR reported as moderate or severe was considered PVD. AS was defined as significant stenosis and considered PVD if one of the following was met:

* Peak velocity \>4 m/s
* Mean gradient \>35 mmHg
* EOA \< 0.8 cm2
* TVIV1 / TVIV2 \< 0.25","30 day, 6 month, 1 year, 2 year",8.2,percentage of participants,354,NUMBER,,True,2026-09-16T12:17:58Z
NCT01240902,Safety and Efficacy Study of the Medtronic CoreValve® System in the Treatment of Symptomatic Severe Aortic Stenosis in High Risk and Very High Risk Subjects Who Need Aortic Valve Replacement,Extreme Risk: TAVI Iliofemoral,CoreValve US Pivotal (High/Very High Risk),Prosthetic Valve Dysfunction (PVD),"PVD was defined according to VARC I using the Core Lab Echocardiography assessments including aortic regurgitation (AR) and aortic stenosis (AS) evaluations. Total AR reported as moderate or severe was considered PVD. AS was defined as significant stenosis and considered PVD if one of the following was met:

* Peak velocity \>4 m/s
* Mean gradient \>35 mmHg
* EOA \< 0.8 cm2
* TVIV1 / TVIV2 \< 0.25","30 day, 6 month, 1 year, 2 year",27.0,percentage of participants,486,NUMBER,,True,2026-09-16T12:17:58Z
NCT01240902,Safety and Efficacy Study of the Medtronic CoreValve® System in the Treatment of Symptomatic Severe Aortic Stenosis in High Risk and Very High Risk Subjects Who Need Aortic Valve Replacement,Extreme Risk: TAVI Non-Iliofemoral,CoreValve US Pivotal (High/Very High Risk),Prosthetic Valve Dysfunction (PVD),"PVD was defined according to VARC I using the Core Lab Echocardiography assessments including aortic regurgitation (AR) and aortic stenosis (AS) evaluations. Total AR reported as moderate or severe was considered PVD. AS was defined as significant stenosis and considered PVD if one of the following was met:

* Peak velocity \>4 m/s
* Mean gradient \>35 mmHg
* EOA \< 0.8 cm2
* TVIV1 / TVIV2 \< 0.25","30 day, 6 month, 1 year, 2 year",19.6,percentage of participants,148,NUMBER,,True,2026-09-16T12:17:58Z
NCT01240902,Safety and Efficacy Study of the Medtronic CoreValve® System in the Treatment of Symptomatic Severe Aortic Stenosis in High Risk and Very High Risk Subjects Who Need Aortic Valve Replacement,High Risk: TAVI,CoreValve US Pivotal (High/Very High Risk),Prosthetic Valve Dysfunction (PVD),"PVD was defined according to VARC I using the Core Lab Echocardiography assessments including aortic regurgitation (AR) and aortic stenosis (AS) evaluations. Total AR reported as moderate or severe was considered PVD. AS was defined as significant stenosis and considered PVD if one of the following was met:

* Peak velocity \>4 m/s
* Mean gradient \>35 mmHg
* EOA \< 0.8 cm2
* TVIV1 / TVIV2 \< 0.25","30 day, 6 month, 1 year, 2 year",17.9,percentage of participants,390,NUMBER,,True,2026-09-16T12:17:58Z
NCT01240902,Safety and Efficacy Study of the Medtronic CoreValve® System in the Treatment of Symptomatic Severe Aortic Stenosis in High Risk and Very High Risk Subjects Who Need Aortic Valve Replacement,High Risk: SAVR,CoreValve US Pivotal (High/Very High Risk),Prosthetic Valve Dysfunction (PVD),"PVD was defined according to VARC I using the Core Lab Echocardiography assessments including aortic regurgitation (AR) and aortic stenosis (AS) evaluations. Total AR reported as moderate or severe was considered PVD. AS was defined as significant stenosis and considered PVD if one of the following was met:

* Peak velocity \>4 m/s
* Mean gradient \>35 mmHg
* EOA \< 0.8 cm2
* TVIV1 / TVIV2 \< 0.25","30 day, 6 month, 1 year, 2 year",2.8,percentage of participants,354,NUMBER,,True,2026-09-16T12:17:58Z
NCT01240902,Safety and Efficacy Study of the Medtronic CoreValve® System in the Treatment of Symptomatic Severe Aortic Stenosis in High Risk and Very High Risk Subjects Who Need Aortic Valve Replacement,Extreme Risk: TAVI Iliofemoral,CoreValve US Pivotal (High/Very High Risk),Prosthetic Valve Dysfunction (PVD),"PVD was defined according to VARC I using the Core Lab Echocardiography assessments including aortic regurgitation (AR) and aortic stenosis (AS) evaluations. Total AR reported as moderate or severe was considered PVD. AS was defined as significant stenosis and considered PVD if one of the following was met:

* Peak velocity \>4 m/s
* Mean gradient \>35 mmHg
* EOA \< 0.8 cm2
* TVIV1 / TVIV2 \< 0.25","30 day, 6 month, 1 year, 2 year",3.9,percentage of participants,486,NUMBER,,True,2026-09-16T12:17:58Z
NCT01240902,Safety and Efficacy Study of the Medtronic CoreValve® System in the Treatment of Symptomatic Severe Aortic Stenosis in High Risk and Very High Risk Subjects Who Need Aortic Valve Replacement,Extreme Risk: TAVI Non-Iliofemoral,CoreValve US Pivotal (High/Very High Risk),Prosthetic Valve Dysfunction (PVD),"PVD was defined according to VARC I using the Core Lab Echocardiography assessments including aortic regurgitation (AR) and aortic stenosis (AS) evaluations. Total AR reported as moderate or severe was considered PVD. AS was defined as significant stenosis and considered PVD if one of the following was met:

* Peak velocity \>4 m/s
* Mean gradient \>35 mmHg
* EOA \< 0.8 cm2
* TVIV1 / TVIV2 \< 0.25","30 day, 6 month, 1 year, 2 year",6.8,percentage of participants,148,NUMBER,,True,2026-09-16T12:17:58Z
NCT01240902,Safety and Efficacy Study of the Medtronic CoreValve® System in the Treatment of Symptomatic Severe Aortic Stenosis in High Risk and Very High Risk Subjects Who Need Aortic Valve Replacement,High Risk: TAVI,CoreValve US Pivotal (High/Very High Risk),Prosthetic Valve Dysfunction (PVD),"PVD was defined according to VARC I using the Core Lab Echocardiography assessments including aortic regurgitation (AR) and aortic stenosis (AS) evaluations. Total AR reported as moderate or severe was considered PVD. AS was defined as significant stenosis and considered PVD if one of the following was met:

* Peak velocity \>4 m/s
* Mean gradient \>35 mmHg
* EOA \< 0.8 cm2
* TVIV1 / TVIV2 \< 0.25","30 day, 6 month, 1 year, 2 year",5.4,percentage of participants,390,NUMBER,,True,2026-09-16T12:17:58Z
NCT01240902,Safety and Efficacy Study of the Medtronic CoreValve® System in the Treatment of Symptomatic Severe Aortic Stenosis in High Risk and Very High Risk Subjects Who Need Aortic Valve Replacement,High Risk: SAVR,CoreValve US Pivotal (High/Very High Risk),Prosthetic Valve Dysfunction (PVD),"PVD was defined according to VARC I using the Core Lab Echocardiography assessments including aortic regurgitation (AR) and aortic stenosis (AS) evaluations. Total AR reported as moderate or severe was considered PVD. AS was defined as significant stenosis and considered PVD if one of the following was met:

* Peak velocity \>4 m/s
* Mean gradient \>35 mmHg
* EOA \< 0.8 cm2
* TVIV1 / TVIV2 \< 0.25","30 day, 6 month, 1 year, 2 year",9.3,percentage of participants,354,NUMBER,,True,2026-09-16T12:17:58Z
NCT01240902,Safety and Efficacy Study of the Medtronic CoreValve® System in the Treatment of Symptomatic Severe Aortic Stenosis in High Risk and Very High Risk Subjects Who Need Aortic Valve Replacement,Extreme Risk: TAVI Iliofemoral,CoreValve US Pivotal (High/Very High Risk),Prosthetic Valve Dysfunction (PVD),"PVD was defined according to VARC I using the Core Lab Echocardiography assessments including aortic regurgitation (AR) and aortic stenosis (AS) evaluations. Total AR reported as moderate or severe was considered PVD. AS was defined as significant stenosis and considered PVD if one of the following was met:

* Peak velocity \>4 m/s
* Mean gradient \>35 mmHg
* EOA \< 0.8 cm2
* TVIV1 / TVIV2 \< 0.25","30 day, 6 month, 1 year, 2 year",27.8,percentage of participants,486,NUMBER,,True,2026-09-16T12:17:58Z
NCT01240902,Safety and Efficacy Study of the Medtronic CoreValve® System in the Treatment of Symptomatic Severe Aortic Stenosis in High Risk and Very High Risk Subjects Who Need Aortic Valve Replacement,Extreme Risk: TAVI Non-Iliofemoral,CoreValve US Pivotal (High/Very High Risk),Prosthetic Valve Dysfunction (PVD),"PVD was defined according to VARC I using the Core Lab Echocardiography assessments including aortic regurgitation (AR) and aortic stenosis (AS) evaluations. Total AR reported as moderate or severe was considered PVD. AS was defined as significant stenosis and considered PVD if one of the following was met:

* Peak velocity \>4 m/s
* Mean gradient \>35 mmHg
* EOA \< 0.8 cm2
* TVIV1 / TVIV2 \< 0.25","30 day, 6 month, 1 year, 2 year",19.6,percentage of participants,148,NUMBER,,True,2026-09-16T12:17:58Z
NCT01240902,Safety and Efficacy Study of the Medtronic CoreValve® System in the Treatment of Symptomatic Severe Aortic Stenosis in High Risk and Very High Risk Subjects Who Need Aortic Valve Replacement,High Risk: TAVI,CoreValve US Pivotal (High/Very High Risk),Prosthetic Valve Dysfunction (PVD),"PVD was defined according to VARC I using the Core Lab Echocardiography assessments including aortic regurgitation (AR) and aortic stenosis (AS) evaluations. Total AR reported as moderate or severe was considered PVD. AS was defined as significant stenosis and considered PVD if one of the following was met:

* Peak velocity \>4 m/s
* Mean gradient \>35 mmHg
* EOA \< 0.8 cm2
* TVIV1 / TVIV2 \< 0.25","30 day, 6 month, 1 year, 2 year",19.7,percentage of participants,390,NUMBER,,True,2026-09-16T12:17:58Z
NCT01240902,Safety and Efficacy Study of the Medtronic CoreValve® System in the Treatment of Symptomatic Severe Aortic Stenosis in High Risk and Very High Risk Subjects Who Need Aortic Valve Replacement,High Risk: SAVR,CoreValve US Pivotal (High/Very High Risk),Prosthetic Valve Dysfunction (PVD),"PVD was defined according to VARC I using the Core Lab Echocardiography assessments including aortic regurgitation (AR) and aortic stenosis (AS) evaluations. Total AR reported as moderate or severe was considered PVD. AS was defined as significant stenosis and considered PVD if one of the following was met:

* Peak velocity \>4 m/s
* Mean gradient \>35 mmHg
* EOA \< 0.8 cm2
* TVIV1 / TVIV2 \< 0.25","30 day, 6 month, 1 year, 2 year",2.8,percentage of participants,354,NUMBER,,True,2026-09-16T12:17:58Z
NCT01586910,"Safety and Efficacy Study of the Medtronic CoreValve® System in the Treatment of Severe, Symptomatic Aortic Stenosis in Intermediate Risk Subjects Who Need Aortic Valve Replacement (SURTAVI).",Medtronic CoreValve® System TAVI,SURTAVI,Percentage of Participants With Major Adverse Cardiovascular and Cerebrovascular Events (MACCE),"MACCE is defined as a composite of:

* All-cause death
* Myocardial infarction (MI)
* All stroke, and
* Reintervention (defined as any cardiac surgery or percutaneous reintervention catheter procedure that repairs, otherwise alters or adjusts, or replaces a previously implanted valve)","30 days, 6 months, 12 months, 18 months, and 24 months. Data for 3-5 years will be posted once data is complete.",5.7,percentage of participants,864,NUMBER,,True,2026-09-16T12:17:58Z
NCT01586910,"Safety and Efficacy Study of the Medtronic CoreValve® System in the Treatment of Severe, Symptomatic Aortic Stenosis in Intermediate Risk Subjects Who Need Aortic Valve Replacement (SURTAVI).",SAVR,SURTAVI,Percentage of Participants With Major Adverse Cardiovascular and Cerebrovascular Events (MACCE),"MACCE is defined as a composite of:

* All-cause death
* Myocardial infarction (MI)
* All stroke, and
* Reintervention (defined as any cardiac surgery or percutaneous reintervention catheter procedure that repairs, otherwise alters or adjusts, or replaces a previously implanted valve)","30 days, 6 months, 12 months, 18 months, and 24 months. Data for 3-5 years will be posted once data is complete.",7.3,percentage of participants,796,NUMBER,,True,2026-09-16T12:17:58Z
NCT01586910,"Safety and Efficacy Study of the Medtronic CoreValve® System in the Treatment of Severe, Symptomatic Aortic Stenosis in Intermediate Risk Subjects Who Need Aortic Valve Replacement (SURTAVI).",Medtronic CoreValve® System TAVI,SURTAVI,Percentage of Participants With Major Adverse Cardiovascular and Cerebrovascular Events (MACCE),"MACCE is defined as a composite of:

* All-cause death
* Myocardial infarction (MI)
* All stroke, and
* Reintervention (defined as any cardiac surgery or percutaneous reintervention catheter procedure that repairs, otherwise alters or adjusts, or replaces a previously implanted valve)","30 days, 6 months, 12 months, 18 months, and 24 months. Data for 3-5 years will be posted once data is complete.",9.5,percentage of participants,864,NUMBER,,True,2026-09-16T12:17:58Z
NCT01586910,"Safety and Efficacy Study of the Medtronic CoreValve® System in the Treatment of Severe, Symptomatic Aortic Stenosis in Intermediate Risk Subjects Who Need Aortic Valve Replacement (SURTAVI).",SAVR,SURTAVI,Percentage of Participants With Major Adverse Cardiovascular and Cerebrovascular Events (MACCE),"MACCE is defined as a composite of:

* All-cause death
* Myocardial infarction (MI)
* All stroke, and
* Reintervention (defined as any cardiac surgery or percutaneous reintervention catheter procedure that repairs, otherwise alters or adjusts, or replaces a previously implanted valve)","30 days, 6 months, 12 months, 18 months, and 24 months. Data for 3-5 years will be posted once data is complete.",10.7,percentage of participants,796,NUMBER,,True,2026-09-16T12:17:58Z
NCT01586910,"Safety and Efficacy Study of the Medtronic CoreValve® System in the Treatment of Severe, Symptomatic Aortic Stenosis in Intermediate Risk Subjects Who Need Aortic Valve Replacement (SURTAVI).",Medtronic CoreValve® System TAVI,SURTAVI,Percentage of Participants With Major Adverse Cardiovascular and Cerebrovascular Events (MACCE),"MACCE is defined as a composite of:

* All-cause death
* Myocardial infarction (MI)
* All stroke, and
* Reintervention (defined as any cardiac surgery or percutaneous reintervention catheter procedure that repairs, otherwise alters or adjusts, or replaces a previously implanted valve)","30 days, 6 months, 12 months, 18 months, and 24 months. Data for 3-5 years will be posted once data is complete.",13.0,percentage of participants,864,NUMBER,,True,2026-09-16T12:17:58Z
NCT01586910,"Safety and Efficacy Study of the Medtronic CoreValve® System in the Treatment of Severe, Symptomatic Aortic Stenosis in Intermediate Risk Subjects Who Need Aortic Valve Replacement (SURTAVI).",SAVR,SURTAVI,Percentage of Participants With Major Adverse Cardiovascular and Cerebrovascular Events (MACCE),"MACCE is defined as a composite of:

* All-cause death
* Myocardial infarction (MI)
* All stroke, and
* Reintervention (defined as any cardiac surgery or percutaneous reintervention catheter procedure that repairs, otherwise alters or adjusts, or replaces a previously implanted valve)","30 days, 6 months, 12 months, 18 months, and 24 months. Data for 3-5 years will be posted once data is complete.",13.0,percentage of participants,796,NUMBER,,True,2026-09-16T12:17:58Z
NCT01586910,"Safety and Efficacy Study of the Medtronic CoreValve® System in the Treatment of Severe, Symptomatic Aortic Stenosis in Intermediate Risk Subjects Who Need Aortic Valve Replacement (SURTAVI).",Medtronic CoreValve® System TAVI,SURTAVI,Percentage of Participants With Major Adverse Cardiovascular and Cerebrovascular Events (MACCE),"MACCE is defined as a composite of:

* All-cause death
* Myocardial infarction (MI)
* All stroke, and
* Reintervention (defined as any cardiac surgery or percutaneous reintervention catheter procedure that repairs, otherwise alters or adjusts, or replaces a previously implanted valve)","30 days, 6 months, 12 months, 18 months, and 24 months. Data for 3-5 years will be posted once data is complete.",15.6,percentage of participants,864,NUMBER,,True,2026-09-16T12:17:58Z
NCT01586910,"Safety and Efficacy Study of the Medtronic CoreValve® System in the Treatment of Severe, Symptomatic Aortic Stenosis in Intermediate Risk Subjects Who Need Aortic Valve Replacement (SURTAVI).",SAVR,SURTAVI,Percentage of Participants With Major Adverse Cardiovascular and Cerebrovascular Events (MACCE),"MACCE is defined as a composite of:

* All-cause death
* Myocardial infarction (MI)
* All stroke, and
* Reintervention (defined as any cardiac surgery or percutaneous reintervention catheter procedure that repairs, otherwise alters or adjusts, or replaces a previously implanted valve)","30 days, 6 months, 12 months, 18 months, and 24 months. Data for 3-5 years will be posted once data is complete.",14.8,percentage of participants,796,NUMBER,,True,2026-09-16T12:17:58Z
NCT01586910,"Safety and Efficacy Study of the Medtronic CoreValve® System in the Treatment of Severe, Symptomatic Aortic Stenosis in Intermediate Risk Subjects Who Need Aortic Valve Replacement (SURTAVI).",Medtronic CoreValve® System TAVI,SURTAVI,Percentage of Participants With Major Adverse Cardiovascular and Cerebrovascular Events (MACCE),"MACCE is defined as a composite of:

* All-cause death
* Myocardial infarction (MI)
* All stroke, and
* Reintervention (defined as any cardiac surgery or percutaneous reintervention catheter procedure that repairs, otherwise alters or adjusts, or replaces a previously implanted valve)","30 days, 6 months, 12 months, 18 months, and 24 months. Data for 3-5 years will be posted once data is complete.",18.5,percentage of participants,864,NUMBER,,True,2026-09-16T12:17:58Z
NCT01586910,"Safety and Efficacy Study of the Medtronic CoreValve® System in the Treatment of Severe, Symptomatic Aortic Stenosis in Intermediate Risk Subjects Who Need Aortic Valve Replacement (SURTAVI).",SAVR,SURTAVI,Percentage of Participants With Major Adverse Cardiovascular and Cerebrovascular Events (MACCE),"MACCE is defined as a composite of:

* All-cause death
* Myocardial infarction (MI)
* All stroke, and
* Reintervention (defined as any cardiac surgery or percutaneous reintervention catheter procedure that repairs, otherwise alters or adjusts, or replaces a previously implanted valve)","30 days, 6 months, 12 months, 18 months, and 24 months. Data for 3-5 years will be posted once data is complete.",18.2,percentage of participants,796,NUMBER,,True,2026-09-16T12:17:58Z
NCT01586910,"Safety and Efficacy Study of the Medtronic CoreValve® System in the Treatment of Severe, Symptomatic Aortic Stenosis in Intermediate Risk Subjects Who Need Aortic Valve Replacement (SURTAVI).",Medtronic CoreValve® System TAVI,SURTAVI,Percentage of Participants With Individual MACCE Components,"MACCE is defined as a composite of:

* All-cause death
* Myocardial infarction (MI)
* All stroke, and
* Reintervention (defined as any cardiac surgery or percutaneous reintervention catheter procedure that repairs, otherwise alters or adjusts, or replaces a previously implanted valve)","30 days, 6 months, 12 months, 18 months, and 24 months. Data for 3-5 years will be posted once data is complete.",2.1,percentage of participants,864,NUMBER,,True,2026-09-16T12:17:58Z
NCT01586910,"Safety and Efficacy Study of the Medtronic CoreValve® System in the Treatment of Severe, Symptomatic Aortic Stenosis in Intermediate Risk Subjects Who Need Aortic Valve Replacement (SURTAVI).",SAVR,SURTAVI,Percentage of Participants With Individual MACCE Components,"MACCE is defined as a composite of:

* All-cause death
* Myocardial infarction (MI)
* All stroke, and
* Reintervention (defined as any cardiac surgery or percutaneous reintervention catheter procedure that repairs, otherwise alters or adjusts, or replaces a previously implanted valve)","30 days, 6 months, 12 months, 18 months, and 24 months. Data for 3-5 years will be posted once data is complete.",1.6,percentage of participants,796,NUMBER,,True,2026-09-16T12:17:58Z
NCT01586910,"Safety and Efficacy Study of the Medtronic CoreValve® System in the Treatment of Severe, Symptomatic Aortic Stenosis in Intermediate Risk Subjects Who Need Aortic Valve Replacement (SURTAVI).",Medtronic CoreValve® System TAVI,SURTAVI,Percentage of Participants With Individual MACCE Components,"MACCE is defined as a composite of:

* All-cause death
* Myocardial infarction (MI)
* All stroke, and
* Reintervention (defined as any cardiac surgery or percutaneous reintervention catheter procedure that repairs, otherwise alters or adjusts, or replaces a previously implanted valve)","30 days, 6 months, 12 months, 18 months, and 24 months. Data for 3-5 years will be posted once data is complete.",0.8,percentage of participants,864,NUMBER,,True,2026-09-16T12:17:58Z
NCT01586910,"Safety and Efficacy Study of the Medtronic CoreValve® System in the Treatment of Severe, Symptomatic Aortic Stenosis in Intermediate Risk Subjects Who Need Aortic Valve Replacement (SURTAVI).",SAVR,SURTAVI,Percentage of Participants With Individual MACCE Components,"MACCE is defined as a composite of:

* All-cause death
* Myocardial infarction (MI)
* All stroke, and
* Reintervention (defined as any cardiac surgery or percutaneous reintervention catheter procedure that repairs, otherwise alters or adjusts, or replaces a previously implanted valve)","30 days, 6 months, 12 months, 18 months, and 24 months. Data for 3-5 years will be posted once data is complete.",0.9,percentage of participants,796,NUMBER,,True,2026-09-16T12:17:58Z
NCT01586910,"Safety and Efficacy Study of the Medtronic CoreValve® System in the Treatment of Severe, Symptomatic Aortic Stenosis in Intermediate Risk Subjects Who Need Aortic Valve Replacement (SURTAVI).",Medtronic CoreValve® System TAVI,SURTAVI,Percentage of Participants With Individual MACCE Components,"MACCE is defined as a composite of:

* All-cause death
* Myocardial infarction (MI)
* All stroke, and
* Reintervention (defined as any cardiac surgery or percutaneous reintervention catheter procedure that repairs, otherwise alters or adjusts, or replaces a previously implanted valve)","30 days, 6 months, 12 months, 18 months, and 24 months. Data for 3-5 years will be posted once data is complete.",3.3,percentage of participants,864,NUMBER,,True,2026-09-16T12:17:58Z
NCT01586910,"Safety and Efficacy Study of the Medtronic CoreValve® System in the Treatment of Severe, Symptomatic Aortic Stenosis in Intermediate Risk Subjects Who Need Aortic Valve Replacement (SURTAVI).",SAVR,SURTAVI,Percentage of Participants With Individual MACCE Components,"MACCE is defined as a composite of:

* All-cause death
* Myocardial infarction (MI)
* All stroke, and
* Reintervention (defined as any cardiac surgery or percutaneous reintervention catheter procedure that repairs, otherwise alters or adjusts, or replaces a previously implanted valve)","30 days, 6 months, 12 months, 18 months, and 24 months. Data for 3-5 years will be posted once data is complete.",5.4,percentage of participants,796,NUMBER,,True,2026-09-16T12:17:58Z
NCT01586910,"Safety and Efficacy Study of the Medtronic CoreValve® System in the Treatment of Severe, Symptomatic Aortic Stenosis in Intermediate Risk Subjects Who Need Aortic Valve Replacement (SURTAVI).",Medtronic CoreValve® System TAVI,SURTAVI,Percentage of Participants With Individual MACCE Components,"MACCE is defined as a composite of:

* All-cause death
* Myocardial infarction (MI)
* All stroke, and
* Reintervention (defined as any cardiac surgery or percutaneous reintervention catheter procedure that repairs, otherwise alters or adjusts, or replaces a previously implanted valve)","30 days, 6 months, 12 months, 18 months, and 24 months. Data for 3-5 years will be posted once data is complete.",0.8,percentage of participants,864,NUMBER,,True,2026-09-16T12:17:58Z
NCT01586910,"Safety and Efficacy Study of the Medtronic CoreValve® System in the Treatment of Severe, Symptomatic Aortic Stenosis in Intermediate Risk Subjects Who Need Aortic Valve Replacement (SURTAVI).",SAVR,SURTAVI,Percentage of Participants With Individual MACCE Components,"MACCE is defined as a composite of:

* All-cause death
* Myocardial infarction (MI)
* All stroke, and
* Reintervention (defined as any cardiac surgery or percutaneous reintervention catheter procedure that repairs, otherwise alters or adjusts, or replaces a previously implanted valve)","30 days, 6 months, 12 months, 18 months, and 24 months. Data for 3-5 years will be posted once data is complete.",0.1,percentage of participants,796,NUMBER,,True,2026-09-16T12:17:58Z
NCT01586910,"Safety and Efficacy Study of the Medtronic CoreValve® System in the Treatment of Severe, Symptomatic Aortic Stenosis in Intermediate Risk Subjects Who Need Aortic Valve Replacement (SURTAVI).",Medtronic CoreValve® System TAVI,SURTAVI,Percentage of Participants With Individual MACCE Components,"MACCE is defined as a composite of:

* All-cause death
* Myocardial infarction (MI)
* All stroke, and
* Reintervention (defined as any cardiac surgery or percutaneous reintervention catheter procedure that repairs, otherwise alters or adjusts, or replaces a previously implanted valve)","30 days, 6 months, 12 months, 18 months, and 24 months. Data for 3-5 years will be posted once data is complete.",4.2,percentage of participants,864,NUMBER,,True,2026-09-16T12:17:58Z
NCT01586910,"Safety and Efficacy Study of the Medtronic CoreValve® System in the Treatment of Severe, Symptomatic Aortic Stenosis in Intermediate Risk Subjects Who Need Aortic Valve Replacement (SURTAVI).",SAVR,SURTAVI,Percentage of Participants With Individual MACCE Components,"MACCE is defined as a composite of:

* All-cause death
* Myocardial infarction (MI)
* All stroke, and
* Reintervention (defined as any cardiac surgery or percutaneous reintervention catheter procedure that repairs, otherwise alters or adjusts, or replaces a previously implanted valve)","30 days, 6 months, 12 months, 18 months, and 24 months. Data for 3-5 years will be posted once data is complete.",4.7,percentage of participants,796,NUMBER,,True,2026-09-16T12:17:58Z
NCT01586910,"Safety and Efficacy Study of the Medtronic CoreValve® System in the Treatment of Severe, Symptomatic Aortic Stenosis in Intermediate Risk Subjects Who Need Aortic Valve Replacement (SURTAVI).",Medtronic CoreValve® System TAVI,SURTAVI,Percentage of Participants With Individual MACCE Components,"MACCE is defined as a composite of:

* All-cause death
* Myocardial infarction (MI)
* All stroke, and
* Reintervention (defined as any cardiac surgery or percutaneous reintervention catheter procedure that repairs, otherwise alters or adjusts, or replaces a previously implanted valve)","30 days, 6 months, 12 months, 18 months, and 24 months. Data for 3-5 years will be posted once data is complete.",1.2,percentage of participants,864,NUMBER,,True,2026-09-16T12:17:58Z
NCT01586910,"Safety and Efficacy Study of the Medtronic CoreValve® System in the Treatment of Severe, Symptomatic Aortic Stenosis in Intermediate Risk Subjects Who Need Aortic Valve Replacement (SURTAVI).",SAVR,SURTAVI,Percentage of Participants With Individual MACCE Components,"MACCE is defined as a composite of:

* All-cause death
* Myocardial infarction (MI)
* All stroke, and
* Reintervention (defined as any cardiac surgery or percutaneous reintervention catheter procedure that repairs, otherwise alters or adjusts, or replaces a previously implanted valve)","30 days, 6 months, 12 months, 18 months, and 24 months. Data for 3-5 years will be posted once data is complete.",1.4,percentage of participants,796,NUMBER,,True,2026-09-16T12:17:58Z
NCT01586910,"Safety and Efficacy Study of the Medtronic CoreValve® System in the Treatment of Severe, Symptomatic Aortic Stenosis in Intermediate Risk Subjects Who Need Aortic Valve Replacement (SURTAVI).",Medtronic CoreValve® System TAVI,SURTAVI,Percentage of Participants With Individual MACCE Components,"MACCE is defined as a composite of:

* All-cause death
* Myocardial infarction (MI)
* All stroke, and
* Reintervention (defined as any cardiac surgery or percutaneous reintervention catheter procedure that repairs, otherwise alters or adjusts, or replaces a previously implanted valve)","30 days, 6 months, 12 months, 18 months, and 24 months. Data for 3-5 years will be posted once data is complete.",4.6,percentage of participants,864,NUMBER,,True,2026-09-16T12:17:58Z
NCT01586910,"Safety and Efficacy Study of the Medtronic CoreValve® System in the Treatment of Severe, Symptomatic Aortic Stenosis in Intermediate Risk Subjects Who Need Aortic Valve Replacement (SURTAVI).",SAVR,SURTAVI,Percentage of Participants With Individual MACCE Components,"MACCE is defined as a composite of:

* All-cause death
* Myocardial infarction (MI)
* All stroke, and
* Reintervention (defined as any cardiac surgery or percutaneous reintervention catheter procedure that repairs, otherwise alters or adjusts, or replaces a previously implanted valve)","30 days, 6 months, 12 months, 18 months, and 24 months. Data for 3-5 years will be posted once data is complete.",6.6,percentage of participants,796,NUMBER,,True,2026-09-16T12:17:58Z
NCT01586910,"Safety and Efficacy Study of the Medtronic CoreValve® System in the Treatment of Severe, Symptomatic Aortic Stenosis in Intermediate Risk Subjects Who Need Aortic Valve Replacement (SURTAVI).",Medtronic CoreValve® System TAVI,SURTAVI,Percentage of Participants With Individual MACCE Components,"MACCE is defined as a composite of:

* All-cause death
* Myocardial infarction (MI)
* All stroke, and
* Reintervention (defined as any cardiac surgery or percutaneous reintervention catheter procedure that repairs, otherwise alters or adjusts, or replaces a previously implanted valve)","30 days, 6 months, 12 months, 18 months, and 24 months. Data for 3-5 years will be posted once data is complete.",1.8,percentage of participants,864,NUMBER,,True,2026-09-16T12:17:58Z
NCT01586910,"Safety and Efficacy Study of the Medtronic CoreValve® System in the Treatment of Severe, Symptomatic Aortic Stenosis in Intermediate Risk Subjects Who Need Aortic Valve Replacement (SURTAVI).",SAVR,SURTAVI,Percentage of Participants With Individual MACCE Components,"MACCE is defined as a composite of:

* All-cause death
* Myocardial infarction (MI)
* All stroke, and
* Reintervention (defined as any cardiac surgery or percutaneous reintervention catheter procedure that repairs, otherwise alters or adjusts, or replaces a previously implanted valve)","30 days, 6 months, 12 months, 18 months, and 24 months. Data for 3-5 years will be posted once data is complete.",0.3,percentage of participants,796,NUMBER,,True,2026-09-16T12:17:58Z
NCT01586910,"Safety and Efficacy Study of the Medtronic CoreValve® System in the Treatment of Severe, Symptomatic Aortic Stenosis in Intermediate Risk Subjects Who Need Aortic Valve Replacement (SURTAVI).",Medtronic CoreValve® System TAVI,SURTAVI,Percentage of Participants With Individual MACCE Components,"MACCE is defined as a composite of:

* All-cause death
* Myocardial infarction (MI)
* All stroke, and
* Reintervention (defined as any cardiac surgery or percutaneous reintervention catheter procedure that repairs, otherwise alters or adjusts, or replaces a previously implanted valve)","30 days, 6 months, 12 months, 18 months, and 24 months. Data for 3-5 years will be posted once data is complete.",6.5,percentage of participants,864,NUMBER,,True,2026-09-16T12:17:58Z
NCT01586910,"Safety and Efficacy Study of the Medtronic CoreValve® System in the Treatment of Severe, Symptomatic Aortic Stenosis in Intermediate Risk Subjects Who Need Aortic Valve Replacement (SURTAVI).",SAVR,SURTAVI,Percentage of Participants With Individual MACCE Components,"MACCE is defined as a composite of:

* All-cause death
* Myocardial infarction (MI)
* All stroke, and
* Reintervention (defined as any cardiac surgery or percutaneous reintervention catheter procedure that repairs, otherwise alters or adjusts, or replaces a previously implanted valve)","30 days, 6 months, 12 months, 18 months, and 24 months. Data for 3-5 years will be posted once data is complete.",6.7,percentage of participants,796,NUMBER,,True,2026-09-16T12:17:58Z
NCT01586910,"Safety and Efficacy Study of the Medtronic CoreValve® System in the Treatment of Severe, Symptomatic Aortic Stenosis in Intermediate Risk Subjects Who Need Aortic Valve Replacement (SURTAVI).",Medtronic CoreValve® System TAVI,SURTAVI,Percentage of Participants With Individual MACCE Components,"MACCE is defined as a composite of:

* All-cause death
* Myocardial infarction (MI)
* All stroke, and
* Reintervention (defined as any cardiac surgery or percutaneous reintervention catheter procedure that repairs, otherwise alters or adjusts, or replaces a previously implanted valve)","30 days, 6 months, 12 months, 18 months, and 24 months. Data for 3-5 years will be posted once data is complete.",1.9,percentage of participants,864,NUMBER,,True,2026-09-16T12:17:58Z
NCT01586910,"Safety and Efficacy Study of the Medtronic CoreValve® System in the Treatment of Severe, Symptomatic Aortic Stenosis in Intermediate Risk Subjects Who Need Aortic Valve Replacement (SURTAVI).",SAVR,SURTAVI,Percentage of Participants With Individual MACCE Components,"MACCE is defined as a composite of:

* All-cause death
* Myocardial infarction (MI)
* All stroke, and
* Reintervention (defined as any cardiac surgery or percutaneous reintervention catheter procedure that repairs, otherwise alters or adjusts, or replaces a previously implanted valve)","30 days, 6 months, 12 months, 18 months, and 24 months. Data for 3-5 years will be posted once data is complete.",1.4,percentage of participants,796,NUMBER,,True,2026-09-16T12:17:58Z
NCT01586910,"Safety and Efficacy Study of the Medtronic CoreValve® System in the Treatment of Severe, Symptomatic Aortic Stenosis in Intermediate Risk Subjects Who Need Aortic Valve Replacement (SURTAVI).",Medtronic CoreValve® System TAVI,SURTAVI,Percentage of Participants With Individual MACCE Components,"MACCE is defined as a composite of:

* All-cause death
* Myocardial infarction (MI)
* All stroke, and
* Reintervention (defined as any cardiac surgery or percutaneous reintervention catheter procedure that repairs, otherwise alters or adjusts, or replaces a previously implanted valve)","30 days, 6 months, 12 months, 18 months, and 24 months. Data for 3-5 years will be posted once data is complete.",5.2,percentage of participants,864,NUMBER,,True,2026-09-16T12:17:58Z
NCT01586910,"Safety and Efficacy Study of the Medtronic CoreValve® System in the Treatment of Severe, Symptomatic Aortic Stenosis in Intermediate Risk Subjects Who Need Aortic Valve Replacement (SURTAVI).",SAVR,SURTAVI,Percentage of Participants With Individual MACCE Components,"MACCE is defined as a composite of:

* All-cause death
* Myocardial infarction (MI)
* All stroke, and
* Reintervention (defined as any cardiac surgery or percutaneous reintervention catheter procedure that repairs, otherwise alters or adjusts, or replaces a previously implanted valve)","30 days, 6 months, 12 months, 18 months, and 24 months. Data for 3-5 years will be posted once data is complete.",6.9,percentage of participants,796,NUMBER,,True,2026-09-16T12:17:58Z
NCT01586910,"Safety and Efficacy Study of the Medtronic CoreValve® System in the Treatment of Severe, Symptomatic Aortic Stenosis in Intermediate Risk Subjects Who Need Aortic Valve Replacement (SURTAVI).",Medtronic CoreValve® System TAVI,SURTAVI,Percentage of Participants With Individual MACCE Components,"MACCE is defined as a composite of:

* All-cause death
* Myocardial infarction (MI)
* All stroke, and
* Reintervention (defined as any cardiac surgery or percutaneous reintervention catheter procedure that repairs, otherwise alters or adjusts, or replaces a previously implanted valve)","30 days, 6 months, 12 months, 18 months, and 24 months. Data for 3-5 years will be posted once data is complete.",2.0,percentage of participants,864,NUMBER,,True,2026-09-16T12:17:58Z
NCT01586910,"Safety and Efficacy Study of the Medtronic CoreValve® System in the Treatment of Severe, Symptomatic Aortic Stenosis in Intermediate Risk Subjects Who Need Aortic Valve Replacement (SURTAVI).",SAVR,SURTAVI,Percentage of Participants With Individual MACCE Components,"MACCE is defined as a composite of:

* All-cause death
* Myocardial infarction (MI)
* All stroke, and
* Reintervention (defined as any cardiac surgery or percutaneous reintervention catheter procedure that repairs, otherwise alters or adjusts, or replaces a previously implanted valve)","30 days, 6 months, 12 months, 18 months, and 24 months. Data for 3-5 years will be posted once data is complete.",0.5,percentage of participants,796,NUMBER,,True,2026-09-16T12:17:58Z
NCT01586910,"Safety and Efficacy Study of the Medtronic CoreValve® System in the Treatment of Severe, Symptomatic Aortic Stenosis in Intermediate Risk Subjects Who Need Aortic Valve Replacement (SURTAVI).",Medtronic CoreValve® System TAVI,SURTAVI,Percentage of Participants With Individual MACCE Components,"MACCE is defined as a composite of:

* All-cause death
* Myocardial infarction (MI)
* All stroke, and
* Reintervention (defined as any cardiac surgery or percutaneous reintervention catheter procedure that repairs, otherwise alters or adjusts, or replaces a previously implanted valve)","30 days, 6 months, 12 months, 18 months, and 24 months. Data for 3-5 years will be posted once data is complete.",8.5,percentage of participants,864,NUMBER,,True,2026-09-16T12:17:58Z
NCT01586910,"Safety and Efficacy Study of the Medtronic CoreValve® System in the Treatment of Severe, Symptomatic Aortic Stenosis in Intermediate Risk Subjects Who Need Aortic Valve Replacement (SURTAVI).",SAVR,SURTAVI,Percentage of Participants With Individual MACCE Components,"MACCE is defined as a composite of:

* All-cause death
* Myocardial infarction (MI)
* All stroke, and
* Reintervention (defined as any cardiac surgery or percutaneous reintervention catheter procedure that repairs, otherwise alters or adjusts, or replaces a previously implanted valve)","30 days, 6 months, 12 months, 18 months, and 24 months. Data for 3-5 years will be posted once data is complete.",7.9,percentage of participants,796,NUMBER,,True,2026-09-16T12:17:58Z
NCT01586910,"Safety and Efficacy Study of the Medtronic CoreValve® System in the Treatment of Severe, Symptomatic Aortic Stenosis in Intermediate Risk Subjects Who Need Aortic Valve Replacement (SURTAVI).",Medtronic CoreValve® System TAVI,SURTAVI,Percentage of Participants With Individual MACCE Components,"MACCE is defined as a composite of:

* All-cause death
* Myocardial infarction (MI)
* All stroke, and
* Reintervention (defined as any cardiac surgery or percutaneous reintervention catheter procedure that repairs, otherwise alters or adjusts, or replaces a previously implanted valve)","30 days, 6 months, 12 months, 18 months, and 24 months. Data for 3-5 years will be posted once data is complete.",2.2,percentage of participants,864,NUMBER,,True,2026-09-16T12:17:58Z
NCT01586910,"Safety and Efficacy Study of the Medtronic CoreValve® System in the Treatment of Severe, Symptomatic Aortic Stenosis in Intermediate Risk Subjects Who Need Aortic Valve Replacement (SURTAVI).",SAVR,SURTAVI,Percentage of Participants With Individual MACCE Components,"MACCE is defined as a composite of:

* All-cause death
* Myocardial infarction (MI)
* All stroke, and
* Reintervention (defined as any cardiac surgery or percutaneous reintervention catheter procedure that repairs, otherwise alters or adjusts, or replaces a previously implanted valve)","30 days, 6 months, 12 months, 18 months, and 24 months. Data for 3-5 years will be posted once data is complete.",1.8,percentage of participants,796,NUMBER,,True,2026-09-16T12:17:58Z
NCT01586910,"Safety and Efficacy Study of the Medtronic CoreValve® System in the Treatment of Severe, Symptomatic Aortic Stenosis in Intermediate Risk Subjects Who Need Aortic Valve Replacement (SURTAVI).",Medtronic CoreValve® System TAVI,SURTAVI,Percentage of Participants With Individual MACCE Components,"MACCE is defined as a composite of:

* All-cause death
* Myocardial infarction (MI)
* All stroke, and
* Reintervention (defined as any cardiac surgery or percutaneous reintervention catheter procedure that repairs, otherwise alters or adjusts, or replaces a previously implanted valve)","30 days, 6 months, 12 months, 18 months, and 24 months. Data for 3-5 years will be posted once data is complete.",5.7,percentage of participants,864,NUMBER,,True,2026-09-16T12:17:58Z
NCT01586910,"Safety and Efficacy Study of the Medtronic CoreValve® System in the Treatment of Severe, Symptomatic Aortic Stenosis in Intermediate Risk Subjects Who Need Aortic Valve Replacement (SURTAVI).",SAVR,SURTAVI,Percentage of Participants With Individual MACCE Components,"MACCE is defined as a composite of:

* All-cause death
* Myocardial infarction (MI)
* All stroke, and
* Reintervention (defined as any cardiac surgery or percutaneous reintervention catheter procedure that repairs, otherwise alters or adjusts, or replaces a previously implanted valve)","30 days, 6 months, 12 months, 18 months, and 24 months. Data for 3-5 years will be posted once data is complete.",7.5,percentage of participants,796,NUMBER,,True,2026-09-16T12:17:58Z
NCT01586910,"Safety and Efficacy Study of the Medtronic CoreValve® System in the Treatment of Severe, Symptomatic Aortic Stenosis in Intermediate Risk Subjects Who Need Aortic Valve Replacement (SURTAVI).",Medtronic CoreValve® System TAVI,SURTAVI,Percentage of Participants With Individual MACCE Components,"MACCE is defined as a composite of:

* All-cause death
* Myocardial infarction (MI)
* All stroke, and
* Reintervention (defined as any cardiac surgery or percutaneous reintervention catheter procedure that repairs, otherwise alters or adjusts, or replaces a previously implanted valve)","30 days, 6 months, 12 months, 18 months, and 24 months. Data for 3-5 years will be posted once data is complete.",2.4,percentage of participants,864,NUMBER,,True,2026-09-16T12:17:58Z
NCT01586910,"Safety and Efficacy Study of the Medtronic CoreValve® System in the Treatment of Severe, Symptomatic Aortic Stenosis in Intermediate Risk Subjects Who Need Aortic Valve Replacement (SURTAVI).",SAVR,SURTAVI,Percentage of Participants With Individual MACCE Components,"MACCE is defined as a composite of:

* All-cause death
* Myocardial infarction (MI)
* All stroke, and
* Reintervention (defined as any cardiac surgery or percutaneous reintervention catheter procedure that repairs, otherwise alters or adjusts, or replaces a previously implanted valve)","30 days, 6 months, 12 months, 18 months, and 24 months. Data for 3-5 years will be posted once data is complete.",0.5,percentage of participants,796,NUMBER,,True,2026-09-16T12:17:58Z
NCT01586910,"Safety and Efficacy Study of the Medtronic CoreValve® System in the Treatment of Severe, Symptomatic Aortic Stenosis in Intermediate Risk Subjects Who Need Aortic Valve Replacement (SURTAVI).",Medtronic CoreValve® System TAVI,SURTAVI,Percentage of Participants With Individual MACCE Components,"MACCE is defined as a composite of:

* All-cause death
* Myocardial infarction (MI)
* All stroke, and
* Reintervention (defined as any cardiac surgery or percutaneous reintervention catheter procedure that repairs, otherwise alters or adjusts, or replaces a previously implanted valve)","30 days, 6 months, 12 months, 18 months, and 24 months. Data for 3-5 years will be posted once data is complete.",11.5,percentage of participants,864,NUMBER,,True,2026-09-16T12:17:58Z
NCT01586910,"Safety and Efficacy Study of the Medtronic CoreValve® System in the Treatment of Severe, Symptomatic Aortic Stenosis in Intermediate Risk Subjects Who Need Aortic Valve Replacement (SURTAVI).",SAVR,SURTAVI,Percentage of Participants With Individual MACCE Components,"MACCE is defined as a composite of:

* All-cause death
* Myocardial infarction (MI)
* All stroke, and
* Reintervention (defined as any cardiac surgery or percutaneous reintervention catheter procedure that repairs, otherwise alters or adjusts, or replaces a previously implanted valve)","30 days, 6 months, 12 months, 18 months, and 24 months. Data for 3-5 years will be posted once data is complete.",10.5,percentage of participants,796,NUMBER,,True,2026-09-16T12:17:58Z
NCT01586910,"Safety and Efficacy Study of the Medtronic CoreValve® System in the Treatment of Severe, Symptomatic Aortic Stenosis in Intermediate Risk Subjects Who Need Aortic Valve Replacement (SURTAVI).",Medtronic CoreValve® System TAVI,SURTAVI,Percentage of Participants With Individual MACCE Components,"MACCE is defined as a composite of:

* All-cause death
* Myocardial infarction (MI)
* All stroke, and
* Reintervention (defined as any cardiac surgery or percutaneous reintervention catheter procedure that repairs, otherwise alters or adjusts, or replaces a previously implanted valve)","30 days, 6 months, 12 months, 18 months, and 24 months. Data for 3-5 years will be posted once data is complete.",2.7,percentage of participants,864,NUMBER,,True,2026-09-16T12:17:58Z
NCT01586910,"Safety and Efficacy Study of the Medtronic CoreValve® System in the Treatment of Severe, Symptomatic Aortic Stenosis in Intermediate Risk Subjects Who Need Aortic Valve Replacement (SURTAVI).",SAVR,SURTAVI,Percentage of Participants With Individual MACCE Components,"MACCE is defined as a composite of:

* All-cause death
* Myocardial infarction (MI)
* All stroke, and
* Reintervention (defined as any cardiac surgery or percutaneous reintervention catheter procedure that repairs, otherwise alters or adjusts, or replaces a previously implanted valve)","30 days, 6 months, 12 months, 18 months, and 24 months. Data for 3-5 years will be posted once data is complete.",2.2,percentage of participants,796,NUMBER,,True,2026-09-16T12:17:58Z
NCT01586910,"Safety and Efficacy Study of the Medtronic CoreValve® System in the Treatment of Severe, Symptomatic Aortic Stenosis in Intermediate Risk Subjects Who Need Aortic Valve Replacement (SURTAVI).",Medtronic CoreValve® System TAVI,SURTAVI,Percentage of Participants With Individual MACCE Components,"MACCE is defined as a composite of:

* All-cause death
* Myocardial infarction (MI)
* All stroke, and
* Reintervention (defined as any cardiac surgery or percutaneous reintervention catheter procedure that repairs, otherwise alters or adjusts, or replaces a previously implanted valve)","30 days, 6 months, 12 months, 18 months, and 24 months. Data for 3-5 years will be posted once data is complete.",6.0,percentage of participants,864,NUMBER,,True,2026-09-16T12:17:58Z
NCT01586910,"Safety and Efficacy Study of the Medtronic CoreValve® System in the Treatment of Severe, Symptomatic Aortic Stenosis in Intermediate Risk Subjects Who Need Aortic Valve Replacement (SURTAVI).",SAVR,SURTAVI,Percentage of Participants With Individual MACCE Components,"MACCE is defined as a composite of:

* All-cause death
* Myocardial infarction (MI)
* All stroke, and
* Reintervention (defined as any cardiac surgery or percutaneous reintervention catheter procedure that repairs, otherwise alters or adjusts, or replaces a previously implanted valve)","30 days, 6 months, 12 months, 18 months, and 24 months. Data for 3-5 years will be posted once data is complete.",8.5,percentage of participants,796,NUMBER,,True,2026-09-16T12:17:58Z
NCT01586910,"Safety and Efficacy Study of the Medtronic CoreValve® System in the Treatment of Severe, Symptomatic Aortic Stenosis in Intermediate Risk Subjects Who Need Aortic Valve Replacement (SURTAVI).",Medtronic CoreValve® System TAVI,SURTAVI,Percentage of Participants With Individual MACCE Components,"MACCE is defined as a composite of:

* All-cause death
* Myocardial infarction (MI)
* All stroke, and
* Reintervention (defined as any cardiac surgery or percutaneous reintervention catheter procedure that repairs, otherwise alters or adjusts, or replaces a previously implanted valve)","30 days, 6 months, 12 months, 18 months, and 24 months. Data for 3-5 years will be posted once data is complete.",2.4,percentage of participants,864,NUMBER,,True,2026-09-16T12:17:58Z
NCT01586910,"Safety and Efficacy Study of the Medtronic CoreValve® System in the Treatment of Severe, Symptomatic Aortic Stenosis in Intermediate Risk Subjects Who Need Aortic Valve Replacement (SURTAVI).",SAVR,SURTAVI,Percentage of Participants With Individual MACCE Components,"MACCE is defined as a composite of:

* All-cause death
* Myocardial infarction (MI)
* All stroke, and
* Reintervention (defined as any cardiac surgery or percutaneous reintervention catheter procedure that repairs, otherwise alters or adjusts, or replaces a previously implanted valve)","30 days, 6 months, 12 months, 18 months, and 24 months. Data for 3-5 years will be posted once data is complete.",0.5,percentage of participants,796,NUMBER,,True,2026-09-16T12:17:58Z
NCT01586910,"Safety and Efficacy Study of the Medtronic CoreValve® System in the Treatment of Severe, Symptomatic Aortic Stenosis in Intermediate Risk Subjects Who Need Aortic Valve Replacement (SURTAVI).",Medtronic CoreValve® System TAVI,SURTAVI,Percentage of Participants With Major Adverse Events (MAE),"Major Adverse Events (MAE) include all death, MI, all stroke, reintervention, cardiac perforation, cardiac tamponade, cardiogenic shock, valve malpositioning, prosthetic valve dysfunction, acute kidney injury, major vascular complication, life threatening or disabling bleed, major bleed, and valve endocarditis.","30 days, 6 months, 12 months, 18 months, and 24 months. Data for 3-5 years will be posted once data is complete.",23.7,percentage of participants,864,NUMBER,,True,2026-09-16T12:17:58Z
NCT01586910,"Safety and Efficacy Study of the Medtronic CoreValve® System in the Treatment of Severe, Symptomatic Aortic Stenosis in Intermediate Risk Subjects Who Need Aortic Valve Replacement (SURTAVI).",SAVR,SURTAVI,Percentage of Participants With Major Adverse Events (MAE),"Major Adverse Events (MAE) include all death, MI, all stroke, reintervention, cardiac perforation, cardiac tamponade, cardiogenic shock, valve malpositioning, prosthetic valve dysfunction, acute kidney injury, major vascular complication, life threatening or disabling bleed, major bleed, and valve endocarditis.","30 days, 6 months, 12 months, 18 months, and 24 months. Data for 3-5 years will be posted once data is complete.",30.3,percentage of participants,796,NUMBER,,True,2026-09-16T12:17:58Z
NCT01586910,"Safety and Efficacy Study of the Medtronic CoreValve® System in the Treatment of Severe, Symptomatic Aortic Stenosis in Intermediate Risk Subjects Who Need Aortic Valve Replacement (SURTAVI).",Medtronic CoreValve® System TAVI,SURTAVI,Percentage of Participants With Major Adverse Events (MAE),"Major Adverse Events (MAE) include all death, MI, all stroke, reintervention, cardiac perforation, cardiac tamponade, cardiogenic shock, valve malpositioning, prosthetic valve dysfunction, acute kidney injury, major vascular complication, life threatening or disabling bleed, major bleed, and valve endocarditis.","30 days, 6 months, 12 months, 18 months, and 24 months. Data for 3-5 years will be posted once data is complete.",28.5,percentage of participants,864,NUMBER,,True,2026-09-16T12:17:58Z
NCT01586910,"Safety and Efficacy Study of the Medtronic CoreValve® System in the Treatment of Severe, Symptomatic Aortic Stenosis in Intermediate Risk Subjects Who Need Aortic Valve Replacement (SURTAVI).",SAVR,SURTAVI,Percentage of Participants With Major Adverse Events (MAE),"Major Adverse Events (MAE) include all death, MI, all stroke, reintervention, cardiac perforation, cardiac tamponade, cardiogenic shock, valve malpositioning, prosthetic valve dysfunction, acute kidney injury, major vascular complication, life threatening or disabling bleed, major bleed, and valve endocarditis.","30 days, 6 months, 12 months, 18 months, and 24 months. Data for 3-5 years will be posted once data is complete.",33.6,percentage of participants,796,NUMBER,,True,2026-09-16T12:17:58Z
NCT01586910,"Safety and Efficacy Study of the Medtronic CoreValve® System in the Treatment of Severe, Symptomatic Aortic Stenosis in Intermediate Risk Subjects Who Need Aortic Valve Replacement (SURTAVI).",Medtronic CoreValve® System TAVI,SURTAVI,Percentage of Participants With Major Adverse Events (MAE),"Major Adverse Events (MAE) include all death, MI, all stroke, reintervention, cardiac perforation, cardiac tamponade, cardiogenic shock, valve malpositioning, prosthetic valve dysfunction, acute kidney injury, major vascular complication, life threatening or disabling bleed, major bleed, and valve endocarditis.","30 days, 6 months, 12 months, 18 months, and 24 months. Data for 3-5 years will be posted once data is complete.",33.0,percentage of participants,864,NUMBER,,True,2026-09-16T12:17:58Z
NCT01586910,"Safety and Efficacy Study of the Medtronic CoreValve® System in the Treatment of Severe, Symptomatic Aortic Stenosis in Intermediate Risk Subjects Who Need Aortic Valve Replacement (SURTAVI).",SAVR,SURTAVI,Percentage of Participants With Major Adverse Events (MAE),"Major Adverse Events (MAE) include all death, MI, all stroke, reintervention, cardiac perforation, cardiac tamponade, cardiogenic shock, valve malpositioning, prosthetic valve dysfunction, acute kidney injury, major vascular complication, life threatening or disabling bleed, major bleed, and valve endocarditis.","30 days, 6 months, 12 months, 18 months, and 24 months. Data for 3-5 years will be posted once data is complete.",35.8,percentage of participants,796,NUMBER,,True,2026-09-16T12:17:58Z
NCT01586910,"Safety and Efficacy Study of the Medtronic CoreValve® System in the Treatment of Severe, Symptomatic Aortic Stenosis in Intermediate Risk Subjects Who Need Aortic Valve Replacement (SURTAVI).",Medtronic CoreValve® System TAVI,SURTAVI,Percentage of Participants With Major Adverse Events (MAE),"Major Adverse Events (MAE) include all death, MI, all stroke, reintervention, cardiac perforation, cardiac tamponade, cardiogenic shock, valve malpositioning, prosthetic valve dysfunction, acute kidney injury, major vascular complication, life threatening or disabling bleed, major bleed, and valve endocarditis.","30 days, 6 months, 12 months, 18 months, and 24 months. Data for 3-5 years will be posted once data is complete.",36.6,percentage of participants,864,NUMBER,,True,2026-09-16T12:17:58Z
NCT01586910,"Safety and Efficacy Study of the Medtronic CoreValve® System in the Treatment of Severe, Symptomatic Aortic Stenosis in Intermediate Risk Subjects Who Need Aortic Valve Replacement (SURTAVI).",SAVR,SURTAVI,Percentage of Participants With Major Adverse Events (MAE),"Major Adverse Events (MAE) include all death, MI, all stroke, reintervention, cardiac perforation, cardiac tamponade, cardiogenic shock, valve malpositioning, prosthetic valve dysfunction, acute kidney injury, major vascular complication, life threatening or disabling bleed, major bleed, and valve endocarditis.","30 days, 6 months, 12 months, 18 months, and 24 months. Data for 3-5 years will be posted once data is complete.",38.4,percentage of participants,796,NUMBER,,True,2026-09-16T12:17:58Z
NCT01586910,"Safety and Efficacy Study of the Medtronic CoreValve® System in the Treatment of Severe, Symptomatic Aortic Stenosis in Intermediate Risk Subjects Who Need Aortic Valve Replacement (SURTAVI).",Medtronic CoreValve® System TAVI,SURTAVI,Percentage of Participants With Major Adverse Events (MAE),"Major Adverse Events (MAE) include all death, MI, all stroke, reintervention, cardiac perforation, cardiac tamponade, cardiogenic shock, valve malpositioning, prosthetic valve dysfunction, acute kidney injury, major vascular complication, life threatening or disabling bleed, major bleed, and valve endocarditis.","30 days, 6 months, 12 months, 18 months, and 24 months. Data for 3-5 years will be posted once data is complete.",40.0,percentage of participants,864,NUMBER,,True,2026-09-16T12:17:58Z
NCT01586910,"Safety and Efficacy Study of the Medtronic CoreValve® System in the Treatment of Severe, Symptomatic Aortic Stenosis in Intermediate Risk Subjects Who Need Aortic Valve Replacement (SURTAVI).",SAVR,SURTAVI,Percentage of Participants With Major Adverse Events (MAE),"Major Adverse Events (MAE) include all death, MI, all stroke, reintervention, cardiac perforation, cardiac tamponade, cardiogenic shock, valve malpositioning, prosthetic valve dysfunction, acute kidney injury, major vascular complication, life threatening or disabling bleed, major bleed, and valve endocarditis.","30 days, 6 months, 12 months, 18 months, and 24 months. Data for 3-5 years will be posted once data is complete.",41.8,percentage of participants,796,NUMBER,,True,2026-09-16T12:17:58Z
NCT01586910,"Safety and Efficacy Study of the Medtronic CoreValve® System in the Treatment of Severe, Symptomatic Aortic Stenosis in Intermediate Risk Subjects Who Need Aortic Valve Replacement (SURTAVI).",Medtronic CoreValve® System TAVI,SURTAVI,Transvalvular Mean Gradient (in mmHg) as an Assessment of Prosthetic Valve Performance,"Using the following measure:

-Transvalvular mean gradient","discharge, 6 months, 12 months, and 24 months. Data for 3-5 years will be posted once data is complete",8.82,mmHg,863,MEAN,,True,2026-09-16T12:17:58Z
NCT01586910,"Safety and Efficacy Study of the Medtronic CoreValve® System in the Treatment of Severe, Symptomatic Aortic Stenosis in Intermediate Risk Subjects Who Need Aortic Valve Replacement (SURTAVI).",SAVR,SURTAVI,Transvalvular Mean Gradient (in mmHg) as an Assessment of Prosthetic Valve Performance,"Using the following measure:

-Transvalvular mean gradient","discharge, 6 months, 12 months, and 24 months. Data for 3-5 years will be posted once data is complete",12.39,mmHg,794,MEAN,,True,2026-09-16T12:17:58Z
NCT01586910,"Safety and Efficacy Study of the Medtronic CoreValve® System in the Treatment of Severe, Symptomatic Aortic Stenosis in Intermediate Risk Subjects Who Need Aortic Valve Replacement (SURTAVI).",Medtronic CoreValve® System TAVI,SURTAVI,Transvalvular Mean Gradient (in mmHg) as an Assessment of Prosthetic Valve Performance,"Using the following measure:

-Transvalvular mean gradient","discharge, 6 months, 12 months, and 24 months. Data for 3-5 years will be posted once data is complete",8.28,mmHg,863,MEAN,,True,2026-09-16T12:17:58Z
NCT01586910,"Safety and Efficacy Study of the Medtronic CoreValve® System in the Treatment of Severe, Symptomatic Aortic Stenosis in Intermediate Risk Subjects Who Need Aortic Valve Replacement (SURTAVI).",SAVR,SURTAVI,Transvalvular Mean Gradient (in mmHg) as an Assessment of Prosthetic Valve Performance,"Using the following measure:

-Transvalvular mean gradient","discharge, 6 months, 12 months, and 24 months. Data for 3-5 years will be posted once data is complete",11.10,mmHg,794,MEAN,,True,2026-09-16T12:17:58Z
NCT01586910,"Safety and Efficacy Study of the Medtronic CoreValve® System in the Treatment of Severe, Symptomatic Aortic Stenosis in Intermediate Risk Subjects Who Need Aortic Valve Replacement (SURTAVI).",Medtronic CoreValve® System TAVI,SURTAVI,Transvalvular Mean Gradient (in mmHg) as an Assessment of Prosthetic Valve Performance,"Using the following measure:

-Transvalvular mean gradient","discharge, 6 months, 12 months, and 24 months. Data for 3-5 years will be posted once data is complete",8.34,mmHg,863,MEAN,,True,2026-09-16T12:17:58Z
NCT01586910,"Safety and Efficacy Study of the Medtronic CoreValve® System in the Treatment of Severe, Symptomatic Aortic Stenosis in Intermediate Risk Subjects Who Need Aortic Valve Replacement (SURTAVI).",SAVR,SURTAVI,Transvalvular Mean Gradient (in mmHg) as an Assessment of Prosthetic Valve Performance,"Using the following measure:

-Transvalvular mean gradient","discharge, 6 months, 12 months, and 24 months. Data for 3-5 years will be posted once data is complete",11.57,mmHg,794,MEAN,,True,2026-09-16T12:17:58Z
NCT01586910,"Safety and Efficacy Study of the Medtronic CoreValve® System in the Treatment of Severe, Symptomatic Aortic Stenosis in Intermediate Risk Subjects Who Need Aortic Valve Replacement (SURTAVI).",Medtronic CoreValve® System TAVI,SURTAVI,Transvalvular Mean Gradient (in mmHg) as an Assessment of Prosthetic Valve Performance,"Using the following measure:

-Transvalvular mean gradient","discharge, 6 months, 12 months, and 24 months. Data for 3-5 years will be posted once data is complete",8.20,mmHg,863,MEAN,,True,2026-09-16T12:17:58Z
NCT01586910,"Safety and Efficacy Study of the Medtronic CoreValve® System in the Treatment of Severe, Symptomatic Aortic Stenosis in Intermediate Risk Subjects Who Need Aortic Valve Replacement (SURTAVI).",SAVR,SURTAVI,Transvalvular Mean Gradient (in mmHg) as an Assessment of Prosthetic Valve Performance,"Using the following measure:

-Transvalvular mean gradient","discharge, 6 months, 12 months, and 24 months. Data for 3-5 years will be posted once data is complete",11.55,mmHg,794,MEAN,,True,2026-09-16T12:17:58Z
NCT01586910,"Safety and Efficacy Study of the Medtronic CoreValve® System in the Treatment of Severe, Symptomatic Aortic Stenosis in Intermediate Risk Subjects Who Need Aortic Valve Replacement (SURTAVI).",Medtronic CoreValve® System TAVI,SURTAVI,Effective Orifice Area as an Assessment of Prosthetic Valve Performance,"Using the following measure:

-Effective Orifice Area (cm\^2)","discharge, 6 months, 12 months, and 24 months. Data for 3-5 years will be posted once data is complete",2.13,cm^2,863,MEAN,,True,2026-09-16T12:17:58Z
NCT01586910,"Safety and Efficacy Study of the Medtronic CoreValve® System in the Treatment of Severe, Symptomatic Aortic Stenosis in Intermediate Risk Subjects Who Need Aortic Valve Replacement (SURTAVI).",SAVR,SURTAVI,Effective Orifice Area as an Assessment of Prosthetic Valve Performance,"Using the following measure:

-Effective Orifice Area (cm\^2)","discharge, 6 months, 12 months, and 24 months. Data for 3-5 years will be posted once data is complete",1.82,cm^2,794,MEAN,,True,2026-09-16T12:17:58Z
NCT01586910,"Safety and Efficacy Study of the Medtronic CoreValve® System in the Treatment of Severe, Symptomatic Aortic Stenosis in Intermediate Risk Subjects Who Need Aortic Valve Replacement (SURTAVI).",Medtronic CoreValve® System TAVI,SURTAVI,Effective Orifice Area as an Assessment of Prosthetic Valve Performance,"Using the following measure:

-Effective Orifice Area (cm\^2)","discharge, 6 months, 12 months, and 24 months. Data for 3-5 years will be posted once data is complete",2.14,cm^2,863,MEAN,,True,2026-09-16T12:17:58Z
NCT01586910,"Safety and Efficacy Study of the Medtronic CoreValve® System in the Treatment of Severe, Symptomatic Aortic Stenosis in Intermediate Risk Subjects Who Need Aortic Valve Replacement (SURTAVI).",SAVR,SURTAVI,Effective Orifice Area as an Assessment of Prosthetic Valve Performance,"Using the following measure:

-Effective Orifice Area (cm\^2)","discharge, 6 months, 12 months, and 24 months. Data for 3-5 years will be posted once data is complete",1.80,cm^2,794,MEAN,,True,2026-09-16T12:17:58Z
NCT01586910,"Safety and Efficacy Study of the Medtronic CoreValve® System in the Treatment of Severe, Symptomatic Aortic Stenosis in Intermediate Risk Subjects Who Need Aortic Valve Replacement (SURTAVI).",Medtronic CoreValve® System TAVI,SURTAVI,Effective Orifice Area as an Assessment of Prosthetic Valve Performance,"Using the following measure:

-Effective Orifice Area (cm\^2)","discharge, 6 months, 12 months, and 24 months. Data for 3-5 years will be posted once data is complete",2.13,cm^2,863,MEAN,,True,2026-09-16T12:17:58Z
NCT01586910,"Safety and Efficacy Study of the Medtronic CoreValve® System in the Treatment of Severe, Symptomatic Aortic Stenosis in Intermediate Risk Subjects Who Need Aortic Valve Replacement (SURTAVI).",SAVR,SURTAVI,Effective Orifice Area as an Assessment of Prosthetic Valve Performance,"Using the following measure:

-Effective Orifice Area (cm\^2)","discharge, 6 months, 12 months, and 24 months. Data for 3-5 years will be posted once data is complete",1.78,cm^2,794,MEAN,,True,2026-09-16T12:17:58Z
NCT01586910,"Safety and Efficacy Study of the Medtronic CoreValve® System in the Treatment of Severe, Symptomatic Aortic Stenosis in Intermediate Risk Subjects Who Need Aortic Valve Replacement (SURTAVI).",Medtronic CoreValve® System TAVI,SURTAVI,Effective Orifice Area as an Assessment of Prosthetic Valve Performance,"Using the following measure:

-Effective Orifice Area (cm\^2)","discharge, 6 months, 12 months, and 24 months. Data for 3-5 years will be posted once data is complete",2.15,cm^2,863,MEAN,,True,2026-09-16T12:17:58Z
NCT01586910,"Safety and Efficacy Study of the Medtronic CoreValve® System in the Treatment of Severe, Symptomatic Aortic Stenosis in Intermediate Risk Subjects Who Need Aortic Valve Replacement (SURTAVI).",SAVR,SURTAVI,Effective Orifice Area as an Assessment of Prosthetic Valve Performance,"Using the following measure:

-Effective Orifice Area (cm\^2)","discharge, 6 months, 12 months, and 24 months. Data for 3-5 years will be posted once data is complete",1.77,cm^2,794,MEAN,,True,2026-09-16T12:17:58Z
NCT01586910,"Safety and Efficacy Study of the Medtronic CoreValve® System in the Treatment of Severe, Symptomatic Aortic Stenosis in Intermediate Risk Subjects Who Need Aortic Valve Replacement (SURTAVI).",Medtronic CoreValve® System TAVI,SURTAVI,Degree of Aortic Valve Regurgitation as an Assessment of Prosthetic Valve Performance,"Using the following measure:

\- Degree of Aortic Valve Regurgitation (Transvalvular and Paravalvular)","discharge, 6 months, 12 months, and 24 months. Data for 3-5 years will be posted once data is complete",24.9,Percentage of participants,863,NUMBER,,True,2026-09-16T12:17:58Z
NCT01586910,"Safety and Efficacy Study of the Medtronic CoreValve® System in the Treatment of Severe, Symptomatic Aortic Stenosis in Intermediate Risk Subjects Who Need Aortic Valve Replacement (SURTAVI).",SAVR,SURTAVI,Degree of Aortic Valve Regurgitation as an Assessment of Prosthetic Valve Performance,"Using the following measure:

\- Degree of Aortic Valve Regurgitation (Transvalvular and Paravalvular)","discharge, 6 months, 12 months, and 24 months. Data for 3-5 years will be posted once data is complete",67.9,Percentage of participants,794,NUMBER,,True,2026-09-16T12:17:58Z
NCT01586910,"Safety and Efficacy Study of the Medtronic CoreValve® System in the Treatment of Severe, Symptomatic Aortic Stenosis in Intermediate Risk Subjects Who Need Aortic Valve Replacement (SURTAVI).",Medtronic CoreValve® System TAVI,SURTAVI,Degree of Aortic Valve Regurgitation as an Assessment of Prosthetic Valve Performance,"Using the following measure:

\- Degree of Aortic Valve Regurgitation (Transvalvular and Paravalvular)","discharge, 6 months, 12 months, and 24 months. Data for 3-5 years will be posted once data is complete",35.7,Percentage of participants,863,NUMBER,,True,2026-09-16T12:17:58Z
NCT01586910,"Safety and Efficacy Study of the Medtronic CoreValve® System in the Treatment of Severe, Symptomatic Aortic Stenosis in Intermediate Risk Subjects Who Need Aortic Valve Replacement (SURTAVI).",SAVR,SURTAVI,Degree of Aortic Valve Regurgitation as an Assessment of Prosthetic Valve Performance,"Using the following measure:

\- Degree of Aortic Valve Regurgitation (Transvalvular and Paravalvular)","discharge, 6 months, 12 months, and 24 months. Data for 3-5 years will be posted once data is complete",24.6,Percentage of participants,794,NUMBER,,True,2026-09-16T12:17:58Z
NCT01586910,"Safety and Efficacy Study of the Medtronic CoreValve® System in the Treatment of Severe, Symptomatic Aortic Stenosis in Intermediate Risk Subjects Who Need Aortic Valve Replacement (SURTAVI).",Medtronic CoreValve® System TAVI,SURTAVI,Degree of Aortic Valve Regurgitation as an Assessment of Prosthetic Valve Performance,"Using the following measure:

\- Degree of Aortic Valve Regurgitation (Transvalvular and Paravalvular)","discharge, 6 months, 12 months, and 24 months. Data for 3-5 years will be posted once data is complete",35.9,Percentage of participants,863,NUMBER,,True,2026-09-16T12:17:58Z
NCT01586910,"Safety and Efficacy Study of the Medtronic CoreValve® System in the Treatment of Severe, Symptomatic Aortic Stenosis in Intermediate Risk Subjects Who Need Aortic Valve Replacement (SURTAVI).",SAVR,SURTAVI,Degree of Aortic Valve Regurgitation as an Assessment of Prosthetic Valve Performance,"Using the following measure:

\- Degree of Aortic Valve Regurgitation (Transvalvular and Paravalvular)","discharge, 6 months, 12 months, and 24 months. Data for 3-5 years will be posted once data is complete",6.8,Percentage of participants,794,NUMBER,,True,2026-09-16T12:17:58Z
NCT01586910,"Safety and Efficacy Study of the Medtronic CoreValve® System in the Treatment of Severe, Symptomatic Aortic Stenosis in Intermediate Risk Subjects Who Need Aortic Valve Replacement (SURTAVI).",Medtronic CoreValve® System TAVI,SURTAVI,Degree of Aortic Valve Regurgitation as an Assessment of Prosthetic Valve Performance,"Using the following measure:

\- Degree of Aortic Valve Regurgitation (Transvalvular and Paravalvular)","discharge, 6 months, 12 months, and 24 months. Data for 3-5 years will be posted once data is complete",3.2,Percentage of participants,863,NUMBER,,True,2026-09-16T12:17:58Z
NCT01586910,"Safety and Efficacy Study of the Medtronic CoreValve® System in the Treatment of Severe, Symptomatic Aortic Stenosis in Intermediate Risk Subjects Who Need Aortic Valve Replacement (SURTAVI).",SAVR,SURTAVI,Degree of Aortic Valve Regurgitation as an Assessment of Prosthetic Valve Performance,"Using the following measure:

\- Degree of Aortic Valve Regurgitation (Transvalvular and Paravalvular)","discharge, 6 months, 12 months, and 24 months. Data for 3-5 years will be posted once data is complete",0.7,Percentage of participants,794,NUMBER,,True,2026-09-16T12:17:58Z
NCT01586910,"Safety and Efficacy Study of the Medtronic CoreValve® System in the Treatment of Severe, Symptomatic Aortic Stenosis in Intermediate Risk Subjects Who Need Aortic Valve Replacement (SURTAVI).",Medtronic CoreValve® System TAVI,SURTAVI,Degree of Aortic Valve Regurgitation as an Assessment of Prosthetic Valve Performance,"Using the following measure:

\- Degree of Aortic Valve Regurgitation (Transvalvular and Paravalvular)","discharge, 6 months, 12 months, and 24 months. Data for 3-5 years will be posted once data is complete",0.2,Percentage of participants,863,NUMBER,,True,2026-09-16T12:17:58Z
NCT01586910,"Safety and Efficacy Study of the Medtronic CoreValve® System in the Treatment of Severe, Symptomatic Aortic Stenosis in Intermediate Risk Subjects Who Need Aortic Valve Replacement (SURTAVI).",SAVR,SURTAVI,Degree of Aortic Valve Regurgitation as an Assessment of Prosthetic Valve Performance,"Using the following measure:

\- Degree of Aortic Valve Regurgitation (Transvalvular and Paravalvular)","discharge, 6 months, 12 months, and 24 months. Data for 3-5 years will be posted once data is complete",0.0,Percentage of participants,794,NUMBER,,True,2026-09-16T12:17:58Z
NCT01586910,"Safety and Efficacy Study of the Medtronic CoreValve® System in the Treatment of Severe, Symptomatic Aortic Stenosis in Intermediate Risk Subjects Who Need Aortic Valve Replacement (SURTAVI).",Medtronic CoreValve® System TAVI,SURTAVI,Degree of Aortic Valve Regurgitation as an Assessment of Prosthetic Valve Performance,"Using the following measure:

\- Degree of Aortic Valve Regurgitation (Transvalvular and Paravalvular)","discharge, 6 months, 12 months, and 24 months. Data for 3-5 years will be posted once data is complete",28.4,Percentage of participants,863,NUMBER,,True,2026-09-16T12:17:58Z
NCT01586910,"Safety and Efficacy Study of the Medtronic CoreValve® System in the Treatment of Severe, Symptomatic Aortic Stenosis in Intermediate Risk Subjects Who Need Aortic Valve Replacement (SURTAVI).",SAVR,SURTAVI,Degree of Aortic Valve Regurgitation as an Assessment of Prosthetic Valve Performance,"Using the following measure:

\- Degree of Aortic Valve Regurgitation (Transvalvular and Paravalvular)","discharge, 6 months, 12 months, and 24 months. Data for 3-5 years will be posted once data is complete",67.0,Percentage of participants,794,NUMBER,,True,2026-09-16T12:17:58Z
NCT01586910,"Safety and Efficacy Study of the Medtronic CoreValve® System in the Treatment of Severe, Symptomatic Aortic Stenosis in Intermediate Risk Subjects Who Need Aortic Valve Replacement (SURTAVI).",Medtronic CoreValve® System TAVI,SURTAVI,Degree of Aortic Valve Regurgitation as an Assessment of Prosthetic Valve Performance,"Using the following measure:

\- Degree of Aortic Valve Regurgitation (Transvalvular and Paravalvular)","discharge, 6 months, 12 months, and 24 months. Data for 3-5 years will be posted once data is complete",32.2,Percentage of participants,863,NUMBER,,True,2026-09-16T12:17:58Z
NCT01586910,"Safety and Efficacy Study of the Medtronic CoreValve® System in the Treatment of Severe, Symptomatic Aortic Stenosis in Intermediate Risk Subjects Who Need Aortic Valve Replacement (SURTAVI).",SAVR,SURTAVI,Degree of Aortic Valve Regurgitation as an Assessment of Prosthetic Valve Performance,"Using the following measure:

\- Degree of Aortic Valve Regurgitation (Transvalvular and Paravalvular)","discharge, 6 months, 12 months, and 24 months. Data for 3-5 years will be posted once data is complete",24.3,Percentage of participants,794,NUMBER,,True,2026-09-16T12:17:58Z
NCT01586910,"Safety and Efficacy Study of the Medtronic CoreValve® System in the Treatment of Severe, Symptomatic Aortic Stenosis in Intermediate Risk Subjects Who Need Aortic Valve Replacement (SURTAVI).",Medtronic CoreValve® System TAVI,SURTAVI,Degree of Aortic Valve Regurgitation as an Assessment of Prosthetic Valve Performance,"Using the following measure:

\- Degree of Aortic Valve Regurgitation (Transvalvular and Paravalvular)","discharge, 6 months, 12 months, and 24 months. Data for 3-5 years will be posted once data is complete",34.7,Percentage of participants,863,NUMBER,,True,2026-09-16T12:17:58Z
NCT01586910,"Safety and Efficacy Study of the Medtronic CoreValve® System in the Treatment of Severe, Symptomatic Aortic Stenosis in Intermediate Risk Subjects Who Need Aortic Valve Replacement (SURTAVI).",SAVR,SURTAVI,Degree of Aortic Valve Regurgitation as an Assessment of Prosthetic Valve Performance,"Using the following measure:

\- Degree of Aortic Valve Regurgitation (Transvalvular and Paravalvular)","discharge, 6 months, 12 months, and 24 months. Data for 3-5 years will be posted once data is complete",7.8,Percentage of participants,794,NUMBER,,True,2026-09-16T12:17:58Z
NCT01586910,"Safety and Efficacy Study of the Medtronic CoreValve® System in the Treatment of Severe, Symptomatic Aortic Stenosis in Intermediate Risk Subjects Who Need Aortic Valve Replacement (SURTAVI).",Medtronic CoreValve® System TAVI,SURTAVI,Degree of Aortic Valve Regurgitation as an Assessment of Prosthetic Valve Performance,"Using the following measure:

\- Degree of Aortic Valve Regurgitation (Transvalvular and Paravalvular)","discharge, 6 months, 12 months, and 24 months. Data for 3-5 years will be posted once data is complete",4.6,Percentage of participants,863,NUMBER,,True,2026-09-16T12:17:58Z
NCT01586910,"Safety and Efficacy Study of the Medtronic CoreValve® System in the Treatment of Severe, Symptomatic Aortic Stenosis in Intermediate Risk Subjects Who Need Aortic Valve Replacement (SURTAVI).",SAVR,SURTAVI,Degree of Aortic Valve Regurgitation as an Assessment of Prosthetic Valve Performance,"Using the following measure:

\- Degree of Aortic Valve Regurgitation (Transvalvular and Paravalvular)","discharge, 6 months, 12 months, and 24 months. Data for 3-5 years will be posted once data is complete",0.8,Percentage of participants,794,NUMBER,,True,2026-09-16T12:17:58Z
NCT01586910,"Safety and Efficacy Study of the Medtronic CoreValve® System in the Treatment of Severe, Symptomatic Aortic Stenosis in Intermediate Risk Subjects Who Need Aortic Valve Replacement (SURTAVI).",Medtronic CoreValve® System TAVI,SURTAVI,Degree of Aortic Valve Regurgitation as an Assessment of Prosthetic Valve Performance,"Using the following measure:

\- Degree of Aortic Valve Regurgitation (Transvalvular and Paravalvular)","discharge, 6 months, 12 months, and 24 months. Data for 3-5 years will be posted once data is complete",0.1,Percentage of participants,863,NUMBER,,True,2026-09-16T12:17:58Z
NCT01586910,"Safety and Efficacy Study of the Medtronic CoreValve® System in the Treatment of Severe, Symptomatic Aortic Stenosis in Intermediate Risk Subjects Who Need Aortic Valve Replacement (SURTAVI).",SAVR,SURTAVI,Degree of Aortic Valve Regurgitation as an Assessment of Prosthetic Valve Performance,"Using the following measure:

\- Degree of Aortic Valve Regurgitation (Transvalvular and Paravalvular)","discharge, 6 months, 12 months, and 24 months. Data for 3-5 years will be posted once data is complete",0.2,Percentage of participants,794,NUMBER,,True,2026-09-16T12:17:58Z
NCT01586910,"Safety and Efficacy Study of the Medtronic CoreValve® System in the Treatment of Severe, Symptomatic Aortic Stenosis in Intermediate Risk Subjects Who Need Aortic Valve Replacement (SURTAVI).",Medtronic CoreValve® System TAVI,SURTAVI,Degree of Aortic Valve Regurgitation as an Assessment of Prosthetic Valve Performance,"Using the following measure:

\- Degree of Aortic Valve Regurgitation (Transvalvular and Paravalvular)","discharge, 6 months, 12 months, and 24 months. Data for 3-5 years will be posted once data is complete",32.0,Percentage of participants,863,NUMBER,,True,2026-09-16T12:17:58Z
NCT01586910,"Safety and Efficacy Study of the Medtronic CoreValve® System in the Treatment of Severe, Symptomatic Aortic Stenosis in Intermediate Risk Subjects Who Need Aortic Valve Replacement (SURTAVI).",SAVR,SURTAVI,Degree of Aortic Valve Regurgitation as an Assessment of Prosthetic Valve Performance,"Using the following measure:

\- Degree of Aortic Valve Regurgitation (Transvalvular and Paravalvular)","discharge, 6 months, 12 months, and 24 months. Data for 3-5 years will be posted once data is complete",67.6,Percentage of participants,794,NUMBER,,True,2026-09-16T12:17:58Z
NCT01586910,"Safety and Efficacy Study of the Medtronic CoreValve® System in the Treatment of Severe, Symptomatic Aortic Stenosis in Intermediate Risk Subjects Who Need Aortic Valve Replacement (SURTAVI).",Medtronic CoreValve® System TAVI,SURTAVI,Degree of Aortic Valve Regurgitation as an Assessment of Prosthetic Valve Performance,"Using the following measure:

\- Degree of Aortic Valve Regurgitation (Transvalvular and Paravalvular)","discharge, 6 months, 12 months, and 24 months. Data for 3-5 years will be posted once data is complete",28.8,Percentage of participants,863,NUMBER,,True,2026-09-16T12:17:58Z
NCT01586910,"Safety and Efficacy Study of the Medtronic CoreValve® System in the Treatment of Severe, Symptomatic Aortic Stenosis in Intermediate Risk Subjects Who Need Aortic Valve Replacement (SURTAVI).",SAVR,SURTAVI,Degree of Aortic Valve Regurgitation as an Assessment of Prosthetic Valve Performance,"Using the following measure:

\- Degree of Aortic Valve Regurgitation (Transvalvular and Paravalvular)","discharge, 6 months, 12 months, and 24 months. Data for 3-5 years will be posted once data is complete",23.5,Percentage of participants,794,NUMBER,,True,2026-09-16T12:17:58Z
NCT01586910,"Safety and Efficacy Study of the Medtronic CoreValve® System in the Treatment of Severe, Symptomatic Aortic Stenosis in Intermediate Risk Subjects Who Need Aortic Valve Replacement (SURTAVI).",Medtronic CoreValve® System TAVI,SURTAVI,Degree of Aortic Valve Regurgitation as an Assessment of Prosthetic Valve Performance,"Using the following measure:

\- Degree of Aortic Valve Regurgitation (Transvalvular and Paravalvular)","discharge, 6 months, 12 months, and 24 months. Data for 3-5 years will be posted once data is complete",34.1,Percentage of participants,863,NUMBER,,True,2026-09-16T12:17:58Z
NCT01586910,"Safety and Efficacy Study of the Medtronic CoreValve® System in the Treatment of Severe, Symptomatic Aortic Stenosis in Intermediate Risk Subjects Who Need Aortic Valve Replacement (SURTAVI).",SAVR,SURTAVI,Degree of Aortic Valve Regurgitation as an Assessment of Prosthetic Valve Performance,"Using the following measure:

\- Degree of Aortic Valve Regurgitation (Transvalvular and Paravalvular)","discharge, 6 months, 12 months, and 24 months. Data for 3-5 years will be posted once data is complete",8.3,Percentage of participants,794,NUMBER,,True,2026-09-16T12:17:58Z
NCT01586910,"Safety and Efficacy Study of the Medtronic CoreValve® System in the Treatment of Severe, Symptomatic Aortic Stenosis in Intermediate Risk Subjects Who Need Aortic Valve Replacement (SURTAVI).",Medtronic CoreValve® System TAVI,SURTAVI,Degree of Aortic Valve Regurgitation as an Assessment of Prosthetic Valve Performance,"Using the following measure:

\- Degree of Aortic Valve Regurgitation (Transvalvular and Paravalvular)","discharge, 6 months, 12 months, and 24 months. Data for 3-5 years will be posted once data is complete",5.1,Percentage of participants,863,NUMBER,,True,2026-09-16T12:17:58Z
NCT01586910,"Safety and Efficacy Study of the Medtronic CoreValve® System in the Treatment of Severe, Symptomatic Aortic Stenosis in Intermediate Risk Subjects Who Need Aortic Valve Replacement (SURTAVI).",SAVR,SURTAVI,Degree of Aortic Valve Regurgitation as an Assessment of Prosthetic Valve Performance,"Using the following measure:

\- Degree of Aortic Valve Regurgitation (Transvalvular and Paravalvular)","discharge, 6 months, 12 months, and 24 months. Data for 3-5 years will be posted once data is complete",0.7,Percentage of participants,794,NUMBER,,True,2026-09-16T12:17:58Z
NCT01586910,"Safety and Efficacy Study of the Medtronic CoreValve® System in the Treatment of Severe, Symptomatic Aortic Stenosis in Intermediate Risk Subjects Who Need Aortic Valve Replacement (SURTAVI).",Medtronic CoreValve® System TAVI,SURTAVI,Degree of Aortic Valve Regurgitation as an Assessment of Prosthetic Valve Performance,"Using the following measure:

\- Degree of Aortic Valve Regurgitation (Transvalvular and Paravalvular)","discharge, 6 months, 12 months, and 24 months. Data for 3-5 years will be posted once data is complete",0.0,Percentage of participants,863,NUMBER,,True,2026-09-16T12:17:58Z
NCT01586910,"Safety and Efficacy Study of the Medtronic CoreValve® System in the Treatment of Severe, Symptomatic Aortic Stenosis in Intermediate Risk Subjects Who Need Aortic Valve Replacement (SURTAVI).",SAVR,SURTAVI,Degree of Aortic Valve Regurgitation as an Assessment of Prosthetic Valve Performance,"Using the following measure:

\- Degree of Aortic Valve Regurgitation (Transvalvular and Paravalvular)","discharge, 6 months, 12 months, and 24 months. Data for 3-5 years will be posted once data is complete",0.0,Percentage of participants,794,NUMBER,,True,2026-09-16T12:17:58Z
NCT01586910,"Safety and Efficacy Study of the Medtronic CoreValve® System in the Treatment of Severe, Symptomatic Aortic Stenosis in Intermediate Risk Subjects Who Need Aortic Valve Replacement (SURTAVI).",Medtronic CoreValve® System TAVI,SURTAVI,Degree of Aortic Valve Regurgitation as an Assessment of Prosthetic Valve Performance,"Using the following measure:

\- Degree of Aortic Valve Regurgitation (Transvalvular and Paravalvular)","discharge, 6 months, 12 months, and 24 months. Data for 3-5 years will be posted once data is complete",35.1,Percentage of participants,863,NUMBER,,True,2026-09-16T12:17:58Z
NCT01586910,"Safety and Efficacy Study of the Medtronic CoreValve® System in the Treatment of Severe, Symptomatic Aortic Stenosis in Intermediate Risk Subjects Who Need Aortic Valve Replacement (SURTAVI).",SAVR,SURTAVI,Degree of Aortic Valve Regurgitation as an Assessment of Prosthetic Valve Performance,"Using the following measure:

\- Degree of Aortic Valve Regurgitation (Transvalvular and Paravalvular)","discharge, 6 months, 12 months, and 24 months. Data for 3-5 years will be posted once data is complete",67.7,Percentage of participants,794,NUMBER,,True,2026-09-16T12:17:58Z
NCT01586910,"Safety and Efficacy Study of the Medtronic CoreValve® System in the Treatment of Severe, Symptomatic Aortic Stenosis in Intermediate Risk Subjects Who Need Aortic Valve Replacement (SURTAVI).",Medtronic CoreValve® System TAVI,SURTAVI,Degree of Aortic Valve Regurgitation as an Assessment of Prosthetic Valve Performance,"Using the following measure:

\- Degree of Aortic Valve Regurgitation (Transvalvular and Paravalvular)","discharge, 6 months, 12 months, and 24 months. Data for 3-5 years will be posted once data is complete",30.5,Percentage of participants,863,NUMBER,,True,2026-09-16T12:17:58Z
NCT01586910,"Safety and Efficacy Study of the Medtronic CoreValve® System in the Treatment of Severe, Symptomatic Aortic Stenosis in Intermediate Risk Subjects Who Need Aortic Valve Replacement (SURTAVI).",SAVR,SURTAVI,Degree of Aortic Valve Regurgitation as an Assessment of Prosthetic Valve Performance,"Using the following measure:

\- Degree of Aortic Valve Regurgitation (Transvalvular and Paravalvular)","discharge, 6 months, 12 months, and 24 months. Data for 3-5 years will be posted once data is complete",25.3,Percentage of participants,794,NUMBER,,True,2026-09-16T12:17:58Z
NCT01586910,"Safety and Efficacy Study of the Medtronic CoreValve® System in the Treatment of Severe, Symptomatic Aortic Stenosis in Intermediate Risk Subjects Who Need Aortic Valve Replacement (SURTAVI).",Medtronic CoreValve® System TAVI,SURTAVI,Degree of Aortic Valve Regurgitation as an Assessment of Prosthetic Valve Performance,"Using the following measure:

\- Degree of Aortic Valve Regurgitation (Transvalvular and Paravalvular)","discharge, 6 months, 12 months, and 24 months. Data for 3-5 years will be posted once data is complete",30.0,Percentage of participants,863,NUMBER,,True,2026-09-16T12:17:58Z
NCT01586910,"Safety and Efficacy Study of the Medtronic CoreValve® System in the Treatment of Severe, Symptomatic Aortic Stenosis in Intermediate Risk Subjects Who Need Aortic Valve Replacement (SURTAVI).",SAVR,SURTAVI,Degree of Aortic Valve Regurgitation as an Assessment of Prosthetic Valve Performance,"Using the following measure:

\- Degree of Aortic Valve Regurgitation (Transvalvular and Paravalvular)","discharge, 6 months, 12 months, and 24 months. Data for 3-5 years will be posted once data is complete",6.2,Percentage of participants,794,NUMBER,,True,2026-09-16T12:17:58Z
NCT01586910,"Safety and Efficacy Study of the Medtronic CoreValve® System in the Treatment of Severe, Symptomatic Aortic Stenosis in Intermediate Risk Subjects Who Need Aortic Valve Replacement (SURTAVI).",Medtronic CoreValve® System TAVI,SURTAVI,Degree of Aortic Valve Regurgitation as an Assessment of Prosthetic Valve Performance,"Using the following measure:

\- Degree of Aortic Valve Regurgitation (Transvalvular and Paravalvular)","discharge, 6 months, 12 months, and 24 months. Data for 3-5 years will be posted once data is complete",4.2,Percentage of participants,863,NUMBER,,True,2026-09-16T12:17:58Z
NCT01586910,"Safety and Efficacy Study of the Medtronic CoreValve® System in the Treatment of Severe, Symptomatic Aortic Stenosis in Intermediate Risk Subjects Who Need Aortic Valve Replacement (SURTAVI).",SAVR,SURTAVI,Degree of Aortic Valve Regurgitation as an Assessment of Prosthetic Valve Performance,"Using the following measure:

\- Degree of Aortic Valve Regurgitation (Transvalvular and Paravalvular)","discharge, 6 months, 12 months, and 24 months. Data for 3-5 years will be posted once data is complete",0.6,Percentage of participants,794,NUMBER,,True,2026-09-16T12:17:58Z
NCT01586910,"Safety and Efficacy Study of the Medtronic CoreValve® System in the Treatment of Severe, Symptomatic Aortic Stenosis in Intermediate Risk Subjects Who Need Aortic Valve Replacement (SURTAVI).",Medtronic CoreValve® System TAVI,SURTAVI,Degree of Aortic Valve Regurgitation as an Assessment of Prosthetic Valve Performance,"Using the following measure:

\- Degree of Aortic Valve Regurgitation (Transvalvular and Paravalvular)","discharge, 6 months, 12 months, and 24 months. Data for 3-5 years will be posted once data is complete",0.2,Percentage of participants,863,NUMBER,,True,2026-09-16T12:17:58Z
NCT01586910,"Safety and Efficacy Study of the Medtronic CoreValve® System in the Treatment of Severe, Symptomatic Aortic Stenosis in Intermediate Risk Subjects Who Need Aortic Valve Replacement (SURTAVI).",SAVR,SURTAVI,Degree of Aortic Valve Regurgitation as an Assessment of Prosthetic Valve Performance,"Using the following measure:

\- Degree of Aortic Valve Regurgitation (Transvalvular and Paravalvular)","discharge, 6 months, 12 months, and 24 months. Data for 3-5 years will be posted once data is complete",0.2,Percentage of participants,794,NUMBER,,True,2026-09-16T12:17:58Z
NCT01586910,"Safety and Efficacy Study of the Medtronic CoreValve® System in the Treatment of Severe, Symptomatic Aortic Stenosis in Intermediate Risk Subjects Who Need Aortic Valve Replacement (SURTAVI).",Medtronic CoreValve® System TAVI,SURTAVI,Device Success (Medtronic CoreValve® System Subjects Only),"* Absence of procedural mortality
* Correct positioning of a single prosthetic heart valve into the proper anatomical location
* Intended performance of the prosthetic heart valve (no prosthesis-patient mismatch and mean aortic valve gradient \<20 mmHg or peak velocity \<3 m/s, AND no moderate or severe prosthetic valve regurgitation)",Number of days from admission to discharge (expected average of 7 days),77.0,percentage of participants,863,NUMBER,,True,2026-09-16T12:17:58Z
NCT01586910,"Safety and Efficacy Study of the Medtronic CoreValve® System in the Treatment of Severe, Symptomatic Aortic Stenosis in Intermediate Risk Subjects Who Need Aortic Valve Replacement (SURTAVI).",Medtronic CoreValve® System TAVI,SURTAVI,Evidence of Prosthetic Valve Dysfunction (Medtronic CoreValve® System Subjects Only),"Prosthetic Valve Dysfunction (PVD) was defined according to Valve Academic Research Consortium (VARC) II using the Core Lab Echocardiography assessments including aortic regurgitation (AR) and aortic stenosis (AS) evaluations. Total aortic regurgitation (AR) reported as moderate or severe was considered

PVD defined as:

* Mean aortic valve gradient ≥20 mmHg AND ((EOA ≤0.9 cm2 if BSA \<1.6 or ≤1.1 cm2 if BSA ≥1.6) OR DVI \<0. 35 m/s) OR
* moderate or severe total AR","6 months, 12 months, and 24 months. Data for 3-5 years will be posted once data is complete.",6.0,percentage of participants,864,NUMBER,,True,2026-09-16T12:17:58Z
NCT01586910,"Safety and Efficacy Study of the Medtronic CoreValve® System in the Treatment of Severe, Symptomatic Aortic Stenosis in Intermediate Risk Subjects Who Need Aortic Valve Replacement (SURTAVI).",SAVR,SURTAVI,Evidence of Prosthetic Valve Dysfunction (Medtronic CoreValve® System Subjects Only),"Prosthetic Valve Dysfunction (PVD) was defined according to Valve Academic Research Consortium (VARC) II using the Core Lab Echocardiography assessments including aortic regurgitation (AR) and aortic stenosis (AS) evaluations. Total aortic regurgitation (AR) reported as moderate or severe was considered

PVD defined as:

* Mean aortic valve gradient ≥20 mmHg AND ((EOA ≤0.9 cm2 if BSA \<1.6 or ≤1.1 cm2 if BSA ≥1.6) OR DVI \<0. 35 m/s) OR
* moderate or severe total AR","6 months, 12 months, and 24 months. Data for 3-5 years will be posted once data is complete.",4.1,percentage of participants,796,NUMBER,,True,2026-09-16T12:17:58Z
NCT01586910,"Safety and Efficacy Study of the Medtronic CoreValve® System in the Treatment of Severe, Symptomatic Aortic Stenosis in Intermediate Risk Subjects Who Need Aortic Valve Replacement (SURTAVI).",Medtronic CoreValve® System TAVI,SURTAVI,Evidence of Prosthetic Valve Dysfunction (Medtronic CoreValve® System Subjects Only),"Prosthetic Valve Dysfunction (PVD) was defined according to Valve Academic Research Consortium (VARC) II using the Core Lab Echocardiography assessments including aortic regurgitation (AR) and aortic stenosis (AS) evaluations. Total aortic regurgitation (AR) reported as moderate or severe was considered

PVD defined as:

* Mean aortic valve gradient ≥20 mmHg AND ((EOA ≤0.9 cm2 if BSA \<1.6 or ≤1.1 cm2 if BSA ≥1.6) OR DVI \<0. 35 m/s) OR
* moderate or severe total AR","6 months, 12 months, and 24 months. Data for 3-5 years will be posted once data is complete.",6.7,percentage of participants,864,NUMBER,,True,2026-09-16T12:17:58Z
NCT01586910,"Safety and Efficacy Study of the Medtronic CoreValve® System in the Treatment of Severe, Symptomatic Aortic Stenosis in Intermediate Risk Subjects Who Need Aortic Valve Replacement (SURTAVI).",SAVR,SURTAVI,Evidence of Prosthetic Valve Dysfunction (Medtronic CoreValve® System Subjects Only),"Prosthetic Valve Dysfunction (PVD) was defined according to Valve Academic Research Consortium (VARC) II using the Core Lab Echocardiography assessments including aortic regurgitation (AR) and aortic stenosis (AS) evaluations. Total aortic regurgitation (AR) reported as moderate or severe was considered

PVD defined as:

* Mean aortic valve gradient ≥20 mmHg AND ((EOA ≤0.9 cm2 if BSA \<1.6 or ≤1.1 cm2 if BSA ≥1.6) OR DVI \<0. 35 m/s) OR
* moderate or severe total AR","6 months, 12 months, and 24 months. Data for 3-5 years will be posted once data is complete.",6.4,percentage of participants,796,NUMBER,,True,2026-09-16T12:17:58Z
NCT01586910,"Safety and Efficacy Study of the Medtronic CoreValve® System in the Treatment of Severe, Symptomatic Aortic Stenosis in Intermediate Risk Subjects Who Need Aortic Valve Replacement (SURTAVI).",Medtronic CoreValve® System TAVI,SURTAVI,Evidence of Prosthetic Valve Dysfunction (Medtronic CoreValve® System Subjects Only),"Prosthetic Valve Dysfunction (PVD) was defined according to Valve Academic Research Consortium (VARC) II using the Core Lab Echocardiography assessments including aortic regurgitation (AR) and aortic stenosis (AS) evaluations. Total aortic regurgitation (AR) reported as moderate or severe was considered

PVD defined as:

* Mean aortic valve gradient ≥20 mmHg AND ((EOA ≤0.9 cm2 if BSA \<1.6 or ≤1.1 cm2 if BSA ≥1.6) OR DVI \<0. 35 m/s) OR
* moderate or severe total AR","6 months, 12 months, and 24 months. Data for 3-5 years will be posted once data is complete.",6.0,percentage of participants,864,NUMBER,,True,2026-09-16T12:17:58Z
NCT01586910,"Safety and Efficacy Study of the Medtronic CoreValve® System in the Treatment of Severe, Symptomatic Aortic Stenosis in Intermediate Risk Subjects Who Need Aortic Valve Replacement (SURTAVI).",SAVR,SURTAVI,Evidence of Prosthetic Valve Dysfunction (Medtronic CoreValve® System Subjects Only),"Prosthetic Valve Dysfunction (PVD) was defined according to Valve Academic Research Consortium (VARC) II using the Core Lab Echocardiography assessments including aortic regurgitation (AR) and aortic stenosis (AS) evaluations. Total aortic regurgitation (AR) reported as moderate or severe was considered

PVD defined as:

* Mean aortic valve gradient ≥20 mmHg AND ((EOA ≤0.9 cm2 if BSA \<1.6 or ≤1.1 cm2 if BSA ≥1.6) OR DVI \<0. 35 m/s) OR
* moderate or severe total AR","6 months, 12 months, and 24 months. Data for 3-5 years will be posted once data is complete.",5.8,percentage of participants,796,NUMBER,,True,2026-09-16T12:17:58Z
NCT01586910,"Safety and Efficacy Study of the Medtronic CoreValve® System in the Treatment of Severe, Symptomatic Aortic Stenosis in Intermediate Risk Subjects Who Need Aortic Valve Replacement (SURTAVI).",Medtronic CoreValve® System TAVI,SURTAVI,Percentage of Participants With Time-Related Safety,"The VARC II time-related valve safety composite was defined as the rate of valve-related dysfunction (mean aortic valve gradient ≥ 20 mm Hg, EOA ≤ 0.9-1.1 cm2 depending on body surface area and/or DVI \<0.35, AND/ OR moderate or severe prosthetic valve regurgitation), aortic valve reintervention, prosthetic valve endocarditis, prosthetic valve thrombosis, thromboembolic events, and VARC II bleeding events.","30 days, 6 months, 12 months, 18 months, and 24 months. Data for 3-5 years will be posted once data is available.",28.8,percentage of participants,864,NUMBER,,True,2026-09-16T12:17:58Z
NCT01586910,"Safety and Efficacy Study of the Medtronic CoreValve® System in the Treatment of Severe, Symptomatic Aortic Stenosis in Intermediate Risk Subjects Who Need Aortic Valve Replacement (SURTAVI).",SAVR,SURTAVI,Percentage of Participants With Time-Related Safety,"The VARC II time-related valve safety composite was defined as the rate of valve-related dysfunction (mean aortic valve gradient ≥ 20 mm Hg, EOA ≤ 0.9-1.1 cm2 depending on body surface area and/or DVI \<0.35, AND/ OR moderate or severe prosthetic valve regurgitation), aortic valve reintervention, prosthetic valve endocarditis, prosthetic valve thrombosis, thromboembolic events, and VARC II bleeding events.","30 days, 6 months, 12 months, 18 months, and 24 months. Data for 3-5 years will be posted once data is available.",61.7,percentage of participants,796,NUMBER,,True,2026-09-16T12:17:58Z
NCT01586910,"Safety and Efficacy Study of the Medtronic CoreValve® System in the Treatment of Severe, Symptomatic Aortic Stenosis in Intermediate Risk Subjects Who Need Aortic Valve Replacement (SURTAVI).",Medtronic CoreValve® System TAVI,SURTAVI,Percentage of Participants With Time-Related Safety,"The VARC II time-related valve safety composite was defined as the rate of valve-related dysfunction (mean aortic valve gradient ≥ 20 mm Hg, EOA ≤ 0.9-1.1 cm2 depending on body surface area and/or DVI \<0.35, AND/ OR moderate or severe prosthetic valve regurgitation), aortic valve reintervention, prosthetic valve endocarditis, prosthetic valve thrombosis, thromboembolic events, and VARC II bleeding events.","30 days, 6 months, 12 months, 18 months, and 24 months. Data for 3-5 years will be posted once data is available.",38.5,percentage of participants,864,NUMBER,,True,2026-09-16T12:17:58Z
NCT01586910,"Safety and Efficacy Study of the Medtronic CoreValve® System in the Treatment of Severe, Symptomatic Aortic Stenosis in Intermediate Risk Subjects Who Need Aortic Valve Replacement (SURTAVI).",SAVR,SURTAVI,Percentage of Participants With Time-Related Safety,"The VARC II time-related valve safety composite was defined as the rate of valve-related dysfunction (mean aortic valve gradient ≥ 20 mm Hg, EOA ≤ 0.9-1.1 cm2 depending on body surface area and/or DVI \<0.35, AND/ OR moderate or severe prosthetic valve regurgitation), aortic valve reintervention, prosthetic valve endocarditis, prosthetic valve thrombosis, thromboembolic events, and VARC II bleeding events.","30 days, 6 months, 12 months, 18 months, and 24 months. Data for 3-5 years will be posted once data is available.",69.6,percentage of participants,796,NUMBER,,True,2026-09-16T12:17:58Z
NCT01586910,"Safety and Efficacy Study of the Medtronic CoreValve® System in the Treatment of Severe, Symptomatic Aortic Stenosis in Intermediate Risk Subjects Who Need Aortic Valve Replacement (SURTAVI).",Medtronic CoreValve® System TAVI,SURTAVI,Percentage of Participants With Time-Related Safety,"The VARC II time-related valve safety composite was defined as the rate of valve-related dysfunction (mean aortic valve gradient ≥ 20 mm Hg, EOA ≤ 0.9-1.1 cm2 depending on body surface area and/or DVI \<0.35, AND/ OR moderate or severe prosthetic valve regurgitation), aortic valve reintervention, prosthetic valve endocarditis, prosthetic valve thrombosis, thromboembolic events, and VARC II bleeding events.","30 days, 6 months, 12 months, 18 months, and 24 months. Data for 3-5 years will be posted once data is available.",45.1,percentage of participants,864,NUMBER,,True,2026-09-16T12:17:58Z
NCT01586910,"Safety and Efficacy Study of the Medtronic CoreValve® System in the Treatment of Severe, Symptomatic Aortic Stenosis in Intermediate Risk Subjects Who Need Aortic Valve Replacement (SURTAVI).",SAVR,SURTAVI,Percentage of Participants With Time-Related Safety,"The VARC II time-related valve safety composite was defined as the rate of valve-related dysfunction (mean aortic valve gradient ≥ 20 mm Hg, EOA ≤ 0.9-1.1 cm2 depending on body surface area and/or DVI \<0.35, AND/ OR moderate or severe prosthetic valve regurgitation), aortic valve reintervention, prosthetic valve endocarditis, prosthetic valve thrombosis, thromboembolic events, and VARC II bleeding events.","30 days, 6 months, 12 months, 18 months, and 24 months. Data for 3-5 years will be posted once data is available.",72.1,percentage of participants,796,NUMBER,,True,2026-09-16T12:17:58Z
NCT01586910,"Safety and Efficacy Study of the Medtronic CoreValve® System in the Treatment of Severe, Symptomatic Aortic Stenosis in Intermediate Risk Subjects Who Need Aortic Valve Replacement (SURTAVI).",Medtronic CoreValve® System TAVI,SURTAVI,Percentage of Participants With Time-Related Safety,"The VARC II time-related valve safety composite was defined as the rate of valve-related dysfunction (mean aortic valve gradient ≥ 20 mm Hg, EOA ≤ 0.9-1.1 cm2 depending on body surface area and/or DVI \<0.35, AND/ OR moderate or severe prosthetic valve regurgitation), aortic valve reintervention, prosthetic valve endocarditis, prosthetic valve thrombosis, thromboembolic events, and VARC II bleeding events.","30 days, 6 months, 12 months, 18 months, and 24 months. Data for 3-5 years will be posted once data is available.",42.1,percentage of participants,864,NUMBER,,True,2026-09-16T12:17:58Z
NCT01586910,"Safety and Efficacy Study of the Medtronic CoreValve® System in the Treatment of Severe, Symptomatic Aortic Stenosis in Intermediate Risk Subjects Who Need Aortic Valve Replacement (SURTAVI).",SAVR,SURTAVI,Percentage of Participants With Time-Related Safety,"The VARC II time-related valve safety composite was defined as the rate of valve-related dysfunction (mean aortic valve gradient ≥ 20 mm Hg, EOA ≤ 0.9-1.1 cm2 depending on body surface area and/or DVI \<0.35, AND/ OR moderate or severe prosthetic valve regurgitation), aortic valve reintervention, prosthetic valve endocarditis, prosthetic valve thrombosis, thromboembolic events, and VARC II bleeding events.","30 days, 6 months, 12 months, 18 months, and 24 months. Data for 3-5 years will be posted once data is available.",67.8,percentage of participants,796,NUMBER,,True,2026-09-16T12:17:58Z
NCT01586910,"Safety and Efficacy Study of the Medtronic CoreValve® System in the Treatment of Severe, Symptomatic Aortic Stenosis in Intermediate Risk Subjects Who Need Aortic Valve Replacement (SURTAVI).",Medtronic CoreValve® System TAVI,SURTAVI,Percentage of Participants With Time-Related Safety,"The VARC II time-related valve safety composite was defined as the rate of valve-related dysfunction (mean aortic valve gradient ≥ 20 mm Hg, EOA ≤ 0.9-1.1 cm2 depending on body surface area and/or DVI \<0.35, AND/ OR moderate or severe prosthetic valve regurgitation), aortic valve reintervention, prosthetic valve endocarditis, prosthetic valve thrombosis, thromboembolic events, and VARC II bleeding events.","30 days, 6 months, 12 months, 18 months, and 24 months. Data for 3-5 years will be posted once data is available.",53.0,percentage of participants,864,NUMBER,,True,2026-09-16T12:17:58Z
NCT01586910,"Safety and Efficacy Study of the Medtronic CoreValve® System in the Treatment of Severe, Symptomatic Aortic Stenosis in Intermediate Risk Subjects Who Need Aortic Valve Replacement (SURTAVI).",SAVR,SURTAVI,Percentage of Participants With Time-Related Safety,"The VARC II time-related valve safety composite was defined as the rate of valve-related dysfunction (mean aortic valve gradient ≥ 20 mm Hg, EOA ≤ 0.9-1.1 cm2 depending on body surface area and/or DVI \<0.35, AND/ OR moderate or severe prosthetic valve regurgitation), aortic valve reintervention, prosthetic valve endocarditis, prosthetic valve thrombosis, thromboembolic events, and VARC II bleeding events.","30 days, 6 months, 12 months, 18 months, and 24 months. Data for 3-5 years will be posted once data is available.",77.3,percentage of participants,796,NUMBER,,True,2026-09-16T12:17:58Z
NCT02701283,Medtronic Evolut Transcatheter Aortic Valve Replacement in Low Risk Patients,Randomized Controlled Trial - Medtronic TAVR Systems,Evolut Low Risk,Prosthetic Valve Thrombosis at 1 Year,The rate of prosthetic valve thrombosis at 1 year,1 year,0.3,Percent of participants (K-M rate),730,NUMBER,,True,2026-09-16T12:17:58Z
NCT02701283,Medtronic Evolut Transcatheter Aortic Valve Replacement in Low Risk Patients,Randomized Controlled Trial - SAVR,Evolut Low Risk,Prosthetic Valve Thrombosis at 1 Year,The rate of prosthetic valve thrombosis at 1 year,1 year,0.2,Percent of participants (K-M rate),684,NUMBER,,True,2026-09-16T12:17:58Z
NCT02701283,Medtronic Evolut Transcatheter Aortic Valve Replacement in Low Risk Patients,Continued Access Study - Medtronic TAVR Systems,Evolut Low Risk,Prosthetic Valve Thrombosis at 1 Year,The rate of prosthetic valve thrombosis at 1 year,1 year,0.0,Percent of participants (K-M rate),745,NUMBER,,True,2026-09-16T12:17:58Z
NCT02701283,Medtronic Evolut Transcatheter Aortic Valve Replacement in Low Risk Patients,Medtronic TAVR Systems,Evolut Low Risk,"Valve-related Dysfunction (Moderate or Severe Stenosis or Regurgitation) at 1 Year, Randomized Controlled Trial","Stenosis (moderate or severe)

Any of the following:

1. Peak aortic velocity \>4 m/s OR mean aortic gradient \>40 mmHg, AND EOA \<0.8 cm2
2. Peak aortic velocity \>4 m/s OR mean aortic gradient \>40 mmHg, AND EOA ≥0.8 cm2, and DVI \<0.25
3. Peak aortic velocity ≤4 m/s and mean aortic gradient ≤ 40 mmHg, AND EOA \<0.8 cm2, and DVI \<0.25

Regurgitation (moderate or severe)

Any of the following:

1. Moderate or Severe Total Regurgitation
2. Moderate or Severe Paravalvular Regurgitation
3. Modera",1 year,0.2,Percent of participants,727,NUMBER,,True,2026-09-16T12:17:58Z
NCT02701283,Medtronic Evolut Transcatheter Aortic Valve Replacement in Low Risk Patients,SAVR,Evolut Low Risk,"Valve-related Dysfunction (Moderate or Severe Stenosis or Regurgitation) at 1 Year, Randomized Controlled Trial","Stenosis (moderate or severe)

Any of the following:

1. Peak aortic velocity \>4 m/s OR mean aortic gradient \>40 mmHg, AND EOA \<0.8 cm2
2. Peak aortic velocity \>4 m/s OR mean aortic gradient \>40 mmHg, AND EOA ≥0.8 cm2, and DVI \<0.25
3. Peak aortic velocity ≤4 m/s and mean aortic gradient ≤ 40 mmHg, AND EOA \<0.8 cm2, and DVI \<0.25

Regurgitation (moderate or severe)

Any of the following:

1. Moderate or Severe Total Regurgitation
2. Moderate or Severe Paravalvular Regurgitation
3. Modera",1 year,0.4,Percent of participants,686,NUMBER,,True,2026-09-16T12:17:58Z
NCT02701283,Medtronic Evolut Transcatheter Aortic Valve Replacement in Low Risk Patients,Medtronic TAVR Systems,Evolut Low Risk,"Valve-related Dysfunction (Moderate or Severe Stenosis or Regurgitation) at 1 Year, Randomized Controlled Trial","Stenosis (moderate or severe)

Any of the following:

1. Peak aortic velocity \>4 m/s OR mean aortic gradient \>40 mmHg, AND EOA \<0.8 cm2
2. Peak aortic velocity \>4 m/s OR mean aortic gradient \>40 mmHg, AND EOA ≥0.8 cm2, and DVI \<0.25
3. Peak aortic velocity ≤4 m/s and mean aortic gradient ≤ 40 mmHg, AND EOA \<0.8 cm2, and DVI \<0.25

Regurgitation (moderate or severe)

Any of the following:

1. Moderate or Severe Total Regurgitation
2. Moderate or Severe Paravalvular Regurgitation
3. Modera",1 year,4.3,Percent of participants,727,NUMBER,,True,2026-09-16T12:17:58Z
NCT02701283,Medtronic Evolut Transcatheter Aortic Valve Replacement in Low Risk Patients,SAVR,Evolut Low Risk,"Valve-related Dysfunction (Moderate or Severe Stenosis or Regurgitation) at 1 Year, Randomized Controlled Trial","Stenosis (moderate or severe)

Any of the following:

1. Peak aortic velocity \>4 m/s OR mean aortic gradient \>40 mmHg, AND EOA \<0.8 cm2
2. Peak aortic velocity \>4 m/s OR mean aortic gradient \>40 mmHg, AND EOA ≥0.8 cm2, and DVI \<0.25
3. Peak aortic velocity ≤4 m/s and mean aortic gradient ≤ 40 mmHg, AND EOA \<0.8 cm2, and DVI \<0.25

Regurgitation (moderate or severe)

Any of the following:

1. Moderate or Severe Total Regurgitation
2. Moderate or Severe Paravalvular Regurgitation
3. Modera",1 year,1.3,Percent of participants,686,NUMBER,,True,2026-09-16T12:17:58Z
NCT02701283,Medtronic Evolut Transcatheter Aortic Valve Replacement in Low Risk Patients,Medtronic TAVR Systems,Evolut Low Risk,"Hemodynamic Performance Metrics by Doppler Echocardiography: Percent of Participants With Degrees of Total Prosthetic Valve Regurgitation at 1 Year, Randomized Controlled Trial",Reporting of prosthetic valve hemodynamic performance by degree of total prosthetic valve regurgitation,1 year,39.4,Percent of participants,727,NUMBER,,True,2026-09-16T12:17:58Z
NCT02701283,Medtronic Evolut Transcatheter Aortic Valve Replacement in Low Risk Patients,SAVR,Evolut Low Risk,"Hemodynamic Performance Metrics by Doppler Echocardiography: Percent of Participants With Degrees of Total Prosthetic Valve Regurgitation at 1 Year, Randomized Controlled Trial",Reporting of prosthetic valve hemodynamic performance by degree of total prosthetic valve regurgitation,1 year,72.2,Percent of participants,686,NUMBER,,True,2026-09-16T12:17:58Z
NCT02701283,Medtronic Evolut Transcatheter Aortic Valve Replacement in Low Risk Patients,Medtronic TAVR Systems,Evolut Low Risk,"Hemodynamic Performance Metrics by Doppler Echocardiography: Percent of Participants With Degrees of Total Prosthetic Valve Regurgitation at 1 Year, Randomized Controlled Trial",Reporting of prosthetic valve hemodynamic performance by degree of total prosthetic valve regurgitation,1 year,23.5,Percent of participants,727,NUMBER,,True,2026-09-16T12:17:58Z
NCT02701283,Medtronic Evolut Transcatheter Aortic Valve Replacement in Low Risk Patients,SAVR,Evolut Low Risk,"Hemodynamic Performance Metrics by Doppler Echocardiography: Percent of Participants With Degrees of Total Prosthetic Valve Regurgitation at 1 Year, Randomized Controlled Trial",Reporting of prosthetic valve hemodynamic performance by degree of total prosthetic valve regurgitation,1 year,19.3,Percent of participants,686,NUMBER,,True,2026-09-16T12:17:58Z
NCT02701283,Medtronic Evolut Transcatheter Aortic Valve Replacement in Low Risk Patients,Medtronic TAVR Systems,Evolut Low Risk,"Hemodynamic Performance Metrics by Doppler Echocardiography: Percent of Participants With Degrees of Total Prosthetic Valve Regurgitation at 1 Year, Randomized Controlled Trial",Reporting of prosthetic valve hemodynamic performance by degree of total prosthetic valve regurgitation,1 year,32.9,Percent of participants,727,NUMBER,,True,2026-09-16T12:17:58Z
NCT02701283,Medtronic Evolut Transcatheter Aortic Valve Replacement in Low Risk Patients,SAVR,Evolut Low Risk,"Hemodynamic Performance Metrics by Doppler Echocardiography: Percent of Participants With Degrees of Total Prosthetic Valve Regurgitation at 1 Year, Randomized Controlled Trial",Reporting of prosthetic valve hemodynamic performance by degree of total prosthetic valve regurgitation,1 year,7.2,Percent of participants,686,NUMBER,,True,2026-09-16T12:17:58Z
NCT02701283,Medtronic Evolut Transcatheter Aortic Valve Replacement in Low Risk Patients,Medtronic TAVR Systems,Evolut Low Risk,"Hemodynamic Performance Metrics by Doppler Echocardiography: Percent of Participants With Degrees of Total Prosthetic Valve Regurgitation at 1 Year, Randomized Controlled Trial",Reporting of prosthetic valve hemodynamic performance by degree of total prosthetic valve regurgitation,1 year,4.1,Percent of participants,727,NUMBER,,True,2026-09-16T12:17:58Z
NCT02701283,Medtronic Evolut Transcatheter Aortic Valve Replacement in Low Risk Patients,SAVR,Evolut Low Risk,"Hemodynamic Performance Metrics by Doppler Echocardiography: Percent of Participants With Degrees of Total Prosthetic Valve Regurgitation at 1 Year, Randomized Controlled Trial",Reporting of prosthetic valve hemodynamic performance by degree of total prosthetic valve regurgitation,1 year,1.3,Percent of participants,686,NUMBER,,True,2026-09-16T12:17:58Z
NCT02701283,Medtronic Evolut Transcatheter Aortic Valve Replacement in Low Risk Patients,Medtronic TAVR Systems,Evolut Low Risk,"Hemodynamic Performance Metrics by Doppler Echocardiography: Percent of Participants With Degrees of Total Prosthetic Valve Regurgitation at 1 Year, Randomized Controlled Trial",Reporting of prosthetic valve hemodynamic performance by degree of total prosthetic valve regurgitation,1 year,0.1,Percent of participants,727,NUMBER,,True,2026-09-16T12:17:58Z
NCT02701283,Medtronic Evolut Transcatheter Aortic Valve Replacement in Low Risk Patients,SAVR,Evolut Low Risk,"Hemodynamic Performance Metrics by Doppler Echocardiography: Percent of Participants With Degrees of Total Prosthetic Valve Regurgitation at 1 Year, Randomized Controlled Trial",Reporting of prosthetic valve hemodynamic performance by degree of total prosthetic valve regurgitation,1 year,0.0,Percent of participants,686,NUMBER,,True,2026-09-16T12:17:58Z
NCT02701283,Medtronic Evolut Transcatheter Aortic Valve Replacement in Low Risk Patients,Medtronic TAVR Systems,Evolut Low Risk,"Hemodynamic Performance Metrics by Doppler Echocardiography at 1 Year, Randomized Controlled Trial Effective Orifice Area (EOA) at 1 Year",Reporting of prosthetic valve hemodynamic performance by EOA,1 year,2.23,cm2,727,MEAN,,True,2026-09-16T12:17:58Z
NCT02701283,Medtronic Evolut Transcatheter Aortic Valve Replacement in Low Risk Patients,SAVR,Evolut Low Risk,"Hemodynamic Performance Metrics by Doppler Echocardiography at 1 Year, Randomized Controlled Trial Effective Orifice Area (EOA) at 1 Year",Reporting of prosthetic valve hemodynamic performance by EOA,1 year,1.96,cm2,686,MEAN,,True,2026-09-16T12:17:58Z
NCT02701283,Medtronic Evolut Transcatheter Aortic Valve Replacement in Low Risk Patients,Medtronic TAVR Systems,Evolut Low Risk,"Hemodynamic Performance Metrics by Doppler Echocardiography at 1 Year, Randomized Controlled Trial Mean Aortic Gradient at 1 Year",Reporting of prosthetic valve hemodynamic performance by transvalvular mean aortic gradient,1 year,8.74,mmHG,727,MEAN,,False,2026-09-16T12:17:58Z
NCT02701283,Medtronic Evolut Transcatheter Aortic Valve Replacement in Low Risk Patients,SAVR,Evolut Low Risk,"Hemodynamic Performance Metrics by Doppler Echocardiography at 1 Year, Randomized Controlled Trial Mean Aortic Gradient at 1 Year",Reporting of prosthetic valve hemodynamic performance by transvalvular mean aortic gradient,1 year,11.27,mmHG,686,MEAN,,False,2026-09-16T12:17:58Z
NCT02701283,Medtronic Evolut Transcatheter Aortic Valve Replacement in Low Risk Patients,Randomized Controlled Trial - Medtronic TAVR Systems,Evolut Low Risk,Efficacy: Device Success Rate,"Assessment of procedural effectiveness by meeting all of the following device success criteria:

* Absence of procedural mortality, AND
* Correct positioning of a single prosthetic heart valve into the proper anatomical location, AND
* Absence of moderate or severe total prosthetic valve regurgitation (at 18 hours to 7 days)",Hospital discharge or 7 days post-procedure (whichever occurs first),85.3,Percent of participants,727,NUMBER,,True,2026-09-16T12:17:58Z
NCT02701283,Medtronic Evolut Transcatheter Aortic Valve Replacement in Low Risk Patients,Continued Access Study - Medtronic TAVR Systems,Evolut Low Risk,Efficacy: Device Success Rate,"Assessment of procedural effectiveness by meeting all of the following device success criteria:

* Absence of procedural mortality, AND
* Correct positioning of a single prosthetic heart valve into the proper anatomical location, AND
* Absence of moderate or severe total prosthetic valve regurgitation (at 18 hours to 7 days)",Hospital discharge or 7 days post-procedure (whichever occurs first),98.1,Percent of participants,745,NUMBER,,True,2026-09-16T12:17:58Z
